frame,train_track_id,train_conf,train_bbox,assigned_track,overlap
0,1,0.8171399235725403,"[588.0496215820312, 627.3148193359375, 806.9064331054688, 872.5496215820312]",voie2,0.0378
1,1,0.817313015460968,"[587.9834594726562, 625.054931640625, 802.251220703125, 876.7510986328125]",voie2,0.0511
2,1,0.8122197389602661,"[592.6458129882812, 625.240478515625, 798.4137573242188, 874.56787109375]",voie2,0.0488
3,1,0.8125895857810974,"[594.7631225585938, 625.554443359375, 797.6671142578125, 873.9542236328125]",voie2,0.0477
4,1,0.801895797252655,"[599.2727661132812, 626.6353149414062, 798.4984741210938, 874.138916015625]",voie2,0.0344
5,1,0.8025450706481934,"[600.704345703125, 626.398681640625, 798.8952026367188, 873.6445922851562]",voie2,0.0332
6,1,0.8122659921646118,"[595.1863403320312, 625.895751953125, 799.117431640625, 878.2217407226562]",voie2,0.0431
7,1,0.8119725584983826,"[592.8056030273438, 625.6350708007812, 798.8382568359375, 879.765869140625]",voie2,0.0469
8,1,0.8202425241470337,"[586.9473266601562, 623.6281127929688, 797.4882202148438, 878.5418701171875]",voie2,0.045
9,1,0.8201280236244202,"[585.3966064453125, 623.7399291992188, 797.5650634765625, 878.7900390625]",voie2,0.0451
10,1,0.8231961727142334,"[584.8104248046875, 623.2091674804688, 800.336181640625, 880.0198974609375]",voie2,0.0549
11,1,0.8233668208122253,"[583.9772338867188, 622.8817749023438, 800.8970947265625, 880.2022705078125]",voie2,0.0556
12,1,0.8175428509712219,"[584.9421997070312, 623.8158569335938, 798.7311401367188, 877.0103149414062]",voie2,0.0497
13,1,0.8174636960029602,"[585.4593505859375, 624.1841430664062, 798.1556396484375, 875.8071899414062]",voie2,0.0459
14,1,0.8184419274330139,"[583.2283935546875, 624.4846801757812, 797.713623046875, 875.9369506835938]",voie2,0.0505
15,1,0.8183362483978271,"[582.522705078125, 624.3917236328125, 797.5425415039062, 875.80615234375]",voie2,0.0499
16,1,0.822022020816803,"[582.1192016601562, 623.4896850585938, 797.5331420898438, 876.4884643554688]",voie2,0.053
17,1,0.8220369219779968,"[582.1702270507812, 623.2830200195312, 797.6841430664062, 876.8817138671875]",voie2,0.054
18,1,0.8183397650718689,"[580.540771484375, 622.1805419921875, 795.454833984375, 876.919189453125]",voie1,0.0413
19,1,0.8184763789176941,"[579.8576049804688, 622.115478515625, 794.6690063476562, 877.2997436523438]",voie1,0.0421
20,1,0.8229567408561707,"[578.624755859375, 621.2670288085938, 794.9930419921875, 879.6236572265625]",voie2,0.0446
21,1,0.8220922350883484,"[577.8905639648438, 620.9486694335938, 794.6756591796875, 879.7194213867188]",voie2,0.0445
22,1,0.816291093826294,"[576.6470947265625, 621.37890625, 792.0133666992188, 877.1317749023438]",voie1,0.0438
23,1,0.8165556192398071,"[576.563720703125, 621.802734375, 791.5042724609375, 876.4058837890625]",voie1,0.0432
24,1,0.8199570775032043,"[578.2041625976562, 622.034423828125, 792.5824584960938, 874.1620483398438]",voie2,0.0427
25,1,0.8198635578155518,"[578.944580078125, 622.2069091796875, 793.0957641601562, 873.3624877929688]",voie2,0.0407
26,1,0.8219889998435974,"[575.3895263671875, 620.7719116210938, 787.9837036132812, 875.7066040039062]",voie1,0.0424
27,1,0.8217028975486755,"[573.5809936523438, 620.5208740234375, 785.617431640625, 876.8591918945312]",voie1,0.045
28,1,0.8162735104560852,"[574.64208984375, 619.8892822265625, 789.2578125, 877.1239624023438]",voie1,0.0459
29,1,0.8161458373069763,"[575.585205078125, 619.7108154296875, 791.0582275390625, 877.2831420898438]",voie1,0.0452
30,1,0.8126599788665771,"[577.2418823242188, 620.841796875, 788.4866333007812, 876.1121215820312]",voie1,0.0421
31,1,0.8126536011695862,"[578.15087890625, 620.950439453125, 787.7503662109375, 875.3432006835938]",voie1,0.0412
32,1,0.8143483996391296,"[576.2915649414062, 620.8550415039062, 789.687255859375, 876.802490234375]",voie1,0.0438
33,1,0.8142710328102112,"[575.1926879882812, 620.6815185546875, 789.993896484375, 877.2557373046875]",voie1,0.0446
34,1,0.8221060037612915,"[572.5850219726562, 622.4702758789062, 786.6846313476562, 874.3619995117188]",voie1,0.0413
35,1,0.8221569657325745,"[571.6466674804688, 623.3831176757812, 785.412841796875, 873.41455078125]",voie1,0.041
36,1,0.8166799545288086,"[573.9270629882812, 621.2034301757812, 790.1421508789062, 875.5119018554688]",voie1,0.0412
37,1,0.8167856931686401,"[574.4710083007812, 620.2119750976562, 791.627685546875, 876.248046875]",voie1,0.0414
38,1,0.8154146075248718,"[572.7496948242188, 620.6263427734375, 788.7195434570312, 876.71728515625]",voie1,0.044
39,1,0.8153358101844788,"[572.7115478515625, 620.7962646484375, 788.0081787109375, 876.9202880859375]",voie1,0.0444
40,1,0.8179144859313965,"[571.037109375, 622.2377319335938, 786.9988403320312, 872.4104614257812]",voie1,0.0398
41,1,0.8184434771537781,"[570.1271362304688, 623.1148681640625, 786.3881225585938, 870.9802856445312]",voie1,0.0385
42,1,0.8202193379402161,"[571.039306640625, 621.328125, 788.65966796875, 877.094482421875]",voie1,0.044
43,1,0.820331335067749,"[571.3670654296875, 620.3843994140625, 789.5809326171875, 879.0287475585938]",voie1,0.0456
44,1,0.8168254494667053,"[571.4608154296875, 619.510009765625, 790.06787109375, 879.484130859375]",voie1,0.045
45,1,0.8168034553527832,"[571.6611328125, 619.1243896484375, 790.2684326171875, 879.5853881835938]",voie1,0.0449
46,1,0.8181523084640503,"[573.2816162109375, 618.571044921875, 791.6011352539062, 879.698486328125]",voie1,0.0461
47,1,0.817993700504303,"[573.481201171875, 618.2293701171875, 791.740966796875, 879.6913452148438]",voie2,0.046
48,1,0.8259336352348328,"[569.4447631835938, 616.6986694335938, 794.6619262695312, 882.1669311523438]",voie1,0.0475
49,1,0.8262150287628174,"[568.5455322265625, 615.915771484375, 796.3106689453125, 882.9758911132812]",voie2,0.0488
50,1,0.8293775916099548,"[570.0093383789062, 616.3701782226562, 797.3372802734375, 881.42333984375]",voie2,0.049
51,1,0.82961106300354,"[570.3561401367188, 616.8763427734375, 797.414306640625, 881.1613159179688]",voie2,0.0485
52,1,0.82485032081604,"[568.7276611328125, 617.3718872070312, 795.455078125, 880.0243530273438]",voie1,0.0463
53,1,0.8249478936195374,"[568.5548095703125, 617.656982421875, 795.0194091796875, 879.689208984375]",voie1,0.0463
54,1,0.827125608921051,"[568.1378784179688, 616.8570556640625, 796.505615234375, 879.3744506835938]",voie1,0.0479
55,1,0.8270278573036194,"[568.1317138671875, 616.80078125, 797.12890625, 879.4827880859375]",voie1,0.0477
56,1,0.8273493051528931,"[567.174072265625, 616.7887573242188, 797.3779907226562, 883.732666015625]",voie2,0.0487
57,1,0.8274412751197815,"[566.5862426757812, 615.943115234375, 797.23193359375, 884.5162963867188]",voie2,0.0502
58,1,0.8276574611663818,"[565.8063354492188, 616.2642211914062, 797.6986694335938, 881.0364379882812]",voie1,0.0466
59,1,0.8283973336219788,"[565.2366943359375, 616.6162109375, 797.794921875, 880.0029296875]",voie1,0.0457
60,1,0.8226296305656433,"[569.0999755859375, 616.4874267578125, 796.90869140625, 878.4830322265625]",voie1,0.0448
61,1,0.8228334784507751,"[570.2421875, 616.6712646484375, 796.3115844726562, 878.148193359375]",voie1,0.0441
62,1,0.8239116072654724,"[567.8507080078125, 616.7113647460938, 795.3870849609375, 883.4930419921875]",voie2,0.0494
63,1,0.8238673806190491,"[567.1551513671875, 616.062744140625, 795.2440795898438, 884.8804931640625]",voie2,0.0523
64,1,0.8229755759239197,"[570.8428344726562, 615.5985107421875, 797.1412353515625, 885.4627075195312]",voie2,0.0532
65,1,0.8226677179336548,"[571.9503173828125, 615.3956909179688, 797.3974609375, 885.7249145507812]",voie2,0.054
66,1,0.8192667365074158,"[570.2713623046875, 616.6638793945312, 796.5901489257812, 876.2740478515625]",voie1,0.0401
67,1,0.8189792037010193,"[569.705078125, 617.5752563476562, 796.2402954101562, 873.0032348632812]",voie1,0.0371
68,1,0.8265808820724487,"[569.1784057617188, 616.8395385742188, 796.7435913085938, 880.8995361328125]",voie1,0.0437
69,1,0.8267987966537476,"[569.0213623046875, 616.1724243164062, 797.0617065429688, 883.4630126953125]",voie2,0.0487
70,1,0.8253186941146851,"[567.6807250976562, 615.9736938476562, 796.5503540039062, 885.259765625]",voie2,0.0526
71,1,0.8252046704292297,"[567.0928955078125, 615.6345825195312, 796.317626953125, 885.677001953125]",voie2,0.0532
72,1,0.8212160468101501,"[554.9230346679688, 616.0447387695312, 794.7778930664062, 880.8107299804688]",voie1,0.0525
73,1,0.8215858340263367,"[550.593994140625, 616.820068359375, 794.5188598632812, 879.562744140625]",voie1,0.0525
74,1,0.8215749263763428,"[564.2695922851562, 615.8526611328125, 797.8247680664062, 882.407958984375]",voie1,0.0556
75,1,0.821552574634552,"[568.891845703125, 615.87060546875, 798.333984375, 883.8129272460938]",voie1,0.0554
76,1,0.8188441395759583,"[570.1083374023438, 615.4158325195312, 798.3993530273438, 882.5217895507812]",voie1,0.0564
77,1,0.8190656304359436,"[570.5388793945312, 615.3262939453125, 798.4050903320312, 882.2014770507812]",voie1,0.0557
78,1,0.8235350847244263,"[563.1945190429688, 616.9267578125, 797.4537353515625, 880.411376953125]",voie1,0.0475
79,1,0.823390781879425,"[561.0459594726562, 617.2036743164062, 797.5388793945312, 879.4239501953125]",voie1,0.0474
80,1,0.8239340782165527,"[551.51708984375, 618.2493896484375, 796.3093872070312, 874.1603393554688]",voie1,0.0435
81,1,0.8239051103591919,"[548.3048095703125, 618.2701416015625, 796.1171264648438, 871.8311767578125]",voie1,0.0413
82,1,0.8236913681030273,"[559.4279174804688, 616.2837524414062, 798.750244140625, 879.0830688476562]",voie1,0.0472
83,1,0.8237519264221191,"[562.8804931640625, 615.6392211914062, 798.8438110351562, 881.8593139648438]",voie1,0.0491
84,1,0.8237407207489014,"[555.8836059570312, 615.6782836914062, 798.5787353515625, 877.9575805664062]",voie1,0.0523
85,1,0.8235659599304199,"[553.9317016601562, 616.3585205078125, 798.9334716796875, 876.96826171875]",voie1,0.0517
86,1,0.827321469783783,"[550.923095703125, 617.1437377929688, 798.5364379882812, 881.3572387695312]",voie1,0.0499
87,1,0.8274641633033752,"[549.9904174804688, 616.6502685546875, 798.569091796875, 882.2020263671875]",voie1,0.0511
88,1,0.8254686594009399,"[549.970458984375, 615.8770751953125, 799.6625366210938, 880.17236328125]",voie1,0.0517
89,1,0.8252817988395691,"[549.8219604492188, 615.8152465820312, 799.7875366210938, 880.8311157226562]",voie1,0.0527
90,1,0.830310583114624,"[547.7137451171875, 616.6730346679688, 799.6807250976562, 882.8470458984375]",voie1,0.0543
91,1,0.8303278684616089,"[547.1715698242188, 616.533935546875, 799.7869262695312, 883.1369018554688]",voie1,0.0545
92,1,0.8298159837722778,"[544.002197265625, 617.5756225585938, 797.2696533203125, 878.8673095703125]",voie1,0.0496
93,1,0.8298794031143188,"[543.0716552734375, 617.6729736328125, 796.5515747070312, 876.923095703125]",voie1,0.0476
94,1,0.830100417137146,"[543.7430419921875, 616.922607421875, 799.6942138671875, 880.7181396484375]",voie1,0.0522
95,1,0.8301844596862793,"[544.06640625, 616.8326416015625, 800.940673828125, 882.355712890625]",voie1,0.0536
96,1,0.8281453251838684,"[544.9638061523438, 617.1607055664062, 801.2542114257812, 877.1446533203125]",voie1,0.0476
97,1,0.8279619812965393,"[545.1597900390625, 617.6088256835938, 801.1593017578125, 875.3602294921875]",voie1,0.0453
98,1,0.8325870037078857,"[546.7406616210938, 616.6848754882812, 803.1622314453125, 873.0175170898438]",voie1,0.0416
99,1,0.8267775177955627,"[546.82080078125, 615.758056640625, 803.894775390625, 878.5433349609375]",voie1,0.049
100,1,0.8203758597373962,"[543.8033447265625, 616.1310424804688, 799.0221557617188, 880.9718627929688]",voie1,0.0501
101,1,0.8199819326400757,"[543.693359375, 616.0468139648438, 798.0205688476562, 881.6300659179688]",voie1,0.051
102,1,0.8289216160774231,"[544.9405517578125, 618.221923828125, 798.7865600585938, 877.7960205078125]",voie1,0.0416
103,1,0.8285545110702515,"[545.0274658203125, 618.5006713867188, 798.3934936523438, 875.5311279296875]",voie1,0.0382
104,1,0.818541407585144,"[548.3993530273438, 615.4934692382812, 799.634033203125, 878.3311157226562]",voie1,0.051
105,1,0.8184271454811096,"[548.8701782226562, 615.080810546875, 799.2537841796875, 880.052978515625]",voie1,0.0531
106,1,0.8195633888244629,"[546.1978149414062, 615.4276123046875, 797.7615356445312, 881.6541748046875]",voie1,0.0537
107,1,0.8195814490318298,"[545.6307983398438, 615.3185424804688, 797.6459350585938, 881.9912109375]",voie1,0.0544
108,1,0.8180795311927795,"[546.3276977539062, 615.8185424804688, 797.787841796875, 884.0475463867188]",voie1,0.0532
109,1,0.8177852630615234,"[546.2876586914062, 615.5057373046875, 797.6317138671875, 884.2791748046875]",voie1,0.0534
110,1,0.8186163902282715,"[549.0740966796875, 614.2715454101562, 798.5536499023438, 883.354248046875]",voie1,0.0546
111,1,0.8183691501617432,"[549.50732421875, 614.4451293945312, 798.2938232421875, 883.480224609375]",voie1,0.0547
112,1,0.8151082396507263,"[546.7888793945312, 615.182861328125, 796.3473510742188, 882.9829711914062]",voie1,0.0521
113,1,0.8149822950363159,"[546.5165405273438, 615.1918334960938, 796.3375854492188, 882.4638061523438]",voie1,0.0517
114,1,0.8238613605499268,"[548.5550537109375, 615.7589721679688, 802.0867309570312, 872.3305053710938]",voie1,0.0404
115,1,0.8237568140029907,"[548.8139038085938, 616.6903076171875, 803.7477416992188, 869.12890625]",voie1,0.0354
116,1,0.8188844919204712,"[549.0726928710938, 616.892333984375, 802.691162109375, 870.600341796875]",voie1,0.0364
117,1,0.8191245794296265,"[549.5694580078125, 616.725341796875, 802.692138671875, 870.871337890625]",voie1,0.0366
118,1,0.8124973773956299,"[548.6865234375, 615.6214599609375, 799.8544311523438, 878.0458374023438]",voie1,0.0496
119,1,0.8124694228172302,"[548.3204345703125, 615.0537719726562, 798.8428344726562, 880.4276733398438]",voie1,0.0528
120,1,0.8390040993690491,"[551.1622924804688, 616.4208984375, 802.7597045898438, 868.8158569335938]",voie2,0.0344
121,1,0.8391522169113159,"[551.4283447265625, 617.121826171875, 803.2775268554688, 864.4049072265625]",voie2,0.0277
122,1,0.8153178691864014,"[546.557373046875, 613.86962890625, 797.5890502929688, 871.26171875]",voie1,0.0419
123,1,0.8154604434967041,"[545.7593994140625, 613.208251953125, 796.7923583984375, 876.5654907226562]",voie1,0.0491
124,1,0.8138375878334045,"[545.8001708984375, 612.7605590820312, 796.0619506835938, 866.86328125]",voie1,0.0326
125,1,0.8136351704597473,"[545.735595703125, 612.4476928710938, 795.6099243164062, 863.0219116210938]",voie1,0.0269
126,1,0.8139394521713257,"[548.7562255859375, 611.6788940429688, 798.09619140625, 875.4144287109375]",voie1,0.0448
127,1,0.8140439391136169,"[549.2421875, 611.146728515625, 798.4517822265625, 879.7354125976562]",voie1,0.0502
128,1,0.8260273337364197,"[549.0432739257812, 612.5558471679688, 801.4066162109375, 874.701416015625]",voie1,0.0435
129,1,0.8260791897773743,"[549.3692016601562, 613.1220092773438, 802.852783203125, 872.7481079101562]",voie1,0.0408
130,1,0.8138634562492371,"[547.8458251953125, 610.4432983398438, 800.2471313476562, 877.8709716796875]",voie1,0.0511
131,1,0.8138434290885925,"[547.6102294921875, 609.8479614257812, 799.6143188476562, 880.0828247070312]",voie1,0.0542
132,1,0.8154170513153076,"[545.4356689453125, 609.4925537109375, 799.4456787109375, 878.160400390625]",voie1,0.0498
133,1,0.8155144453048706,"[544.65185546875, 609.0339965820312, 799.46044921875, 877.1011962890625]",voie1,0.0487
134,1,0.8135507702827454,"[545.4945068359375, 607.227783203125, 799.053955078125, 877.6891479492188]",voie1,0.0519
135,1,0.8135761618614197,"[545.8327026367188, 606.86669921875, 798.8439331054688, 878.2740478515625]",voie1,0.0527
136,1,0.8140034675598145,"[545.0139770507812, 608.4296875, 798.9953002929688, 877.2789916992188]",voie1,0.0472
137,1,0.8138778209686279,"[544.7721557617188, 608.5607299804688, 799.1283569335938, 876.5145263671875]",voie1,0.0464
138,1,0.8179826140403748,"[547.3832397460938, 609.118896484375, 802.9334716796875, 874.0391845703125]",voie1,0.0433
139,1,0.8177886605262756,"[548.0497436523438, 609.3887329101562, 804.0382080078125, 873.1602172851562]",voie1,0.0418
140,1,0.8238552808761597,"[549.473876953125, 607.5918579101562, 804.64599609375, 873.1563720703125]",voie1,0.0404
141,1,0.8238677382469177,"[550.0421752929688, 607.1509399414062, 804.8611450195312, 873.3965454101562]",voie1,0.0405
142,1,0.8149940371513367,"[546.9002685546875, 607.6500244140625, 802.5056762695312, 879.3993530273438]",voie1,0.0471
143,1,0.8150101900100708,"[545.5126342773438, 607.1951293945312, 801.4410400390625, 881.0526733398438]",voie1,0.0495
144,1,0.8153552412986755,"[545.3401489257812, 607.1525268554688, 801.7643432617188, 881.8146362304688]",voie1,0.0507
145,1,0.815369725227356,"[545.340576171875, 607.050048828125, 801.9319458007812, 881.97412109375]",voie1,0.0508
146,1,0.8165570497512817,"[544.710205078125, 606.1947631835938, 800.8375854492188, 879.018798828125]",voie1,0.0504
147,1,0.8167780637741089,"[544.8263549804688, 606.4401245117188, 800.8333740234375, 878.4869995117188]",voie1,0.0498
148,1,0.8212820887565613,"[544.7945556640625, 606.0842895507812, 803.68212890625, 878.4251098632812]",voie1,0.0461
149,1,0.8215655088424683,"[544.3970947265625, 605.6111450195312, 804.382080078125, 878.0306396484375]",voie1,0.0454
150,1,0.8133922815322876,"[546.0281372070312, 605.2232055664062, 803.4725952148438, 882.369873046875]",voie1,0.0521
151,1,0.8130527138710022,"[547.2511596679688, 605.2382202148438, 803.5914916992188, 884.5610961914062]",voie1,0.0538
152,1,0.8225877285003662,"[546.208251953125, 604.5628662109375, 803.7472534179688, 881.1224975585938]",voie2,0.0495
153,1,0.8157734870910645,"[544.8198852539062, 604.8051147460938, 803.0467529296875, 883.8514404296875]",voie2,0.0542
154,1,0.814117968082428,"[545.0929565429688, 604.6129760742188, 801.4012451171875, 883.78515625]",voie2,0.0551
155,1,0.8140969276428223,"[545.9478149414062, 604.5047607421875, 801.6690673828125, 883.5654907226562]",voie2,0.0546
156,1,0.8213668465614319,"[542.4954833984375, 602.3179321289062, 801.899658203125, 875.2816772460938]",voie1,0.0461
157,1,0.8214104175567627,"[541.4371948242188, 602.2933959960938, 802.1746826171875, 872.9107666015625]",voie1,0.0431
158,1,0.8204651474952698,"[543.3424682617188, 602.765625, 804.9950561523438, 878.2390747070312]",voie1,0.0517
159,1,0.8205579519271851,"[543.0928955078125, 603.0680541992188, 805.0677490234375, 880.3289794921875]",voie1,0.0547
160,1,0.8169815540313721,"[543.4736328125, 602.8341674804688, 804.10302734375, 880.760986328125]",voie1,0.0583
161,1,0.816949188709259,"[543.9393310546875, 602.76953125, 804.07666015625, 880.910400390625]",voie1,0.0584
162,1,0.817386269569397,"[544.0106811523438, 603.0336303710938, 804.6011352539062, 884.3184204101562]",voie1,0.0609
163,1,0.8173953294754028,"[543.9262084960938, 602.876220703125, 804.5455932617188, 885.4143676757812]",voie1,0.0625
164,1,0.8198053240776062,"[547.8140258789062, 596.5341796875, 795.9764404296875, 880.4244995117188]",voie1,0.0535
165,1,0.8197313547134399,"[549.2347412109375, 594.4088745117188, 792.6410522460938, 878.7301025390625]",voie1,0.0512
166,1,0.8174746632575989,"[548.2760009765625, 592.875, 791.3600463867188, 877.4901733398438]",voie1,0.054
167,1,0.8175191283226013,"[548.2865600585938, 592.5640869140625, 791.3131713867188, 877.259033203125]",voie1,0.0537
168,1,0.8198827505111694,"[552.736572265625, 592.3788452148438, 792.0531005859375, 881.2257690429688]",voie1,0.0576
169,1,0.8199225664138794,"[553.4663696289062, 592.1346435546875, 791.5263671875, 882.4878540039062]",voie1,0.0595
170,1,0.8167932629585266,"[554.1561889648438, 591.837890625, 790.7672729492188, 877.4119873046875]",voie1,0.053
171,1,0.8167038559913635,"[554.65673828125, 592.0424194335938, 790.862548828125, 875.6159057617188]",voie1,0.0505
172,1,0.825331449508667,"[556.3676147460938, 592.119384765625, 792.0035400390625, 877.3534545898438]",voie1,0.0561
173,1,0.8255755305290222,"[557.4889526367188, 592.2398681640625, 793.0506591796875, 878.0623779296875]",voie1,0.056
174,1,0.8310511708259583,"[558.6451416015625, 591.360595703125, 800.1482543945312, 879.0596923828125]",voie1,0.0563
175,1,0.8309967517852783,"[558.5408935546875, 591.5076293945312, 802.5015869140625, 879.9031372070312]",voie1,0.057
176,1,0.8191852569580078,"[560.354736328125, 591.7632446289062, 803.02587890625, 879.7861328125]",voie1,0.0496
177,1,0.8255354762077332,"[561.2225952148438, 591.5894775390625, 804.022705078125, 880.0670166015625]",voie1,0.0492
178,1,0.8283349871635437,"[560.0473022460938, 591.9738159179688, 804.30712890625, 881.5521240234375]",voie1,0.0516
179,1,0.8246443271636963,"[559.2294311523438, 591.6931762695312, 803.1854248046875, 878.261474609375]",voie1,0.0482
180,1,0.8269443511962891,"[559.0049438476562, 590.5656127929688, 803.049560546875, 879.5074462890625]",voie1,0.0518
181,1,0.8269448280334473,"[558.90576171875, 590.3515625, 802.8653564453125, 880.1181030273438]",voie1,0.0525
182,1,0.8045760989189148,"[556.8110961914062, 592.9929809570312, 809.2894287109375, 878.39306640625]",voie2,0.0534
183,1,0.8044851422309875,"[556.1947021484375, 594.140625, 811.6582641601562, 877.8720092773438]",voie2,0.0529
184,1,0.8115569949150085,"[550.1401977539062, 595.1396484375, 814.961181640625, 880.068115234375]",voie1,0.0502
185,1,0.8114491701126099,"[547.634033203125, 595.1221923828125, 815.8370361328125, 880.5952758789062]",voie1,0.0512
186,1,0.8105751872062683,"[548.638671875, 594.818359375, 817.20703125, 880.3190307617188]",voie1,0.0498
187,1,0.8105095624923706,"[549.2009887695312, 594.7918090820312, 817.7799072265625, 880.2877807617188]",voie1,0.0494
188,1,0.8154921531677246,"[549.9622192382812, 594.8386840820312, 819.7340698242188, 882.927734375]",voie1,0.0549
189,1,0.815598726272583,"[549.9444580078125, 594.8041381835938, 820.265869140625, 883.8278198242188]",voie2,0.0558
190,1,0.8138057589530945,"[559.8826904296875, 590.3602905273438, 825.3602294921875, 876.0166625976562]",voie2,0.0468
191,1,0.8137503862380981,"[563.6112670898438, 589.0455322265625, 827.2860717773438, 873.4180908203125]",voie2,0.0422
192,1,0.8009935021400452,"[557.9061279296875, 592.7192993164062, 823.5663452148438, 879.3010864257812]",voie2,0.0481
193,1,0.8011713027954102,"[555.572998046875, 593.5738525390625, 822.0576171875, 881.035400390625]",voie2,0.0514
194,1,0.7725608348846436,"[554.1823120117188, 594.2899169921875, 820.0947875976562, 879.4951782226562]",voie1,0.0512
195,1,0.7720956206321716,"[553.85888671875, 594.8175048828125, 819.7012939453125, 879.0170288085938]",voie1,0.0509
196,1,0.8280128240585327,"[558.440673828125, 589.7130126953125, 823.648681640625, 880.8673095703125]",voie2,0.0514
197,1,0.827926516532898,"[560.1427612304688, 588.2872314453125, 825.2264404296875, 882.1669311523438]",voie2,0.0517
198,1,0.7897516489028931,"[555.4019165039062, 592.4885864257812, 826.7105712890625, 880.6442260742188]",voie1,0.0473
199,1,0.7892897725105286,"[553.7501220703125, 593.5758666992188, 826.9041748046875, 879.5133666992188]",voie1,0.0466
200,1,0.7942199110984802,"[556.7596435546875, 592.5872802734375, 846.1690063476562, 876.1856079101562]",voie2,0.0404
201,1,0.7942678928375244,"[558.3251953125, 592.6600341796875, 853.6226806640625, 875.3726196289062]",voie2,0.0382
202,1,0.8007609248161316,"[562.4259643554688, 592.7481689453125, 870.1348876953125, 874.0692138671875]",voie2,0.035
203,1,0.8005817532539368,"[563.3054809570312, 592.3441772460938, 875.0880737304688, 873.1593017578125]",voie2,0.0332
204,1,0.7983981370925903,"[562.7474975585938, 592.4241943359375, 871.5017700195312, 874.4152221679688]",voie2,0.0332
205,1,0.7984928488731384,"[562.5745239257812, 592.4578247070312, 870.5438842773438, 874.9117431640625]",voie2,0.0339
206,1,0.8066962957382202,"[564.3260498046875, 588.2117919921875, 890.8820190429688, 873.7158203125]",voie2,0.0305
207,1,0.80714350938797,"[565.274169921875, 587.1461791992188, 899.3311157226562, 873.7902221679688]",voie2,0.0293
208,1,0.7992367148399353,"[565.7684936523438, 590.45947265625, 894.4552001953125, 875.3528442382812]",voie1,0.0295
209,1,0.7992271184921265,"[565.967041015625, 591.780029296875, 892.4924926757812, 875.8607177734375]",voie1,0.0303
210,1,0.7930294871330261,"[566.7218017578125, 593.104736328125, 888.7125854492188, 876.062255859375]",voie2,0.0362
211,1,0.7927549481391907,"[566.4381103515625, 593.3389282226562, 887.3828735351562, 875.8759765625]",voie2,0.0362
212,1,0.7913945913314819,"[566.0619506835938, 592.5494384765625, 895.1889038085938, 874.800048828125]",voie2,0.0317
213,1,0.7909005284309387,"[566.2765502929688, 592.1975708007812, 898.2171020507812, 874.5242919921875]",voie2,0.0311
214,1,0.789846658706665,"[565.3543701171875, 591.8873291015625, 873.2866821289062, 875.1417846679688]",voie2,0.0334
215,1,0.7902210354804993,"[565.0880737304688, 591.8187255859375, 863.485595703125, 875.3294677734375]",voie2,0.0347
216,1,0.7975683212280273,"[562.1500244140625, 590.3478393554688, 881.4891967773438, 876.7730102539062]",voie1,0.0311
217,1,0.79820716381073,"[561.1571655273438, 589.329833984375, 888.3113403320312, 876.9756469726562]",voie1,0.0307
218,1,0.8228168487548828,"[561.8770751953125, 585.071044921875, 904.4036865234375, 877.5538940429688]",voie2,0.0332
219,1,0.822742223739624,"[561.95361328125, 583.7720336914062, 910.2481079101562, 878.13916015625]",voie2,0.033
220,1,0.8004587292671204,"[557.5776977539062, 583.6397705078125, 903.660400390625, 873.6295776367188]",voie2,0.0314
221,1,0.8003937005996704,"[556.1116943359375, 583.961669921875, 901.0289916992188, 872.0455932617188]",voie2,0.0305
222,1,0.8295727968215942,"[557.6507568359375, 582.6608276367188, 899.5148315429688, 879.4100952148438]",voie1,0.0388
223,1,0.8294929265975952,"[558.3086547851562, 582.4642944335938, 898.956787109375, 882.4716186523438]",voie1,0.0413
224,1,0.8217852711677551,"[560.9898071289062, 581.8080444335938, 897.3365478515625, 881.7546997070312]",voie1,0.0506
225,1,0.828951358795166,"[560.224609375, 582.055908203125, 896.0282592773438, 883.3666381835938]",voie1,0.0526
226,1,0.8312775492668152,"[559.1328735351562, 584.3272705078125, 899.2169799804688, 883.1369018554688]",voie2,0.0371
227,1,0.814751148223877,"[561.6646118164062, 584.5989990234375, 904.8761596679688, 879.2361450195312]",voie2,0.0456
228,1,0.8096356987953186,"[559.8264770507812, 581.812255859375, 901.5931396484375, 872.3624877929688]",voie2,0.0423
229,1,0.8090787529945374,"[558.9659423828125, 581.5244140625, 900.2720336914062, 870.7271118164062]",voie2,0.0411
230,1,0.8018210530281067,"[561.1396484375, 581.1036987304688, 903.5759887695312, 868.86669921875]",voie2,0.039
231,1,0.8018755912780762,"[561.7242431640625, 581.0, 904.7200317382812, 868.106689453125]",voie2,0.0381
232,1,0.7916247248649597,"[560.8087768554688, 580.9417114257812, 900.0062866210938, 868.0598754882812]",voie1,0.0359
233,1,0.7916685938835144,"[560.814697265625, 581.1255493164062, 898.5040283203125, 868.2972412109375]",voie1,0.0363
234,1,0.8113072514533997,"[564.239501953125, 584.8455810546875, 907.869384765625, 877.2310791015625]",voie1,0.0311
235,1,0.8295335173606873,"[565.3169555664062, 583.1082763671875, 907.6369018554688, 879.7691650390625]",voie1,0.0326
236,1,0.8190749883651733,"[564.5613403320312, 581.2426147460938, 906.2998657226562, 882.0133666992188]",voie1,0.0503
237,1,0.8192794322967529,"[564.52392578125, 581.10205078125, 905.9613647460938, 883.45166015625]",voie1,0.0515
238,1,0.8315660357475281,"[564.5591430664062, 580.5419311523438, 908.7738647460938, 881.9235229492188]",voie2,0.0388
239,1,0.8314746618270874,"[564.4181518554688, 580.2073974609375, 909.5467529296875, 881.1373291015625]",voie2,0.0381
240,1,0.8219284415245056,"[565.7211303710938, 580.4802856445312, 906.085693359375, 879.9667358398438]",voie2,0.0376
241,1,0.8268694281578064,"[563.2124633789062, 580.0733642578125, 905.9522094726562, 878.3837890625]",voie2,0.0369
242,1,0.795261561870575,"[565.7925415039062, 578.5776977539062, 902.0081176757812, 867.44091796875]",voie1,0.034
243,1,0.795525074005127,"[566.7393798828125, 578.518798828125, 900.4254150390625, 863.7545166015625]",voie1,0.0304
244,1,0.8187533617019653,"[567.3390502929688, 578.2984008789062, 901.4646606445312, 876.1896362304688]",voie1,0.0408
245,1,0.8184474110603333,"[567.6636962890625, 578.0276489257812, 901.9920043945312, 880.5218505859375]",voie1,0.0443
246,1,0.8311546444892883,"[561.3497314453125, 578.2418212890625, 904.0640869140625, 880.9178466796875]",voie1,0.0489
247,1,0.8312026858329773,"[558.7785034179688, 578.5492553710938, 904.8079833984375, 881.1740112304688]",voie1,0.0499
248,1,0.8179877400398254,"[554.7679443359375, 577.910400390625, 907.9754638671875, 873.779052734375]",voie2,0.0477
249,1,0.8178521394729614,"[553.0287475585938, 577.9859619140625, 908.823486328125, 871.286376953125]",voie2,0.0457
250,1,0.8381422758102417,"[553.2520141601562, 577.3616943359375, 912.6439819335938, 878.3017578125]",voie1,0.0493
251,1,0.8381772041320801,"[553.6513061523438, 577.3311157226562, 914.4060668945312, 881.1420288085938]",voie1,0.0515
252,1,0.8397472500801086,"[552.795654296875, 578.8405151367188, 914.0370483398438, 882.5657348632812]",voie1,0.0537
253,1,0.8398246765136719,"[552.5565795898438, 578.6576538085938, 913.9473876953125, 882.388427734375]",voie1,0.0536
254,1,0.8370788097381592,"[551.8633422851562, 577.194580078125, 915.51513671875, 881.954345703125]",voie1,0.0526
255,1,0.8372207880020142,"[551.7139282226562, 577.2963256835938, 916.1309814453125, 882.3981323242188]",voie1,0.0529
256,1,0.8373642563819885,"[551.2177734375, 576.6024780273438, 913.5912475585938, 879.9105224609375]",voie1,0.0503
257,1,0.8373322486877441,"[551.3363647460938, 576.436279296875, 912.7975463867188, 879.0026245117188]",voie1,0.0496
258,1,0.8406493663787842,"[550.9974365234375, 576.7569580078125, 910.3878173828125, 878.9507446289062]",voie1,0.0488
259,1,0.84068763256073,"[550.8070678710938, 576.8912353515625, 909.4591064453125, 878.8038330078125]",voie1,0.0488
260,1,0.8349225521087646,"[553.8015747070312, 575.2890014648438, 912.5160522460938, 878.9264526367188]",voie1,0.0477
261,1,0.8354684710502625,"[554.7543334960938, 574.9397583007812, 913.8179321289062, 879.1962280273438]",voie1,0.0475
262,1,0.8198278546333313,"[559.1220092773438, 574.398681640625, 915.5778198242188, 881.6386108398438]",voie1,0.0482
263,1,0.8199219107627869,"[560.3489990234375, 574.1909790039062, 915.81103515625, 882.637451171875]",voie1,0.0486
264,1,0.8151581287384033,"[561.4349975585938, 574.2875366210938, 919.4619140625, 884.1102294921875]",voie1,0.0483
265,1,0.8158877491950989,"[562.4942626953125, 574.4535522460938, 920.2291259765625, 882.6029052734375]",voie1,0.0466
266,1,0.7830901145935059,"[566.75439453125, 574.1690673828125, 917.0798950195312, 881.5302124023438]",voie1,0.0449
267,1,0.7834797501564026,"[568.5901489257812, 574.4927368164062, 916.0896606445312, 881.5367431640625]",voie1,0.0445
268,1,0.8311640620231628,"[559.22900390625, 574.8329467773438, 920.7113037109375, 884.85009765625]",voie1,0.0505
269,1,0.8311032652854919,"[555.1853637695312, 574.395751953125, 921.7115478515625, 885.7017822265625]",voie1,0.0523
270,1,0.8360245823860168,"[551.1179809570312, 575.2070922851562, 920.10302734375, 886.1566772460938]",voie1,0.0516
271,1,0.8360294103622437,"[549.88671875, 575.0220336914062, 919.8367919921875, 885.8970336914062]",voie1,0.0518
272,1,0.839668869972229,"[548.8320922851562, 574.3463134765625, 920.6065673828125, 884.4108276367188]",voie1,0.0538
273,1,0.8396986722946167,"[548.2910766601562, 574.1934204101562, 920.7889404296875, 883.8262329101562]",voie1,0.0535
274,1,0.839650571346283,"[548.5596923828125, 574.526123046875, 922.24072265625, 882.448974609375]",voie1,0.0491
275,1,0.8400667309761047,"[548.9229125976562, 574.7174072265625, 923.0609130859375, 881.858642578125]",voie1,0.0484
276,1,0.8415706753730774,"[548.5467529296875, 575.7454833984375, 923.259765625, 881.5482788085938]",voie1,0.0473
277,1,0.8415352702140808,"[548.2117309570312, 575.6954345703125, 923.1632690429688, 881.0791625976562]",voie1,0.0469
278,1,0.8366975784301758,"[547.2467041015625, 572.5132446289062, 919.1021118164062, 876.04638671875]",voie2,0.034
279,1,0.8367547988891602,"[547.368408203125, 572.1333618164062, 918.2142333984375, 874.7623901367188]",voie2,0.0329
280,1,0.8248273730278015,"[548.7966918945312, 571.0133056640625, 921.5859985351562, 880.3546752929688]",voie1,0.0463
281,1,0.8249823451042175,"[548.8673706054688, 570.9148559570312, 922.4733276367188, 882.8867797851562]",voie1,0.0483
282,1,0.8050196766853333,"[545.9232788085938, 570.472412109375, 919.1730346679688, 873.5556030273438]",voie1,0.0419
283,1,0.8051315546035767,"[545.0034790039062, 570.1921997070312, 918.001708984375, 869.7760620117188]",voie1,0.0385
284,1,0.8336281180381775,"[549.2376098632812, 572.529296875, 920.5224609375, 882.5750122070312]",voie1,0.0392
285,1,0.8344542980194092,"[550.5864868164062, 572.6539306640625, 921.139892578125, 886.8068237304688]",voie1,0.0416
286,1,0.8284274339675903,"[546.7244873046875, 570.6010131835938, 920.7146606445312, 887.8732299804688]",voie1,0.0492
287,1,0.8284101486206055,"[545.83203125, 570.281005859375, 921.0413208007812, 888.8256225585938]",voie1,0.0502
288,1,0.8204702734947205,"[546.1152954101562, 569.5775146484375, 922.7129516601562, 891.0103149414062]",voie1,0.0467
289,1,0.8205732703208923,"[546.0503540039062, 569.372314453125, 923.0133056640625, 891.8545532226562]",voie1,0.0472
290,1,0.8267373442649841,"[546.7493896484375, 569.1806030273438, 923.8896484375, 894.5721435546875]",voie1,0.0573
291,1,0.8261042833328247,"[546.7869262695312, 569.519775390625, 924.0648193359375, 891.7626953125]",voie1,0.0551
292,1,0.8158378601074219,"[545.2245483398438, 568.0567626953125, 923.5088500976562, 896.1876831054688]",voie1,0.0541
293,1,0.8157331347465515,"[544.7892456054688, 567.614501953125, 923.6765747070312, 897.7429809570312]",voie1,0.0553
294,1,0.8194200396537781,"[547.2311401367188, 567.8981323242188, 923.9036254882812, 900.1766967773438]",voie1,0.0508
295,1,0.8193199634552002,"[548.260498046875, 567.6689453125, 924.109375, 900.7359619140625]",voie1,0.0506
296,1,0.8102840781211853,"[543.2691650390625, 566.9258422851562, 922.6859741210938, 899.0415649414062]",voie1,0.0566
297,1,0.8104599118232727,"[541.1908569335938, 566.9998168945312, 921.9993286132812, 898.6231689453125]",voie1,0.0572
298,1,0.8266895413398743,"[540.2317504882812, 566.676513671875, 922.9677734375, 897.4679565429688]",voie1,0.0495
299,1,0.826697826385498,"[540.3563842773438, 566.7164916992188, 923.7489624023438, 897.141845703125]",voie1,0.0491
300,1,0.8078507781028748,"[544.4966430664062, 567.0398559570312, 926.3438720703125, 899.6765747070312]",voie1,0.053
301,1,0.8074584007263184,"[545.1743774414062, 566.7946166992188, 926.4729614257812, 900.0728149414062]",voie1,0.053
302,1,0.8204950094223022,"[542.5379638671875, 566.5184326171875, 925.2808837890625, 899.1873168945312]",voie1,0.0503
303,1,0.8209114074707031,"[541.9949340820312, 566.7177734375, 925.8362426757812, 899.1202392578125]",voie1,0.0501
304,1,0.8225512504577637,"[540.0906372070312, 563.8881225585938, 921.7891845703125, 901.5975952148438]",voie1,0.0547
305,1,0.8224716782569885,"[540.2719116210938, 563.2256469726562, 921.1429443359375, 902.661865234375]",voie1,0.0552
306,1,0.8265290856361389,"[542.6146240234375, 565.7840576171875, 926.41455078125, 893.5941772460938]",voie1,0.047
307,1,0.8264570832252502,"[542.1023559570312, 566.2721557617188, 927.0057373046875, 889.5081787109375]",voie1,0.0444
308,1,0.8298892974853516,"[540.3388061523438, 560.8379516601562, 928.7029418945312, 892.7871704101562]",voie1,0.0463
309,1,0.8300468921661377,"[540.3368530273438, 559.9786987304688, 929.4588623046875, 889.3289184570312]",voie1,0.0436
310,1,0.8249881863594055,"[539.5059204101562, 560.1198120117188, 927.7437133789062, 891.0614013671875]",voie1,0.0452
311,1,0.8250766396522522,"[538.9793701171875, 559.96923828125, 926.8690795898438, 891.4305419921875]",voie1,0.0455
312,1,0.8288432359695435,"[541.1435546875, 559.6981201171875, 928.5689086914062, 885.704833984375]",voie1,0.041
313,1,0.8288840055465698,"[541.8483276367188, 560.1098022460938, 929.2188110351562, 883.8901977539062]",voie1,0.0395
314,1,0.8051239848136902,"[539.6016235351562, 560.5385131835938, 927.0283203125, 884.9296875]",voie1,0.04
315,1,0.804308295249939,"[538.74169921875, 559.9761962890625, 926.0748901367188, 884.5814819335938]",voie1,0.04
316,1,0.8353873491287231,"[539.4199829101562, 557.2059936523438, 928.48486328125, 884.6995239257812]",voie1,0.0395
317,1,0.8352090120315552,"[540.0623168945312, 556.8648681640625, 929.6227416992188, 885.3753662109375]",voie1,0.0397
318,1,0.8349615931510925,"[537.3800659179688, 555.2572021484375, 929.8694458007812, 890.2598876953125]",voie1,0.0459
319,1,0.8349414467811584,"[536.7213745117188, 554.7801513671875, 930.2992553710938, 892.17041015625]",voie1,0.0474
320,1,0.8362014293670654,"[535.0303344726562, 555.6126098632812, 928.6768798828125, 886.4695434570312]",voie1,0.0462
321,1,0.836304247379303,"[534.3402709960938, 556.5491333007812, 928.045166015625, 884.775634765625]",voie1,0.0454
322,1,0.8286556601524353,"[536.8082885742188, 556.5183715820312, 930.281494140625, 880.882080078125]",voie1,0.0477
323,1,0.8286442160606384,"[537.11962890625, 556.711669921875, 930.5275268554688, 879.4862060546875]",voie1,0.0464
324,1,0.8318067193031311,"[531.89208984375, 556.1556396484375, 930.9929809570312, 894.5618896484375]",voie1,0.0481
325,1,0.8319129943847656,"[530.6561279296875, 554.9246826171875, 931.9573974609375, 899.1349487304688]",voie1,0.0515
326,1,0.826799213886261,"[531.7931518554688, 554.3059692382812, 925.472900390625, 891.7913208007812]",voie1,0.0513
327,1,0.8267393112182617,"[532.4092407226562, 555.0526733398438, 923.114013671875, 889.8352661132812]",voie1,0.0502
328,1,0.8350449204444885,"[532.3074951171875, 555.560791015625, 927.7771606445312, 890.5224609375]",voie1,0.0486
329,1,0.8351848125457764,"[532.1729736328125, 555.2967529296875, 929.5420532226562, 890.3394165039062]",voie1,0.0483
330,1,0.8267678618431091,"[535.7907104492188, 555.1715698242188, 934.9810180664062, 884.5174560546875]",voie1,0.0428
331,1,0.8266647458076477,"[536.518798828125, 555.2106323242188, 936.3570556640625, 882.3475952148438]",voie1,0.0409
332,1,0.8292312622070312,"[537.121337890625, 554.6697387695312, 935.822998046875, 881.4533081054688]",voie1,0.0404
333,1,0.829174816608429,"[537.3355712890625, 554.7225341796875, 935.6514282226562, 881.60546875]",voie1,0.0406
334,1,0.8266942501068115,"[537.6466674804688, 555.2825317382812, 936.3658447265625, 884.5670776367188]",voie1,0.0468
335,1,0.8267362713813782,"[537.8670043945312, 555.2095947265625, 936.7012329101562, 885.2386474609375]",voie1,0.0473
336,1,0.828330397605896,"[537.863037109375, 551.9913330078125, 935.0358276367188, 884.546630859375]",voie1,0.0451
337,1,0.828220546245575,"[537.8277587890625, 551.3865356445312, 934.3272705078125, 884.9302978515625]",voie1,0.0454
338,1,0.8313892483711243,"[537.9141845703125, 550.4495239257812, 931.2478637695312, 884.8335571289062]",voie1,0.0446
339,1,0.8314258456230164,"[538.0162963867188, 550.3121948242188, 930.082763671875, 884.9312133789062]",voie1,0.0448
340,1,0.8308125734329224,"[535.7986450195312, 549.6576538085938, 933.5922241210938, 884.975830078125]",voie1,0.0509
341,1,0.8308165073394775,"[534.4029541015625, 549.3196411132812, 934.3453979492188, 884.8861083984375]",voie1,0.051
342,1,0.830974280834198,"[534.4823608398438, 548.5293579101562, 938.0614013671875, 890.4945678710938]",voie1,0.0468
343,1,0.8308338522911072,"[534.5870361328125, 547.9292602539062, 939.5056762695312, 892.3025512695312]",voie1,0.0479
344,1,0.8283275365829468,"[535.751220703125, 544.461669921875, 942.1121826171875, 890.2988891601562]",voie1,0.0536
345,1,0.8278239369392395,"[536.6441040039062, 543.86083984375, 943.6698608398438, 890.13720703125]",voie1,0.0529
346,1,0.8162643313407898,"[540.8798828125, 543.7062377929688, 956.9905395507812, 889.0502319335938]",voie1,0.0488
347,1,0.8161393404006958,"[541.5172729492188, 543.2262573242188, 961.1035766601562, 888.20654296875]",voie1,0.0475
348,1,0.8152562975883484,"[539.3154907226562, 540.9971313476562, 958.10498046875, 884.5921630859375]",voie1,0.0453
349,1,0.8155054450035095,"[539.4760131835938, 540.7734375, 957.787841796875, 883.7606811523438]",voie1,0.0445
350,1,0.8053441643714905,"[537.4053955078125, 543.5706787109375, 967.9767456054688, 887.7785034179688]",voie1,0.0479
351,1,0.8055931925773621,"[535.8236083984375, 544.166015625, 971.046142578125, 888.9528198242188]",voie1,0.0489
352,1,0.8274118900299072,"[534.5381469726562, 542.2802734375, 969.4048461914062, 900.4412231445312]",voie1,0.0511
353,1,0.8274222612380981,"[535.0305786132812, 541.5762939453125, 969.61181640625, 904.4503784179688]",voie1,0.0534
354,1,0.8207955956459045,"[536.6567993164062, 539.2023315429688, 969.8638916015625, 908.0278930664062]",voie1,0.0633
355,1,0.8209523558616638,"[536.4924926757812, 538.938232421875, 969.1976928710938, 910.0187377929688]",voie1,0.0647
356,1,0.811100423336029,"[535.8280029296875, 538.7129516601562, 972.2117919921875, 911.8695678710938]",voie1,0.0642
357,1,0.8112427592277527,"[534.961181640625, 538.3059692382812, 972.846923828125, 912.1514892578125]",voie1,0.0646
358,1,0.800464391708374,"[534.516357421875, 537.3115844726562, 975.3365478515625, 913.7444458007812]",voie1,0.0645
359,1,0.8012736439704895,"[534.4976196289062, 536.7767944335938, 976.5789184570312, 914.1043090820312]",voie1,0.0644
360,1,0.8090378642082214,"[535.4172973632812, 536.4667358398438, 971.7461547851562, 911.6806640625]",voie1,0.0637
361,1,0.809034526348114,"[536.4141845703125, 536.8211059570312, 970.4698486328125, 911.2251586914062]",voie1,0.0634
362,1,0.8205353021621704,"[536.8881225585938, 537.1807861328125, 972.4104614257812, 911.4290771484375]",voie1,0.064
363,1,0.8205885887145996,"[536.7363891601562, 537.1725463867188, 972.7814331054688, 911.3339233398438]",voie1,0.0639
364,1,0.8254034519195557,"[535.6346435546875, 536.80224609375, 978.5040283203125, 913.927490234375]",voie1,0.0667
365,1,0.8253562450408936,"[534.9371948242188, 536.6298828125, 980.517578125, 914.5960083007812]",voie1,0.0672
366,1,0.8242703676223755,"[536.2805786132812, 535.6236572265625, 980.4778442382812, 913.2045288085938]",voie1,0.058
367,1,0.8241544961929321,"[537.3529052734375, 535.5377197265625, 980.7723388671875, 913.001708984375]",voie1,0.0575
368,1,0.8313793540000916,"[536.4035034179688, 535.4033813476562, 984.7743530273438, 913.8939819335938]",voie1,0.0626
369,1,0.8314874768257141,"[536.030517578125, 535.1552734375, 986.4196166992188, 913.93701171875]",voie1,0.0626
370,1,0.8192057609558105,"[535.7173461914062, 535.4200439453125, 985.0958251953125, 913.3925170898438]",voie1,0.0647
371,1,0.8193232417106628,"[534.9439697265625, 535.6063842773438, 983.818115234375, 913.2118530273438]",voie1,0.0651
372,1,0.8195209503173828,"[532.4644775390625, 534.4844970703125, 981.5034790039062, 915.2908325195312]",voie1,0.0589
373,1,0.818602979183197,"[532.6784057617188, 534.1351928710938, 981.6768188476562, 916.0280151367188]",voie1,0.0592
374,1,0.8152012228965759,"[535.7055053710938, 534.5892333984375, 985.8016967773438, 914.8010864257812]",voie1,0.056
375,1,0.81527179479599,"[537.0302124023438, 534.4169311523438, 987.5801391601562, 914.0005493164062]",voie1,0.0548
376,1,0.8153164982795715,"[535.2635498046875, 531.3596801757812, 984.5145874023438, 913.5453491210938]",voie1,0.058
377,1,0.8150461316108704,"[534.4111938476562, 530.7100830078125, 982.8717651367188, 913.8946533203125]",voie1,0.0586
378,1,0.8289757370948792,"[534.1572875976562, 529.841796875, 988.720703125, 915.6432495117188]",voie1,0.0593
379,1,0.8291493654251099,"[533.9644165039062, 529.2607421875, 990.8256225585938, 916.0136108398438]",voie1,0.0593
380,1,0.8186463117599487,"[535.497314453125, 526.6270751953125, 985.9578247070312, 915.8139038085938]",voie1,0.0585
381,1,0.81794273853302,"[535.947998046875, 526.0986328125, 983.7864990234375, 916.2516479492188]",voie1,0.0588
382,1,0.8081033229827881,"[534.1198120117188, 526.2969360351562, 981.8402099609375, 916.4888305664062]",voie1,0.0612
383,1,0.8080431818962097,"[533.5579833984375, 526.3430786132812, 981.1768188476562, 916.48388671875]",voie1,0.0614
384,1,0.7889533638954163,"[533.3762817382812, 526.1446533203125, 987.618408203125, 914.2786865234375]",voie1,0.0546
385,1,0.7885946035385132,"[533.691162109375, 525.585693359375, 990.81689453125, 913.0433349609375]",voie1,0.0539
386,1,0.7736057639122009,"[532.3717041015625, 525.6031494140625, 1021.856201171875, 910.1596069335938]",voie1,0.0478
387,1,0.7734823822975159,"[532.4341430664062, 525.8026123046875, 1033.3775634765625, 909.3345947265625]",voie1,0.0463
388,1,0.7681976556777954,"[534.091064453125, 523.8410034179688, 1025.7215576171875, 915.575439453125]",voie1,0.0502
389,1,0.7680439352989197,"[533.7647094726562, 522.7882690429688, 1021.1160888671875, 917.5049438476562]",voie1,0.0516
390,1,0.7854795455932617,"[533.8521118164062, 523.8222045898438, 1049.2984619140625, 915.01904296875]",voie1,0.0491
391,1,0.7851479649543762,"[533.7116088867188, 524.2744140625, 1059.2305908203125, 914.1133422851562]",voie1,0.0479
392,1,0.8253896832466125,"[534.007568359375, 521.6705932617188, 1089.552734375, 908.1845092773438]",voie1,0.0436
393,1,0.8260048627853394,"[534.3927612304688, 521.1505126953125, 1101.295166015625, 907.1213989257812]",voie1,0.042
394,1,0.7946592569351196,"[536.4139404296875, 522.6027221679688, 1082.682861328125, 918.5607299804688]",voie1,0.0491
395,1,0.7958032488822937,"[536.7236328125, 523.0194702148438, 1074.6070556640625, 922.7239990234375]",voie1,0.0517
396,1,0.8238105177879333,"[535.0587768554688, 522.7367553710938, 1081.852783203125, 922.9888916015625]",voie1,0.0501
397,1,0.8238658905029297,"[534.5333251953125, 522.3999633789062, 1084.6766357421875, 922.8823852539062]",voie1,0.0499
398,1,0.8556185960769653,"[545.8739624023438, 523.114990234375, 1102.0394287109375, 922.587158203125]",voie1,0.0477
399,1,0.8557961583137512,"[550.2349853515625, 523.71142578125, 1108.6966552734375, 922.7220458984375]",voie1,0.046
400,1,0.8033127784729004,"[542.4124755859375, 523.338623046875, 1083.5701904296875, 923.5136108398438]",voie1,0.0492
401,1,0.8027098774909973,"[539.0155029296875, 522.8311157226562, 1072.7073974609375, 923.4752197265625]",voie1,0.0512
402,1,0.8410296440124512,"[544.1903076171875, 522.9151611328125, 1095.9661865234375, 923.926025390625]",voie1,0.0473
403,1,0.8396289944648743,"[545.8820190429688, 522.921875, 1103.6214599609375, 924.2935180664062]",voie1,0.0463
404,1,0.8153437376022339,"[541.3282470703125, 520.4325561523438, 1085.5340576171875, 924.3132934570312]",voie1,0.0509
405,1,0.8151395320892334,"[539.3140869140625, 519.9619750976562, 1078.20166015625, 924.6419067382812]",voie1,0.0523
406,1,0.8139727711677551,"[537.9813842773438, 519.6558227539062, 1067.0859375, 923.78857421875]",voie1,0.0518
407,1,0.8142731785774231,"[537.2249145507812, 518.958984375, 1062.947265625, 922.9515380859375]",voie1,0.0521
408,1,0.8147807121276855,"[537.6420288085938, 518.6751708984375, 1069.9464111328125, 925.4164428710938]",voie1,0.0519
409,1,0.8146841526031494,"[538.062255859375, 518.7028198242188, 1072.9150390625, 926.4227294921875]",voie1,0.0519
410,1,0.8261516690254211,"[540.9758911132812, 516.3394165039062, 1087.1693115234375, 922.90966796875]",voie1,0.0516
411,1,0.8260836005210876,"[541.808349609375, 515.8042602539062, 1092.3653564453125, 921.8646240234375]",voie1,0.0503
412,1,0.8403599858283997,"[542.6785278320312, 514.1748657226562, 1095.1470947265625, 920.3534545898438]",voie1,0.0462
413,1,0.8410897850990295,"[543.3174438476562, 513.2198486328125, 1096.2015380859375, 919.4642944335938]",voie1,0.0454
414,1,0.8456847071647644,"[540.9524536132812, 508.81170654296875, 1097.0113525390625, 922.568359375]",voie1,0.0498
415,1,0.8457968235015869,"[540.2824096679688, 507.9461975097656, 1097.6011962890625, 924.516357421875]",voie1,0.0507
416,1,0.8293425440788269,"[543.824951171875, 511.3802185058594, 1102.478271484375, 916.3790283203125]",voie1,0.0454
417,1,0.8293477892875671,"[544.7380981445312, 512.1422119140625, 1103.802490234375, 912.6732788085938]",voie1,0.0434
418,1,0.8317171931266785,"[544.626708984375, 512.4358520507812, 1103.731201171875, 906.2141723632812]",voie1,0.0403
419,1,0.8314223885536194,"[544.8033447265625, 512.3724975585938, 1104.0343017578125, 903.6406860351562]",voie1,0.0391
420,1,0.8443387150764465,"[545.97705078125, 511.0413513183594, 1114.11865234375, 922.5187377929688]",voie1,0.0468
421,1,0.8442659378051758,"[546.056640625, 510.7518615722656, 1117.7481689453125, 929.67919921875]",voie1,0.0491
422,1,0.8339001536369324,"[545.5425415039062, 508.43829345703125, 1117.7742919921875, 927.4849243164062]",voie1,0.0483
423,1,0.8338794708251953,"[545.3846435546875, 507.7591247558594, 1117.654541015625, 926.6868286132812]",voie1,0.0479
424,1,0.8404383063316345,"[545.7318725585938, 506.2606201171875, 1123.948974609375, 924.7505493164062]",voie1,0.0454
425,1,0.8409332036972046,"[545.7377319335938, 505.95098876953125, 1126.1365966796875, 924.1339111328125]",voie1,0.0449
426,1,0.8441318273544312,"[545.532470703125, 506.33013916015625, 1127.7213134765625, 920.2175903320312]",voie1,0.0452
427,1,0.8441295027732849,"[545.3448486328125, 506.6558532714844, 1128.1107177734375, 918.734619140625]",voie1,0.0447
428,1,0.8601997494697571,"[545.5494384765625, 509.1500244140625, 1131.68359375, 933.7612915039062]",voie1,0.0483
429,1,0.8602281808853149,"[545.2797241210938, 509.7542419433594, 1132.6143798828125, 939.0993041992188]",voie1,0.0503
430,1,0.8627100586891174,"[543.8377685546875, 509.8997802734375, 1130.8211669921875, 937.1682739257812]",voie1,0.0512
431,1,0.8629189133644104,"[543.54150390625, 509.5890197753906, 1130.240478515625, 936.0921020507812]",voie1,0.0509
432,1,0.8536553978919983,"[545.2151489257812, 505.3837890625, 1131.601318359375, 938.017822265625]",voie1,0.0508
433,1,0.8535516262054443,"[545.4695434570312, 504.35076904296875, 1131.53564453125, 939.1565551757812]",voie1,0.0509
434,1,0.8497415781021118,"[545.5099487304688, 504.7597351074219, 1132.4395751953125, 934.1475219726562]",voie1,0.0474
435,1,0.8497268557548523,"[545.8475952148438, 504.6690368652344, 1133.1817626953125, 931.75634765625]",voie1,0.0463
436,1,0.8557177782058716,"[543.0743408203125, 502.5473327636719, 1133.92822265625, 937.3521118164062]",voie1,0.054
437,1,0.855722963809967,"[542.4161987304688, 502.3104553222656, 1134.431884765625, 940.036376953125]",voie1,0.0551
438,1,0.8489937782287598,"[545.2332153320312, 498.2173767089844, 1135.375732421875, 937.5104370117188]",voie1,0.0524
439,1,0.8490914106369019,"[545.7134399414062, 496.7955322265625, 1135.2125244140625, 936.5526123046875]",voie1,0.0517
440,1,0.8632751107215881,"[542.599853515625, 497.7532958984375, 1142.384765625, 943.3118896484375]",voie1,0.051
441,1,0.8632898926734924,"[541.9256591796875, 497.7336730957031, 1145.43896484375, 945.4271240234375]",voie1,0.0517
442,1,0.8584056496620178,"[542.6245727539062, 495.30413818359375, 1137.1529541015625, 944.2659912109375]",voie1,0.0522
443,1,0.8606523275375366,"[541.9407348632812, 496.8165283203125, 1140.067626953125, 946.541748046875]",voie1,0.053
444,1,0.8566989898681641,"[543.8362426757812, 494.50286865234375, 1149.5960693359375, 948.8804931640625]",voie1,0.0548
445,1,0.8565129041671753,"[544.2008056640625, 493.9543151855469, 1152.645263671875, 950.0352172851562]",voie1,0.0547
446,1,0.8643586039543152,"[542.2296752929688, 496.644287109375, 1148.576904296875, 952.39111328125]",voie1,0.053
447,1,0.8643486499786377,"[541.668212890625, 497.19073486328125, 1147.3990478515625, 952.7493286132812]",voie1,0.0533
448,1,0.8623620867729187,"[543.61279296875, 494.3223876953125, 1158.6025390625, 946.795166015625]",voie1,0.0538
449,1,0.862301766872406,"[543.891845703125, 493.3277282714844, 1162.0626220703125, 944.5897216796875]",voie1,0.0526
450,1,0.8508355617523193,"[544.3923950195312, 494.2728576660156, 1164.9522705078125, 940.0261840820312]",voie1,0.0519
451,1,0.8505257368087769,"[544.541748046875, 494.81903076171875, 1166.12060546875, 938.3364868164062]",voie1,0.0513
452,1,0.8624270558357239,"[542.79345703125, 493.72393798828125, 1171.8519287109375, 940.1257934570312]",voie1,0.0483
453,1,0.8620945811271667,"[542.48095703125, 493.5322570800781, 1173.862548828125, 940.9468994140625]",voie1,0.0486
454,1,0.8672217130661011,"[542.0792236328125, 492.8523254394531, 1174.94970703125, 944.6381225585938]",voie1,0.0516
455,1,0.8673707842826843,"[541.7276000976562, 492.1376647949219, 1175.1507568359375, 945.7264404296875]",voie1,0.052
456,1,0.8636378645896912,"[541.3601684570312, 491.47698974609375, 1178.6556396484375, 944.5702514648438]",voie1,0.0484
457,1,0.8648154735565186,"[541.2850952148438, 491.6171875, 1180.1160888671875, 945.6054077148438]",voie1,0.0487
458,1,0.8710924386978149,"[541.113525390625, 491.59765625, 1179.642333984375, 948.3793334960938]",voie1,0.0486
459,1,0.8709051609039307,"[541.41748046875, 491.3616638183594, 1179.5526123046875, 948.6170654296875]",voie1,0.0485
460,1,0.8646559119224548,"[541.564697265625, 491.2215576171875, 1179.736083984375, 945.8159790039062]",voie1,0.0518
461,1,0.8645973801612854,"[541.3251342773438, 491.0057373046875, 1179.4169921875, 944.5887451171875]",voie1,0.0515
462,1,0.8628685474395752,"[541.1180419921875, 489.4163513183594, 1178.4273681640625, 941.4252319335938]",voie1,0.0429
463,1,0.8629468679428101,"[541.3414916992188, 489.0314025878906, 1178.216552734375, 940.3847045898438]",voie1,0.0425
464,1,0.8813973069190979,"[540.0061645507812, 491.9562683105469, 1183.362060546875, 954.0339965820312]",voie1,0.0499
465,1,0.8813760876655579,"[539.3670654296875, 492.8755187988281, 1185.0006103515625, 959.0736083984375]",voie1,0.0517
466,1,0.8737378120422363,"[539.1937255859375, 487.6358337402344, 1190.2762451171875, 959.7017822265625]",voie1,0.0553
467,1,0.8737368583679199,"[538.9688110351562, 485.47265625, 1191.662109375, 960.0408935546875]",voie1,0.0551
468,1,0.8693051934242249,"[539.2679443359375, 484.28106689453125, 1194.5174560546875, 964.1925659179688]",voie1,0.0536
469,1,0.8692860007286072,"[539.5484008789062, 484.4100646972656, 1195.7947998046875, 965.9883422851562]",voie1,0.0539
470,1,0.8726924657821655,"[539.66943359375, 486.2564392089844, 1200.188720703125, 963.3140869140625]",voie1,0.0508
471,1,0.8727292418479919,"[539.481201171875, 486.0588684082031, 1201.48583984375, 961.3248901367188]",voie1,0.0501
472,1,0.8701285123825073,"[539.672607421875, 483.4784851074219, 1204.3548583984375, 959.14892578125]",voie1,0.0461
473,1,0.8702012896537781,"[539.9291381835938, 483.14508056640625, 1205.3995361328125, 958.8410034179688]",voie1,0.0458
474,1,0.8787235021591187,"[538.8736572265625, 485.15106201171875, 1212.6241455078125, 965.7305908203125]",voie1,0.05
475,1,0.8788702487945557,"[538.2074584960938, 486.11474609375, 1215.060546875, 968.4695434570312]",voie1,0.0508
476,1,0.8766778111457825,"[538.005615234375, 484.16424560546875, 1219.0040283203125, 950.9496459960938]",voie1,0.0518
477,1,0.8766174912452698,"[537.7369995117188, 484.0567626953125, 1220.2279052734375, 944.882568359375]",voie1,0.05
478,1,0.8505504131317139,"[545.5818481445312, 484.9604797363281, 1222.725830078125, 961.7908935546875]",voie1,0.0485
479,1,0.8510556817054749,"[548.8768310546875, 484.7327575683594, 1223.517822265625, 967.4507446289062]",voie1,0.0487
480,1,0.8594713807106018,"[539.3760986328125, 482.6753845214844, 1227.1929931640625, 974.959228515625]",voie1,0.0539
481,1,0.8594616651535034,"[535.4738159179688, 481.98272705078125, 1228.445556640625, 977.6201171875]",voie1,0.0558
482,1,0.8547386527061462,"[538.0208740234375, 481.4148864746094, 1228.4127197265625, 977.9789428710938]",voie1,0.0541
483,1,0.8547191023826599,"[539.3945922851562, 481.52667236328125, 1228.8966064453125, 978.3721923828125]",voie1,0.0537
484,1,0.853883683681488,"[535.49462890625, 480.31951904296875, 1230.6419677734375, 980.950927734375]",voie1,0.0591
485,1,0.8537930250167847,"[533.713134765625, 480.1009216308594, 1230.890869140625, 982.0265502929688]",voie1,0.0599
486,1,0.8534415364265442,"[575.7969970703125, 477.56072998046875, 1231.0015869140625, 981.2686767578125]",voie1,0.0422
487,1,0.8534352779388428,"[592.4050903320312, 476.79425048828125, 1230.7813720703125, 981.330078125]",voie1,0.0352
488,1,0.8438171148300171,"[559.78369140625, 478.0940856933594, 1235.4219970703125, 976.0715942382812]",voie1,0.0466
489,1,0.8434374332427979,"[547.9636840820312, 478.47967529296875, 1236.5819091796875, 973.9367065429688]",voie1,0.0504
490,1,0.8362844586372375,"[618.936767578125, 478.98016357421875, 1246.565673828125, 980.194580078125]",voie1,0.0222
491,1,0.8363903760910034,"[648.083251953125, 479.1499938964844, 1250.341064453125, 982.6752319335938]",voie1,0.0086
492,1,0.8613771796226501,"[576.7212524414062, 478.91650390625, 1264.3192138671875, 979.0091552734375]",voie1,0.0383
493,1,0.8614003658294678,"[552.3927001953125, 479.12957763671875, 1269.1085205078125, 977.9293823242188]",voie1,0.0466
494,1,0.8565608859062195,"[544.7086181640625, 480.4359130859375, 1274.8050537109375, 980.14892578125]",voie1,0.0498
495,1,0.8566129207611084,"[540.8928833007812, 481.1240539550781, 1276.2939453125, 980.935302734375]",voie1,0.0512
496,1,0.8651983737945557,"[538.065673828125, 482.0073547363281, 1277.3974609375, 984.3781127929688]",voie1,0.053
497,1,0.8652304410934448,"[537.6539916992188, 481.3695983886719, 1278.188232421875, 984.7237548828125]",voie1,0.0531
498,1,0.8665064573287964,"[536.9546508789062, 480.22406005859375, 1277.9991455078125, 984.070068359375]",voie1,0.0522
499,1,0.8670153021812439,"[536.9253540039062, 480.5128479003906, 1278.14306640625, 984.1510620117188]",voie1,0.0522
500,1,0.8550407290458679,"[619.45458984375, 477.999755859375, 1278.462890625, 986.0606689453125]",voie1,0.0224
501,1,0.8550531268119812,"[651.16259765625, 477.4849548339844, 1277.363525390625, 987.0643310546875]",voie1,0.0076
502,1,0.8712783455848694,"[574.8346557617188, 475.9366149902344, 1274.6214599609375, 983.745361328125]",voie1,0.043
503,1,0.8649898767471313,"[551.0420532226562, 475.9386291503906, 1274.56201171875, 983.9066162109375]",voie1,0.0525
504,1,0.8659262657165527,"[542.9209594726562, 478.083984375, 1277.09765625, 985.87451171875]",voie1,0.0549
505,1,0.8658895492553711,"[538.9920654296875, 478.3118591308594, 1277.105712890625, 986.0691528320312]",voie1,0.0565
506,1,0.867997407913208,"[536.54736328125, 476.7022705078125, 1281.885498046875, 987.36376953125]",voie1,0.054
507,1,0.8680530786514282,"[535.4421997070312, 476.07305908203125, 1283.6314697265625, 987.6342163085938]",voie1,0.0542
508,1,0.8686028718948364,"[533.2534790039062, 474.18218994140625, 1291.4183349609375, 988.1171264648438]",voie1,0.0524
509,1,0.8685733079910278,"[533.1788940429688, 473.31024169921875, 1294.75244140625, 988.2710571289062]",voie1,0.0521
510,1,0.8570067286491394,"[536.1866455078125, 469.5647277832031, 1299.2388916015625, 988.76708984375]",voie1,0.0541
511,1,0.8568827509880066,"[536.9088745117188, 468.271728515625, 1300.50341796875, 989.1801147460938]",voie1,0.0538
512,1,0.8687211871147156,"[541.3049926757812, 464.76153564453125, 1312.4605712890625, 996.2784423828125]",voie1,0.0521
513,1,0.8687108159065247,"[543.435546875, 464.0598449707031, 1317.072998046875, 999.3330688476562]",voie1,0.0515
514,1,0.8876323103904724,"[536.8955078125, 464.3622131347656, 1324.2232666015625, 1003.4908447265625]",voie1,0.0514
515,1,0.8876444101333618,"[534.4213256835938, 464.0924987792969, 1326.77392578125, 1004.5889892578125]",voie1,0.0524
516,1,0.884311318397522,"[533.4132690429688, 462.4278564453125, 1328.4573974609375, 1004.6102294921875]",voie1,0.0533
517,1,0.8843911290168762,"[532.7353515625, 461.705322265625, 1328.6873779296875, 1004.4822998046875]",voie1,0.0534
518,1,0.858747124671936,"[593.7476196289062, 453.9151611328125, 1326.5037841796875, 997.1870727539062]",voie1,0.0312
519,1,0.858880877494812,"[617.0515747070312, 451.5163879394531, 1325.255615234375, 994.8690185546875]",voie1,0.0216
520,1,0.8709114789962769,"[563.2821044921875, 453.968505859375, 1329.317138671875, 1003.9022827148438]",voie1,0.0415
521,1,0.8702732920646667,"[544.1256713867188, 454.3858947753906, 1330.6187744140625, 1006.8419189453125]",voie1,0.0486
522,1,0.8187124729156494,"[533.4733276367188, 450.0147399902344, 1331.47021484375, 999.0548095703125]",voie1,0.0535
523,1,0.8188912868499756,"[529.0314331054688, 448.6303405761719, 1331.3740234375, 996.22265625]",voie1,0.0543
524,1,0.8296618461608887,"[526.8806762695312, 446.92376708984375, 1335.4212646484375, 995.73779296875]",voie1,0.0533
525,1,0.8297110795974731,"[526.037109375, 446.1932067871094, 1336.85205078125, 995.3760375976562]",voie1,0.0534
526,1,0.8376917243003845,"[525.8428955078125, 446.04022216796875, 1334.586181640625, 992.6837158203125]",voie1,0.0534
527,1,0.8376616835594177,"[525.4415893554688, 446.7069396972656, 1333.0933837890625, 992.354736328125]",voie1,0.0537
528,1,0.8297120332717896,"[588.885498046875, 447.03533935546875, 1343.5611572265625, 1002.2046508789062]",voie1,0.033
529,1,0.8295585513114929,"[613.9466552734375, 447.3363037109375, 1347.9759521484375, 1005.628173828125]",voie1,0.0233
530,1,0.8327035307884216,"[624.2242431640625, 447.1803894042969, 1356.712646484375, 1008.0040893554688]",voie1,0.0187
531,1,0.8323932886123657,"[626.6098022460938, 446.75799560546875, 1359.3677978515625, 1008.8445434570312]",voie1,0.0177
532,1,0.8466705083847046,"[646.5878295898438, 444.59783935546875, 1362.5723876953125, 1009.0752563476562]",voie1,0.0089
533,1,0.8463906049728394,"[654.5379638671875, 444.0155944824219, 1364.036865234375, 1009.3848876953125]",voie1,0.0054
534,1,0.8458696603775024,"[661.5292358398438, 442.612548828125, 1366.925537109375, 1009.0948486328125]",voie1,0.0021
535,1,0.846562385559082,"[663.5828247070312, 442.3338623046875, 1367.243408203125, 1008.9547119140625]",voie1,0.0011
536,1,0.8666332960128784,"[589.2767333984375, 443.938232421875, 1372.1810302734375, 1009.2156982421875]",voie1,0.0312
537,1,0.8669070601463318,"[562.5910034179688, 444.1597595214844, 1374.010498046875, 1008.9125366210938]",voie1,0.0405
538,1,0.840598464012146,"[629.2911376953125, 441.1236267089844, 1382.2471923828125, 1007.1177978515625]",voie1,0.0159
539,1,0.8408417105674744,"[656.3649291992188, 440.9264221191406, 1385.328369140625, 1007.177001953125]",voie1,0.0043
540,1,0.8632171750068665,"[604.781982421875, 442.6789855957031, 1385.06982421875, 1011.3643188476562]",voie1,0.0254
541,1,0.8630930185317993,"[586.179443359375, 442.5941162109375, 1385.0701904296875, 1012.2362060546875]",voie1,0.0325
542,1,0.8497297167778015,"[632.165283203125, 441.51190185546875, 1393.92138671875, 1013.42138671875]",voie1,0.0147
543,1,0.8501493334770203,"[650.3432006835938, 441.3540954589844, 1397.4326171875, 1014.1199951171875]",voie1,0.007
544,1,0.864097535610199,"[593.9339599609375, 441.33551025390625, 1401.30419921875, 1013.5382080078125]",voie1,0.0295
545,1,0.8642910122871399,"[573.1477661132812, 441.5787048339844, 1402.36962890625, 1013.511474609375]",voie1,0.0371
546,1,0.859024167060852,"[590.142333984375, 440.0391540527344, 1409.2279052734375, 1014.9902954101562]",voie1,0.0309
547,1,0.8596414923667908,"[595.1605224609375, 439.4449462890625, 1411.5174560546875, 1015.8046264648438]",voie1,0.029
548,1,0.8683651685714722,"[613.0537719726562, 438.4045715332031, 1420.8486328125, 1016.1092529296875]",voie1,0.0223
549,1,0.8681674599647522,"[620.3717041015625, 438.2203369140625, 1424.3563232421875, 1016.4916381835938]",voie1,0.0193
550,1,0.8765766620635986,"[570.668701171875, 438.43609619140625, 1428.0828857421875, 1018.031005859375]",voie1,0.037
551,1,0.8772904276847839,"[551.8326416015625, 437.8854675292969, 1429.0140380859375, 1018.444091796875]",voie1,0.0434
552,1,0.8767926692962646,"[550.759521484375, 433.1283264160156, 1437.7696533203125, 1019.048828125]",voie1,0.0428
553,1,0.8767910599708557,"[550.9007568359375, 431.7835388183594, 1440.790771484375, 1019.2353515625]",voie1,0.0425
554,1,0.8716413378715515,"[555.1673583984375, 425.8471374511719, 1444.967041015625, 1019.7774047851562]",voie1,0.0411
555,1,0.8720273375511169,"[556.5096435546875, 423.97064208984375, 1446.3367919921875, 1020.0872802734375]",voie1,0.0406
556,1,0.8744673728942871,"[538.7610473632812, 425.65380859375, 1456.4471435546875, 1020.0669555664062]",voie1,0.0475
557,1,0.8744946122169495,"[531.9931030273438, 426.51324462890625, 1460.337158203125, 1019.8502807617188]",voie1,0.0495
558,1,0.8725525736808777,"[529.4542846679688, 420.832275390625, 1466.23974609375, 1020.5230712890625]",voie1,0.0487
559,1,0.8725709319114685,"[528.9882202148438, 419.0161437988281, 1468.590576171875, 1020.9351196289062]",voie1,0.0487
560,1,0.8743261694908142,"[601.5655517578125, 417.9222717285156, 1478.69580078125, 1021.7147216796875]",voie1,0.0247
561,1,0.8705471754074097,"[554.1661376953125, 416.94891357421875, 1479.0635986328125, 1023.7991333007812]",voie1,0.0406
562,1,0.8791424036026001,"[538.1279296875, 416.95166015625, 1481.0941162109375, 1027.911865234375]",voie1,0.0444
563,1,0.8791923522949219,"[531.7516479492188, 416.61956787109375, 1481.2840576171875, 1029.7032470703125]",voie1,0.0465
564,1,0.897562563419342,"[532.302734375, 416.6445007324219, 1485.5177001953125, 1023.2706909179688]",voie1,0.047
565,1,0.89659583568573,"[533.5366821289062, 417.2131652832031, 1486.8614501953125, 1021.3141479492188]",voie1,0.0463
566,1,0.870555579662323,"[531.0936279296875, 415.5030517578125, 1497.7872314453125, 1023.7697143554688]",voie1,0.0455
567,1,0.8704420924186707,"[530.2048950195312, 414.6576232910156, 1501.6712646484375, 1024.555419921875]",voie1,0.0456
568,1,0.8587624430656433,"[552.7158203125, 413.56463623046875, 1509.8662109375, 1029.1121826171875]",voie1,0.0396
569,1,0.8587454557418823,"[560.5941162109375, 413.1994323730469, 1511.8824462890625, 1030.6424560546875]",voie1,0.0372
570,1,0.8596757650375366,"[570.6936645507812, 412.721923828125, 1517.782958984375, 1030.483154296875]",voie1,0.0339
571,1,0.859723687171936,"[574.1633911132812, 412.8673095703125, 1519.845458984375, 1030.5709228515625]",voie1,0.0327
572,1,0.8875278830528259,"[544.5584106445312, 411.7749938964844, 1519.80126953125, 1030.09765625]",voie1,0.0407
573,1,0.8870635032653809,"[533.67431640625, 410.9200134277344, 1520.002197265625, 1029.738525390625]",voie1,0.0437
574,1,0.8714809417724609,"[533.5860595703125, 411.587158203125, 1521.68603515625, 1033.22265625]",voie1,0.0452
575,1,0.87123042345047,"[533.0918579101562, 412.1571960449219, 1522.117431640625, 1034.2989501953125]",voie1,0.0456
576,1,0.8821169137954712,"[528.702392578125, 410.6745910644531, 1526.0323486328125, 1036.068603515625]",voie1,0.0457
577,1,0.880717396736145,"[527.289306640625, 409.87017822265625, 1527.91064453125, 1036.51806640625]",voie1,0.046
578,1,0.8678073883056641,"[529.1585693359375, 409.99346923828125, 1534.1116943359375, 1036.615478515625]",voie1,0.0453
579,1,0.8678407669067383,"[529.1350708007812, 409.7174377441406, 1535.548583984375, 1036.460693359375]",voie1,0.0452
580,1,0.8692379593849182,"[527.5518798828125, 409.252685546875, 1539.6513671875, 1037.2027587890625]",voie1,0.0457
581,1,0.8692584037780762,"[527.4093017578125, 409.2087707519531, 1541.4854736328125, 1037.5489501953125]",voie1,0.0457
582,1,0.875963568687439,"[533.4258422851562, 408.1849060058594, 1559.5076904296875, 1036.432373046875]",voie1,0.0451
583,1,0.876197338104248,"[534.5001831054688, 408.18658447265625, 1565.47265625, 1036.428466796875]",voie1,0.0447
584,1,0.8541288375854492,"[537.580810546875, 407.2086486816406, 1564.3936767578125, 1037.6834716796875]",voie1,0.0425
585,1,0.8547689318656921,"[538.034912109375, 406.6264343261719, 1563.505859375, 1037.735107421875]",voie1,0.0424
586,1,0.8492216467857361,"[534.359619140625, 400.2373962402344, 1568.9166259765625, 1038.736328125]",voie1,0.0431
587,1,0.8492329120635986,"[532.9385375976562, 397.9256896972656, 1570.65869140625, 1039.3035888671875]",voie1,0.0433
588,1,0.8703199028968811,"[527.8690795898438, 396.49365234375, 1581.1324462890625, 1041.5748291015625]",voie1,0.0435
589,1,0.8699234127998352,"[526.5700073242188, 395.5122985839844, 1585.1507568359375, 1042.649169921875]",voie1,0.0438
590,1,0.8734054565429688,"[526.4356689453125, 393.6183776855469, 1593.622314453125, 1041.02099609375]",voie1,0.0427
591,1,0.8729357719421387,"[526.142822265625, 393.2141418457031, 1596.5308837890625, 1040.1612548828125]",voie1,0.0425
592,1,0.8638930320739746,"[526.2836303710938, 390.5742492675781, 1605.7664794921875, 1043.522216796875]",voie1,0.0423
593,1,0.8637437224388123,"[526.1254272460938, 389.4881896972656, 1608.681640625, 1044.600341796875]",voie1,0.0424
594,1,0.8499132394790649,"[531.3953857421875, 388.7125549316406, 1615.6414794921875, 1044.4725341796875]",voie1,0.0414
595,1,0.8499751687049866,"[532.677490234375, 388.4771423339844, 1617.2939453125, 1044.4906005859375]",voie1,0.0409
596,1,0.8424848914146423,"[630.9168090820312, 385.9726257324219, 1620.68115234375, 1046.8543701171875]",voie1,0.0119
597,1,0.842555046081543,"[669.5638427734375, 385.0298156738281, 1622.137451171875, 1047.7596435546875]",,0.0
598,1,0.8535210490226746,"[577.6019897460938, 385.9539794921875, 1627.9993896484375, 1047.4697265625]",voie1,0.0279
599,1,0.8534212112426758,"[545.4088745117188, 386.30548095703125, 1629.6488037109375, 1047.0595703125]",voie1,0.0369
600,1,0.8572303056716919,"[531.8424682617188, 378.6618347167969, 1633.2366943359375, 1049.32763671875]",voie1,0.0399
601,1,0.849458634853363,"[529.068359375, 378.6151123046875, 1631.8262939453125, 1049.9698486328125]",voie1,0.0407
602,1,0.8376805782318115,"[650.5717163085938, 381.2088928222656, 1691.588134765625, 1043.96533203125]",voie1,0.0212
603,1,0.787988007068634,"[621.16064453125, 383.5710144042969, 1700.630126953125, 1036.123291015625]",voie1,0.0289
604,1,0.8400823473930359,"[610.5792846679688, 372.64886474609375, 1694.2147216796875, 1024.250732421875]",voie1,0.0332
605,1,0.8412226438522339,"[595.8785400390625, 371.6849060058594, 1688.259033203125, 1027.495361328125]",voie1,0.0377
606,1,0.8701918721199036,"[593.5532836914062, 368.744873046875, 1691.879150390625, 1021.7194213867188]",voie1,0.0526
607,1,0.8699140548706055,"[588.8585815429688, 369.1052551269531, 1690.3310546875, 1026.04052734375]",voie1,0.0546
608,1,0.8763094544410706,"[717.5955810546875, 362.85101318359375, 1682.5535888671875, 1024.61376953125]",voie1,0.0227
609,1,0.8763439655303955,"[766.7208862304688, 360.9440612792969, 1684.4964599609375, 1028.0531005859375]",voie1,0.0039
610,1,0.84682297706604,"[798.788330078125, 353.5074462890625, 1678.0223388671875, 1016.2182006835938]",,0.0
611,1,0.8472206592559814,"[808.9010620117188, 352.1555480957031, 1679.1324462890625, 1016.5499877929688]",,0.0
612,1,0.8714479804039001,"[665.4035034179688, 354.9462585449219, 1670.0546875, 1011.1488647460938]",voie1,0.0523
613,1,0.8713710308074951,"[615.2139892578125, 356.10186767578125, 1671.31396484375, 1013.1171875]",voie1,0.0677
614,1,0.8490822315216064,"[600.8055419921875, 358.60101318359375, 1671.02197265625, 1006.5305786132812]",voie1,0.0763
615,1,0.8490602970123291,"[593.814453125, 360.1846923828125, 1675.4996337890625, 1007.6484985351562]",voie1,0.0782
616,1,0.8489964604377747,"[608.6080322265625, 363.04193115234375, 1671.09521484375, 1001.8776245117188]",voie1,0.0749
617,1,0.8491816520690918,"[615.2427368164062, 363.8589172363281, 1675.8079833984375, 1002.7197875976562]",voie1,0.073
618,1,0.8521423935890198,"[607.63330078125, 354.79052734375, 1672.8709716796875, 998.545654296875]",voie1,0.0841
619,1,0.8523382544517517,"[604.5750732421875, 351.697998046875, 1678.0164794921875, 1000.266845703125]",voie1,0.0845
620,1,0.8740134239196777,"[593.994140625, 345.650390625, 1672.818115234375, 997.0946655273438]",voie1,0.0911
621,1,0.8739044666290283,"[591.5140380859375, 342.79827880859375, 1678.304931640625, 999.4777221679688]",voie1,0.0915
622,1,0.8756182193756104,"[722.8148193359375, 346.53863525390625, 1667.7708740234375, 996.3701171875]",voie1,0.059
623,1,0.8753732442855835,"[773.1170654296875, 346.68865966796875, 1668.604248046875, 997.0031127929688]",voie1,0.0394
624,1,0.8774802088737488,"[836.4370727539062, 341.3714904785156, 1661.658447265625, 995.7948608398438]",voie1,0.0117
625,1,0.8777673244476318,"[861.11474609375, 339.3048400878906, 1666.0849609375, 998.9176025390625]",,0.0
626,1,0.8618823885917664,"[864.8815307617188, 333.830078125, 1653.0836181640625, 989.1005859375]",,0.0
627,1,0.8618496656417847,"[868.32666015625, 331.4215087890625, 1655.4266357421875, 988.578369140625]",,0.0
628,1,0.8636873364448547,"[867.1015625, 331.056396484375, 1644.9278564453125, 983.831787109375]",,0.0
629,1,0.8639456629753113,"[867.8567504882812, 329.4783020019531, 1646.7591552734375, 984.0538940429688]",,0.0
630,1,0.8549326658248901,"[864.0653076171875, 332.7217102050781, 1633.833740234375, 981.40576171875]",,0.0
631,1,0.8551269173622131,"[864.5338745117188, 332.3689270019531, 1635.574951171875, 982.2692260742188]",,0.0
632,1,0.8736289739608765,"[862.257080078125, 336.5129699707031, 1622.1148681640625, 981.5565185546875]",,0.0
633,1,0.873622477054596,"[864.1441650390625, 335.9785461425781, 1624.2913818359375, 982.5011596679688]",,0.0
634,1,0.8555119037628174,"[836.9229125976562, 353.54351806640625, 1604.0478515625, 975.6922607421875]",voie1,0.0114
635,1,0.8552109003067017,"[829.65380859375, 356.9880676269531, 1603.6153564453125, 974.016357421875]",voie1,0.015
636,1,0.8694783449172974,"[666.9393310546875, 369.7701110839844, 1589.830322265625, 971.292724609375]",voie1,0.0843
637,1,0.8694612383842468,"[612.6907348632812, 371.0256652832031, 1593.6109619140625, 970.6742553710938]",voie1,0.1008
638,1,0.8877255916595459,"[580.3885498046875, 372.87969970703125, 1587.3585205078125, 972.611083984375]",voie1,0.1064
639,1,0.8880465030670166,"[570.6459350585938, 371.04876708984375, 1593.1949462890625, 974.0313110351562]",voie1,0.1085
640,1,0.8771020770072937,"[554.2962036132812, 372.7889099121094, 1582.864501953125, 970.7689819335938]",voie1,0.1087
641,1,0.8773088455200195,"[550.3585205078125, 371.4913024902344, 1585.561279296875, 971.0115966796875]",voie1,0.1093
642,1,0.8914709687232971,"[560.5934448242188, 372.1044006347656, 1579.308349609375, 972.2739868164062]",voie1,0.1124
643,1,0.8913889527320862,"[565.5166625976562, 370.0947570800781, 1583.5472412109375, 973.6345825195312]",voie1,0.1106
643,2,0.6483238339424133,"[859.0878295898438, 364.2494812011719, 1569.6534423828125, 981.541748046875]",,0.0
644,2,0.8450384736061096,"[859.0223388671875, 365.4588928222656, 1573.7935791015625, 970.798095703125]",voie1,0.0005
645,2,0.8450618386268616,"[860.2059326171875, 365.0029296875, 1579.7578125, 969.3179321289062]",,0.0
646,1,0.8843774795532227,"[545.6046752929688, 372.4056701660156, 1567.0750732421875, 964.8681030273438]",voie1,0.1233
647,1,0.8842782378196716,"[543.97265625, 371.93768310546875, 1568.0535888671875, 964.9102783203125]",voie1,0.1235
648,1,0.8637934923171997,"[632.1846313476562, 371.1197204589844, 1560.729248046875, 960.6574096679688]",voie1,0.1017
649,1,0.8643395304679871,"[664.083984375, 370.0726318359375, 1563.4449462890625, 961.489990234375]",voie1,0.0912
650,1,0.8827353715896606,"[643.2869262695312, 371.15447998046875, 1555.2408447265625, 954.4993896484375]",voie1,0.0986
650,2,0.42130225896835327,"[891.1687622070312, 368.502685546875, 1547.6314697265625, 959.7763061523438]",,0.0
651,1,0.8834370970726013,"[642.1702880859375, 371.659423828125, 1557.0533447265625, 955.9703979492188]",voie1,0.0991
652,1,0.8657321929931641,"[596.48974609375, 375.9945983886719, 1545.4656982421875, 952.4485473632812]",voie1,0.1258
652,2,0.7755890488624573,"[876.2078247070312, 373.1702880859375, 1542.97998046875, 954.99365234375]",voie1,0.009
653,1,0.8653970956802368,"[577.3833618164062, 376.6628112792969, 1547.57275390625, 955.5077514648438]",voie1,0.1323
653,2,0.7760443687438965,"[872.5614013671875, 373.7232666015625, 1545.53857421875, 956.1717529296875]",voie1,0.0112
654,1,0.8703484535217285,"[580.7756958007812, 376.4072570800781, 1535.44287109375, 951.070556640625]",voie1,0.1383
655,1,0.8681474328041077,"[579.332763671875, 375.0647277832031, 1536.352783203125, 952.509765625]",voie1,0.1386
656,1,0.8508337140083313,"[578.7076416015625, 375.6236572265625, 1526.6025390625, 947.8139038085938]",voie1,0.1536
656,2,0.7928662896156311,"[920.248779296875, 371.4124755859375, 1529.3394775390625, 942.3259887695312]",,0.0
657,1,0.8506503105163574,"[576.5775146484375, 374.29296875, 1528.7520751953125, 950.356201171875]",voie1,0.1541
657,2,0.7926926612854004,"[927.6181030273438, 369.8533935546875, 1530.717041015625, 943.2960205078125]",,0.0
658,1,0.8629249334335327,"[577.7218017578125, 375.5486145019531, 1522.485595703125, 943.352294921875]",voie1,0.1598
658,2,0.7727524638175964,"[910.271484375, 372.0010986328125, 1525.431884765625, 933.821044921875]",voie1,0.0106
659,1,0.8630374073982239,"[576.874267578125, 375.1043701171875, 1527.2467041015625, 944.3456420898438]",voie1,0.1593
659,2,0.7734569907188416,"[905.1668090820312, 371.71405029296875, 1530.3238525390625, 933.8671264648438]",voie1,0.0138
660,1,0.8648777008056641,"[577.2559814453125, 376.859619140625, 1510.110107421875, 931.0218505859375]",voie1,0.1696
660,2,0.841271698474884,"[938.9188842773438, 375.3869934082031, 1509.9832763671875, 925.9027709960938]",voie1,0.0081
661,1,0.8645092248916626,"[575.754150390625, 375.09759521484375, 1509.9991455078125, 928.8340454101562]",voie1,0.1685
661,2,0.8412517309188843,"[953.0247802734375, 374.4134216308594, 1508.477294921875, 925.7057495117188]",,0.0
662,1,0.8505851626396179,"[574.9288940429688, 373.5255126953125, 1504.663330078125, 922.5721435546875]",voie1,0.1757
662,2,0.8356798887252808,"[965.82080078125, 372.81683349609375, 1500.04052734375, 913.9622192382812]",,0.0
663,1,0.8508513569831848,"[573.31640625, 373.2081604003906, 1509.1717529296875, 925.4431762695312]",voie1,0.1764
663,2,0.8358997702598572,"[972.0282592773438, 372.57379150390625, 1503.1553955078125, 914.7545166015625]",,0.0
664,1,0.8658103346824646,"[575.3939208984375, 379.71429443359375, 1499.9954833984375, 918.4639282226562]",voie1,0.1884
665,1,0.8657152652740479,"[575.15576171875, 380.6788330078125, 1503.5469970703125, 919.2359619140625]",voie1,0.1884
666,1,0.8584080338478088,"[637.0107421875, 375.37982177734375, 1489.557861328125, 906.9970092773438]",voie1,0.166
666,2,0.8554750680923462,"[986.4251098632812, 376.281005859375, 1485.765380859375, 900.9398193359375]",,0.0
667,1,0.8579303026199341,"[660.2241821289062, 373.1011047363281, 1492.7874755859375, 906.157958984375]",voie1,0.1578
667,3,0.4732725918292999,"[3.279995918273926, 698.1643676757812, 443.4255676269531, 1080.0]",,0.0
667,2,0.8558304905891418,"[989.9155883789062, 376.14385986328125, 1488.9525146484375, 901.6314697265625]",,0.0
668,2,0.8562911152839661,"[999.0314331054688, 380.0933532714844, 1478.13916015625, 899.5698852539062]",,0.0
669,2,0.8562996983528137,"[1004.47509765625, 379.9443664550781, 1480.611572265625, 901.35986328125]",,0.0
670,2,0.8653194308280945,"[1009.0119018554688, 382.14794921875, 1478.0076904296875, 893.410400390625]",,0.0
670,1,0.7885513305664062,"[599.6809692382812, 379.8802490234375, 1487.5443115234375, 902.2272338867188]",voie1,0.1955
671,2,0.8531375527381897,"[1012.3845825195312, 381.833984375, 1481.761474609375, 894.857666015625]",,0.0
672,2,0.8453144431114197,"[1011.3463134765625, 385.4163818359375, 1468.4755859375, 890.3511352539062]",,0.0
672,1,0.7761143445968628,"[614.4906005859375, 381.35845947265625, 1467.2021484375, 898.9166870117188]",voie1,0.192
673,2,0.8453461527824402,"[1014.2099609375, 384.9560852050781, 1470.829833984375, 891.1339721679688]",,0.0
673,1,0.7761152982711792,"[619.5422973632812, 380.7138671875, 1465.8758544921875, 899.498779296875]",voie1,0.1909
674,2,0.8670241832733154,"[1010.9716186523438, 388.6737060546875, 1460.733642578125, 886.2781372070312]",,0.0
674,1,0.8244797587394714,"[592.672119140625, 383.9392395019531, 1456.51318359375, 890.3609008789062]",voie1,0.1988
675,2,0.8663173317909241,"[1012.3427124023438, 388.27081298828125, 1463.3004150390625, 886.6891479492188]",,0.0
675,1,0.8236758708953857,"[582.423583984375, 383.3496398925781, 1459.3997802734375, 889.1749877929688]",voie1,0.1998
676,2,0.8628377914428711,"[1010.1859741210938, 394.1575927734375, 1455.5009765625, 883.94873046875]",,0.0
677,2,0.862517774105072,"[1011.349609375, 393.6190490722656, 1458.7584228515625, 884.6954956054688]",,0.0
678,2,0.8514246940612793,"[938.8556518554688, 395.10589599609375, 1457.5474853515625, 879.4656982421875]",voie1,0.0584
678,1,0.8570517897605896,"[593.1193237304688, 391.8177795410156, 1461.8465576171875, 874.6318359375]",voie1,0.1983
679,2,0.7655201554298401,"[977.9089965820312, 389.83795166015625, 1458.5263671875, 880.4000244140625]",voie1,0.0288
679,1,0.8582130670547485,"[590.7783813476562, 391.111083984375, 1466.3629150390625, 873.0382080078125]",voie1,0.1968
680,2,0.8574981689453125,"[971.8577270507812, 396.14520263671875, 1450.5863037109375, 874.2478637695312]",voie1,0.0414
680,1,0.8572779893875122,"[603.4664306640625, 395.67291259765625, 1456.113525390625, 868.3541870117188]",voie1,0.1989
681,2,0.857315719127655,"[972.6112670898438, 396.85113525390625, 1454.6917724609375, 874.6923828125]",voie1,0.0406
681,1,0.8571702837944031,"[608.3773803710938, 395.4231262207031, 1459.54931640625, 869.3199462890625]",voie1,0.1973
682,2,0.7378990054130554,"[1012.0064697265625, 398.6302490234375, 1441.66845703125, 870.259765625]",voie1,0.0124
682,1,0.8500351309776306,"[602.4251098632812, 394.9499816894531, 1448.783935546875, 864.4047241210938]",voie1,0.1998
683,2,0.7379157543182373,"[1030.0413818359375, 397.6215515136719, 1442.7745361328125, 870.681884765625]",,0.0
683,1,0.8502823710441589,"[599.7241821289062, 393.06622314453125, 1451.0120849609375, 864.6240234375]",voie1,0.1994
684,2,0.8655050992965698,"[1032.6011962890625, 398.76397705078125, 1429.342041015625, 866.3135375976562]",,0.0
684,1,0.8052932620048523,"[680.8499145507812, 394.7008056640625, 1433.90673828125, 861.8381958007812]",voie1,0.1795
685,2,0.8650549054145813,"[1037.2086181640625, 397.2665100097656, 1432.122314453125, 866.7521362304688]",,0.0
685,1,0.8050559163093567,"[709.8578491210938, 393.5577697753906, 1435.466552734375, 862.8524780273438]",voie1,0.1709
686,2,0.8680746555328369,"[1033.24853515625, 401.02655029296875, 1422.713134765625, 866.766357421875]",,0.0
686,1,0.8405800461769104,"[759.95849609375, 398.97894287109375, 1424.1405029296875, 864.0636596679688]",voie1,0.1599
687,2,0.8775216937065125,"[1035.3751220703125, 399.7320556640625, 1426.3465576171875, 867.4237060546875]",,0.0
687,1,0.8270309567451477,"[668.173828125, 396.12213134765625, 1428.1680908203125, 864.0189208984375]",voie1,0.1868
688,2,0.8660680651664734,"[1015.9837646484375, 404.3765563964844, 1422.3453369140625, 866.1634521484375]",voie1,0.0107
688,1,0.8452240824699402,"[628.5191040039062, 401.9365234375, 1424.4525146484375, 860.78759765625]",voie1,0.1999
689,2,0.866309404373169,"[1010.9391479492188, 403.1249084472656, 1426.59326171875, 866.5707397460938]",voie1,0.0155
689,1,0.8454132676124573,"[611.3607177734375, 401.31756591796875, 1429.1263427734375, 860.410400390625]",voie1,0.2025
690,1,0.8833416700363159,"[604.2198486328125, 410.41143798828125, 1416.3900146484375, 858.5799560546875]",voie1,0.2149
691,1,0.883836030960083,"[600.4962768554688, 411.6308898925781, 1416.6962890625, 859.0872802734375]",voie1,0.2166
692,1,0.7092471718788147,"[656.8871459960938, 412.89105224609375, 1410.764404296875, 860.0186767578125]",voie1,0.2061
692,2,0.8403372764587402,"[1044.7725830078125, 413.658935546875, 1412.6536865234375, 864.8361206054688]",,0.0
693,1,0.7096854448318481,"[680.6085815429688, 410.5799865722656, 1415.271240234375, 862.069580078125]",voie1,0.1988
693,2,0.8405976295471191,"[1051.9554443359375, 413.48028564453125, 1414.5772705078125, 865.7037963867188]",,0.0
694,1,0.6782935261726379,"[648.7314453125, 414.20391845703125, 1409.9456787109375, 860.0541381835938]",voie1,0.2155
694,2,0.8257356286048889,"[1057.938232421875, 418.3643798828125, 1408.3697509765625, 863.252197265625]",,0.0
695,1,0.6777116656303406,"[636.1659545898438, 413.29217529296875, 1414.2261962890625, 860.8843994140625]",voie1,0.2176
695,2,0.825623095035553,"[1063.013671875, 417.9327392578125, 1412.1695556640625, 863.968994140625]",,0.0
695,4,0.7087376117706299,"[894.328125, 416.12823486328125, 1410.43359375, 862.7313232421875]",voie1,0.1255
696,2,0.8060333728790283,"[1063.3326416015625, 420.0672607421875, 1404.9794921875, 865.2781372070312]",,0.0
696,4,0.773301362991333,"[812.3905029296875, 418.48065185546875, 1404.2720947265625, 865.1321411132812]",voie1,0.1666
697,2,0.8069255948066711,"[1066.52783203125, 418.7664489746094, 1408.5836181640625, 867.0759887695312]",,0.0
697,4,0.7735170125961304,"[792.7907104492188, 417.4251403808594, 1408.174560546875, 867.1317749023438]",voie1,0.1743
698,1,0.8585916757583618,"[607.710205078125, 429.73876953125, 1406.188720703125, 857.9302978515625]",voie1,0.2317
699,1,0.8583182096481323,"[603.2313842773438, 430.3902893066406, 1409.2333984375, 857.998291015625]",voie1,0.2326
700,1,0.8119648098945618,"[599.8779907226562, 432.07220458984375, 1389.882568359375, 860.5817260742188]",voie1,0.2309
700,2,0.8086709380149841,"[1006.423828125, 434.6694030761719, 1389.826904296875, 867.6256103515625]",voie1,0.0382
701,1,0.812452495098114,"[598.9189453125, 430.0928039550781, 1388.802978515625, 862.051513671875]",voie1,0.2317
701,2,0.8091781735420227,"[1000.018310546875, 434.8817443847656, 1391.3199462890625, 868.0092163085938]",voie1,0.0445
702,1,0.8578786849975586,"[608.9612426757812, 442.3059997558594, 1375.2230224609375, 865.3930053710938]",voie1,0.2374
703,1,0.8578366637229919,"[613.4183959960938, 442.88592529296875, 1377.019775390625, 866.225830078125]",voie1,0.2369
704,1,0.858753502368927,"[616.9213256835938, 446.6156005859375, 1369.64599609375, 866.8870849609375]",voie1,0.2315
705,1,0.8588982224464417,"[618.0264282226562, 444.9716796875, 1373.9976806640625, 867.4653930664062]",voie1,0.2293
706,1,0.8605942726135254,"[615.1414794921875, 446.0571594238281, 1372.1136474609375, 862.7525024414062]",voie1,0.2332
707,1,0.8607865571975708,"[612.9271850585938, 445.4263916015625, 1376.0865478515625, 863.0823974609375]",voie1,0.2321
708,1,0.8560711741447449,"[608.739990234375, 446.85205078125, 1373.0714111328125, 860.0685424804688]",voie1,0.2378
709,1,0.8559277653694153,"[607.0272827148438, 445.5932922363281, 1377.8270263671875, 860.5699462890625]",voie1,0.2364
710,1,0.8400839567184448,"[608.60595703125, 443.5560607910156, 1378.2896728515625, 847.0701904296875]",voie1,0.2438
711,1,0.840275228023529,"[607.71875, 443.3511657714844, 1383.63623046875, 845.178955078125]",voie1,0.2404
712,1,0.8365379571914673,"[613.387451171875, 444.5573425292969, 1379.78466796875, 844.1741333007812]",voie1,0.2386
713,1,0.836652934551239,"[613.9014892578125, 443.6719970703125, 1382.4881591796875, 845.6600341796875]",voie1,0.2384
714,1,0.8187062740325928,"[619.58203125, 445.24578857421875, 1378.5780029296875, 839.099365234375]",voie1,0.2353
714,2,0.7995999455451965,"[865.3377685546875, 446.8840026855469, 1368.363525390625, 839.7572021484375]",voie1,0.1609
715,1,0.8176872730255127,"[620.2249145507812, 444.38262939453125, 1381.3721923828125, 838.4645385742188]",voie1,0.2331
715,2,0.7988251447677612,"[861.7348022460938, 446.1524963378906, 1371.0689697265625, 839.7085571289062]",voie1,0.1613
716,1,0.8154101967811584,"[616.9478759765625, 446.87164306640625, 1368.1810302734375, 837.6498413085938]",voie1,0.2392
716,2,0.7272072434425354,"[972.4367065429688, 447.555908203125, 1359.9937744140625, 836.1189575195312]",voie1,0.0948
717,1,0.8151882886886597,"[616.0551147460938, 446.4258728027344, 1368.9130859375, 838.3927001953125]",voie1,0.2396
717,2,0.7280113697052002,"[1023.6668090820312, 446.6026306152344, 1361.269287109375, 835.8815307617188]",voie1,0.048
718,1,0.8200655579566956,"[647.9635620117188, 449.0714416503906, 1360.68359375, 833.7180786132812]",voie1,0.2413
719,1,0.8201378583908081,"[656.623779296875, 448.21258544921875, 1361.560302734375, 833.8121337890625]",voie1,0.2387
720,1,0.815284252166748,"[648.8818359375, 449.6383056640625, 1361.9573974609375, 830.9553833007812]",voie1,0.2391
721,1,0.8154162764549255,"[644.2330322265625, 448.1567687988281, 1365.650390625, 831.1691284179688]",voie1,0.2381
722,1,0.8018507361412048,"[638.0296020507812, 448.09033203125, 1368.8736572265625, 828.031494140625]",voie1,0.2378
723,1,0.8021562695503235,"[634.2318725585938, 446.4568786621094, 1374.567138671875, 827.9810180664062]",voie1,0.2357
724,1,0.8009170889854431,"[639.5926513671875, 449.43408203125, 1364.4552001953125, 825.9891357421875]",voie1,0.2446
725,1,0.8013463616371155,"[641.2079467773438, 449.0810852050781, 1365.279541015625, 826.4456176757812]",voie1,0.2443
726,1,0.8156846761703491,"[637.25732421875, 453.3006286621094, 1362.6661376953125, 825.5000610351562]",voie1,0.2467
727,1,0.8158583045005798,"[634.4186401367188, 452.804931640625, 1365.793212890625, 825.8084716796875]",voie1,0.2462
728,1,0.7748401761054993,"[647.6544799804688, 457.4666442871094, 1365.3333740234375, 825.7697143554688]",voie1,0.2504
728,2,0.6061439514160156,"[1051.349853515625, 457.59405517578125, 1361.707275390625, 832.9406127929688]",voie1,0.0627
729,1,0.7749066948890686,"[649.6650390625, 457.2521057128906, 1367.57568359375, 827.4099731445312]",voie1,0.2508
729,2,0.6073185205459595,"[1052.478759765625, 456.9797058105469, 1363.47314453125, 833.7334594726562]",voie1,0.0612
730,1,0.8130529522895813,"[660.5452880859375, 460.8531799316406, 1373.38232421875, 825.6884765625]",voie1,0.2522
731,1,0.8130934834480286,"[660.271240234375, 460.2665710449219, 1376.9530029296875, 826.0455322265625]",voie1,0.251
732,1,0.8186705708503723,"[665.4715576171875, 462.3540954589844, 1374.4029541015625, 821.7290649414062]",voie1,0.2528
733,1,0.8186048269271851,"[665.3716430664062, 462.42303466796875, 1376.2896728515625, 821.58056640625]",voie1,0.2521
734,1,0.7909164428710938,"[669.9725341796875, 462.2547912597656, 1375.9169921875, 824.3021240234375]",voie1,0.2639
735,1,0.7905397415161133,"[670.12158203125, 460.8105773925781, 1379.7601318359375, 827.2128295898438]",voie1,0.2644
736,1,0.777001678943634,"[672.4259643554688, 462.6077880859375, 1377.8048095703125, 820.5045776367188]",voie1,0.2659
737,1,0.7762759327888489,"[671.3278198242188, 462.1865539550781, 1380.9962158203125, 819.2832641601562]",voie1,0.2632
738,1,0.8101901412010193,"[673.481201171875, 461.8769836425781, 1373.9212646484375, 814.1478881835938]",voie1,0.2695
739,1,0.8106854557991028,"[673.1972045898438, 461.215576171875, 1375.3199462890625, 814.1339111328125]",voie1,0.2685
739,5,0.5452848672866821,"[672.885009765625, 455.6665344238281, 1167.5404052734375, 815.0498046875]",voie1,0.377
739,6,0.48159804940223694,"[0.8528328537940979, 663.3240356445312, 614.0018310546875, 1079.9998779296875]",,0.0
740,1,0.8231385946273804,"[672.689453125, 460.1097106933594, 1369.0904541015625, 806.3873291015625]",voie1,0.2621
741,1,0.8233810663223267,"[671.5321655273438, 458.92877197265625, 1370.6448974609375, 805.39892578125]",voie1,0.2596
742,1,0.8215983510017395,"[675.6270141601562, 462.03753662109375, 1371.8492431640625, 805.5827026367188]",voie1,0.2697
743,1,0.8215762376785278,"[675.5685424804688, 462.1158142089844, 1375.8477783203125, 807.6881103515625]",voie1,0.2711
744,1,0.8039500117301941,"[676.9827270507812, 462.62127685546875, 1374.0628662109375, 802.1624145507812]",voie1,0.2725
745,1,0.8035117387771606,"[676.4275512695312, 461.88299560546875, 1377.7283935546875, 801.9758911132812]",voie1,0.2704
746,1,0.8012301921844482,"[678.4803466796875, 459.20281982421875, 1384.067138671875, 797.8750610351562]",voie1,0.2637
747,1,0.8009105920791626,"[677.9368896484375, 457.5496520996094, 1390.6600341796875, 798.4813842773438]",voie1,0.261
748,1,0.8116086721420288,"[681.5606079101562, 458.72235107421875, 1386.729736328125, 796.1803588867188]",voie1,0.2701
749,1,0.8117892742156982,"[681.989990234375, 458.30804443359375, 1389.48681640625, 796.6429443359375]",voie1,0.2695
750,1,0.7944693565368652,"[685.0421752929688, 456.8271789550781, 1389.650634765625, 797.099609375]",voie1,0.2798
751,1,0.7950299382209778,"[684.957275390625, 455.65850830078125, 1393.6685791015625, 799.5930786132812]",voie1,0.2809
752,1,0.8155298233032227,"[689.4829711914062, 455.8632507324219, 1389.5526123046875, 783.4622802734375]",voie1,0.2636
753,1,0.8142649531364441,"[690.4273681640625, 455.9624328613281, 1392.6776123046875, 777.8184814453125]",voie1,0.2523
754,1,0.8227051496505737,"[687.2094116210938, 456.2828674316406, 1387.485107421875, 778.0078125]",voie1,0.2669
755,1,0.8224329352378845,"[685.3165283203125, 455.95611572265625, 1390.1683349609375, 779.58447265625]",voie1,0.268
756,1,0.8418777585029602,"[689.4647827148438, 455.8638916015625, 1389.468505859375, 769.3617553710938]",voie1,0.241
757,1,0.8415687084197998,"[690.3077392578125, 454.5628356933594, 1393.4825439453125, 767.012451171875]",voie1,0.2349
758,1,0.6215691566467285,"[686.8732299804688, 455.78912353515625, 1379.8402099609375, 777.3619995117188]",voie1,0.2777
759,1,0.6627951264381409,"[686.0439453125, 456.11041259765625, 1380.217041015625, 785.8941040039062]",voie1,0.2898
760,1,0.7914998531341553,"[687.9640502929688, 456.6330871582031, 1372.2884521484375, 789.1690063476562]",voie1,0.3148
761,1,0.7908675670623779,"[688.5701904296875, 455.66217041015625, 1374.5665283203125, 791.5460815429688]",voie1,0.3159
762,1,0.7843132019042969,"[684.2453002929688, 457.60980224609375, 1366.8414306640625, 789.963623046875]",voie1,0.3219
763,1,0.7844839692115784,"[682.5665893554688, 457.14031982421875, 1369.05224609375, 790.7710571289062]",voie1,0.3218
764,1,0.7936155200004578,"[682.9760131835938, 457.0749816894531, 1368.0428466796875, 792.5525512695312]",voie1,0.3244
765,1,0.7937600016593933,"[683.8174438476562, 455.8123474121094, 1373.8687744140625, 794.2747192382812]",voie1,0.3225
766,1,0.7702274918556213,"[679.3338012695312, 457.76824951171875, 1368.5882568359375, 790.276611328125]",voie1,0.319
767,1,0.7706764340400696,"[678.5095825195312, 456.3600769042969, 1372.747314453125, 789.4317016601562]",voie1,0.3148
768,1,0.7864999771118164,"[679.9324951171875, 454.5646667480469, 1370.0274658203125, 792.5346069335938]",voie1,0.3278
769,1,0.7862722277641296,"[679.8374633789062, 453.112060546875, 1373.646484375, 795.2254028320312]",voie1,0.3281
770,1,0.7891053557395935,"[684.30517578125, 451.4440612792969, 1371.253662109375, 794.8953247070312]",voie1,0.3257
771,1,0.7894297242164612,"[685.8500366210938, 450.2708740234375, 1375.2781982421875, 797.2705078125]",voie1,0.3253
772,1,0.7835025787353516,"[687.7452392578125, 448.88580322265625, 1377.101318359375, 792.6906127929688]",voie1,0.3249
773,1,0.783114492893219,"[687.1735229492188, 448.29815673828125, 1381.564697265625, 793.22216796875]",voie1,0.3232
774,1,0.7746859788894653,"[687.6196899414062, 448.4467468261719, 1381.6815185546875, 793.1468505859375]",voie1,0.3241
775,1,0.7754849195480347,"[686.9404907226562, 447.4050598144531, 1386.190673828125, 794.555419921875]",voie1,0.3231
776,1,0.7458177804946899,"[689.0606079101562, 442.38751220703125, 1384.2545166015625, 792.6678466796875]",voie1,0.3253
777,1,0.7362438440322876,"[689.4630737304688, 441.2164306640625, 1387.2322998046875, 792.1671752929688]",voie1,0.3221
778,1,0.46737831830978394,"[689.81591796875, 439.62445068359375, 1379.12744140625, 796.6649169921875]",voie1,0.3294
779,1,0.45887577533721924,"[689.8132934570312, 437.7470397949219, 1381.205322265625, 798.8002319335938]",voie1,0.3295
780,1,0.7548646926879883,"[688.2996826171875, 436.24066162109375, 1380.5711669921875, 795.0285034179688]",voie1,0.3354
781,1,0.7542828917503357,"[688.2211303710938, 434.9675598144531, 1385.8922119140625, 795.5632934570312]",voie1,0.3323
782,1,0.791018545627594,"[692.1206665039062, 435.7908020019531, 1386.787353515625, 780.2762451171875]",voie1,0.314
783,1,0.7989706993103027,"[690.2442016601562, 433.0968933105469, 1390.83056640625, 785.2337646484375]",voie1,0.3166
784,1,0.7882200479507446,"[694.8163452148438, 431.3888854980469, 1389.9659423828125, 786.3927001953125]",voie1,0.3188
785,1,0.7875332236289978,"[695.6319580078125, 430.23931884765625, 1394.14208984375, 789.0675659179688]",voie1,0.3192
786,1,0.6970254778862,"[694.643798828125, 428.39752197265625, 1387.2200927734375, 767.1401977539062]",voie1,0.294
787,1,0.6999263763427734,"[694.3298950195312, 425.7441101074219, 1392.05615234375, 759.6719970703125]",voie1,0.2791
788,1,0.8189839124679565,"[694.2098999023438, 430.5448913574219, 1389.769287109375, 780.8649291992188]",voie1,0.3135
789,1,0.8084035515785217,"[694.0320434570312, 431.1748962402344, 1393.5596923828125, 785.3308715820312]",voie1,0.3184
790,1,0.8087913990020752,"[697.9529418945312, 426.08087158203125, 1400.9122314453125, 785.957763671875]",voie1,0.3116
791,1,0.8086800575256348,"[698.6939086914062, 424.2405700683594, 1408.478271484375, 788.4930419921875]",voie1,0.3097
794,1,0.6977493762969971,"[702.0211791992188, 421.8055725097656, 1413.6300048828125, 782.4594116210938]",voie1,0.3247
795,1,0.7291123270988464,"[704.1434326171875, 421.1653747558594, 1417.204345703125, 778.2799682617188]",voie1,0.3069
796,1,0.8366560339927673,"[706.3641357421875, 418.6966247558594, 1418.369873046875, 767.1963500976562]",voie1,0.3035
797,1,0.8367058038711548,"[706.3916015625, 418.9795227050781, 1423.5712890625, 765.8458251953125]",voie1,0.2998
798,1,0.7492335438728333,"[706.8955078125, 416.3067626953125, 1420.813232421875, 758.8802490234375]",voie1,0.3225
799,1,0.7477545738220215,"[706.0933837890625, 415.3196105957031, 1422.9832763671875, 758.6105346679688]",voie1,0.3203
800,1,0.7711226940155029,"[706.2623291015625, 412.0753173828125, 1427.942626953125, 760.02099609375]",voie1,0.3299
801,1,0.7731260657310486,"[706.2045288085938, 409.8183288574219, 1434.662353515625, 762.6029663085938]",voie1,0.329
804,1,0.5906705856323242,"[711.1589965820312, 405.5804443359375, 1435.6500244140625, 780.7051391601562]",voie1,0.334
805,1,0.5933706164360046,"[711.6666259765625, 403.71258544921875, 1439.126708984375, 784.6491088867188]",voie1,0.3349
806,1,0.583670437335968,"[703.7321166992188, 405.4801940917969, 1434.88916015625, 791.9677124023438]",voie1,0.3433
807,1,0.5846837759017944,"[701.7182006835938, 404.4721984863281, 1437.611328125, 795.1339111328125]",voie1,0.345
808,1,0.7313917279243469,"[698.97705078125, 400.86322021484375, 1476.3116455078125, 792.5189819335938]",voie1,0.327
809,1,0.7365865707397461,"[697.2476806640625, 399.0528869628906, 1493.199951171875, 790.7608032226562]",voie1,0.3162
810,1,0.7569751739501953,"[691.1930541992188, 398.2205505371094, 1496.1654052734375, 802.5452270507812]",voie1,0.3148
811,1,0.7576215267181396,"[689.8704223632812, 396.8357238769531, 1500.871826171875, 807.1089477539062]",voie1,0.3156
812,1,0.7261369824409485,"[689.2981567382812, 396.155517578125, 1509.3992919921875, 804.8255615234375]",voie1,0.3119
813,1,0.7202271819114685,"[689.2909545898438, 395.4805908203125, 1513.6995849609375, 801.15185546875]",voie1,0.3063
814,1,0.667323112487793,"[709.0518188476562, 395.9360656738281, 1522.93115234375, 811.9418334960938]",voie1,0.3112
815,1,0.6700438261032104,"[713.1257934570312, 396.50311279296875, 1524.1300048828125, 815.8135375976562]",voie1,0.314
816,1,0.7355912923812866,"[711.5928344726562, 392.3606262207031, 1546.707763671875, 808.770263671875]",voie1,0.3085
817,1,0.7344223260879517,"[711.7393188476562, 390.846435546875, 1556.281005859375, 806.1427612304688]",voie1,0.3019
818,1,0.7770873308181763,"[702.9468383789062, 386.8661193847656, 1563.0714111328125, 804.673828125]",voie1,0.2953
819,1,0.7778558731079102,"[701.9989624023438, 385.65057373046875, 1568.0531005859375, 803.887939453125]",voie1,0.2924
820,1,0.7999277710914612,"[698.4435424804688, 381.8785095214844, 1611.1375732421875, 817.5615844726562]",voie1,0.2809
821,1,0.7998206615447998,"[698.6149291992188, 381.2297668457031, 1629.222412109375, 823.5030517578125]",voie1,0.2795
822,1,0.6967480182647705,"[695.8866577148438, 379.5172119140625, 1655.2152099609375, 813.8823852539062]",voie1,0.2628
823,1,0.6999742984771729,"[696.1730346679688, 378.60174560546875, 1665.911865234375, 809.7113647460938]",voie1,0.2562
824,1,0.6571129560470581,"[721.4256591796875, 374.1241149902344, 1688.68115234375, 817.0697631835938]",voie1,0.2544
825,1,0.6559431552886963,"[734.0718383789062, 372.6526794433594, 1698.734619140625, 819.8406372070312]",voie1,0.2498
825,7,0.6089345216751099,"[1078.9410400390625, 368.8542785644531, 1700.4775390625, 827.527099609375]",voie1,0.1283
826,1,0.7492305040359497,"[697.01171875, 358.9900207519531, 1739.6031494140625, 810.7590942382812]",voie1,0.2225
826,7,0.6588732600212097,"[1179.3236083984375, 349.64495849609375, 1736.6298828125, 810.6044921875]",voie1,0.048
827,1,0.7494334578514099,"[685.0985717773438, 353.6505432128906, 1756.5850830078125, 807.2091674804688]",voie1,0.2166
827,7,0.6596196293830872,"[1213.2071533203125, 343.0592956542969, 1749.88330078125, 804.831787109375]",voie1,0.0228
828,1,0.7349734902381897,"[694.0441284179688, 335.8200988769531, 1776.9217529296875, 821.96240234375]",voie1,0.2251
828,7,0.6133615970611572,"[1251.230224609375, 324.6705627441406, 1775.8394775390625, 837.6630249023438]",,0.0
829,1,0.7362223863601685,"[699.9591674804688, 329.4367980957031, 1786.337646484375, 827.5659790039062]",voie1,0.2223
829,7,0.6167935132980347,"[1262.173095703125, 319.0234069824219, 1784.3035888671875, 848.4473266601562]",voie2,0.0035
830,1,0.7070837616920471,"[746.8444213867188, 315.3984069824219, 1823.1864013671875, 825.5071411132812]",voie1,0.1916
830,7,0.6998817920684814,"[1224.9873046875, 307.8863830566406, 1824.5892333984375, 835.3162841796875]",voie1,0.01
831,1,0.7000217437744141,"[767.1712646484375, 310.09185791015625, 1838.6246337890625, 822.9777221679688]",voie1,0.1812
831,7,0.689978301525116,"[1215.3953857421875, 304.111083984375, 1839.5225830078125, 828.1419067382812]",voie1,0.0156
832,1,0.8664034008979797,"[703.3004150390625, 296.291015625, 1851.6805419921875, 885.4298706054688]",voie1,0.2228
832,7,0.8031996488571167,"[1095.79052734375, 292.7516174316406, 1877.702880859375, 880.2782592773438]",voie1,0.086
833,1,0.8659680485725403,"[681.65185546875, 291.45013427734375, 1858.3909912109375, 908.897705078125]",voie1,0.2339
833,7,0.8015274405479431,"[1055.152587890625, 288.9357604980469, 1895.378662109375, 899.3441162109375]",voie1,0.1058
834,1,0.865601658821106,"[666.36962890625, 285.7585754394531, 1888.4737548828125, 929.2970581054688]",voie1,0.237
834,7,0.7341535687446594,"[1144.6328125, 282.5022888183594, 1916.6134033203125, 918.610107421875]",voie1,0.0577
835,1,0.8651660680770874,"[663.1822509765625, 284.046875, 1901.9061279296875, 937.451416015625]",voie1,0.2373
835,7,0.734125018119812,"[1186.6741943359375, 280.63153076171875, 1920.0, 926.1491088867188]",voie1,0.0324
836,7,0.8911867141723633,"[1207.61181640625, 276.5435791015625, 1920.0, 938.4716796875]",voie1,0.01
837,7,0.8912820816040039,"[1218.211669921875, 275.3238525390625, 1920.0, 942.736572265625]",voie1,0.0024
838,7,0.8930333852767944,"[1212.9464111328125, 280.23370361328125, 1920.0, 947.348388671875]",voie1,0.0011
838,1,0.7397364377975464,"[642.6806640625, 283.1579284667969, 1920.0, 956.1640625]",voie1,0.2385
839,7,0.8936548829078674,"[1213.9051513671875, 282.8018493652344, 1920.0, 949.1151733398438]",voie1,0.0003
839,1,0.7386752367019653,"[642.3887329101562, 284.1751708984375, 1920.0, 957.8945922851562]",voie1,0.2394
840,7,0.9063717126846313,"[1210.2884521484375, 277.2610168457031, 1920.0, 956.4518432617188]",,0.0
840,1,0.7299273610115051,"[630.1065063476562, 265.5727844238281, 1920.0, 962.3673095703125]",voie1,0.2335
841,7,0.9067093133926392,"[1212.1640625, 275.0965881347656, 1920.0, 958.7813720703125]",,0.0
841,1,0.729081392288208,"[628.7825317382812, 257.27313232421875, 1920.0, 963.7632446289062]",voie1,0.2314
842,7,0.877250075340271,"[1206.40625, 258.5416259765625, 1920.0, 959.0472412109375]",,0.0
842,1,0.45079150795936584,"[612.3294067382812, 244.50511169433594, 1920.0, 964.6306762695312]",voie1,0.2236
843,7,0.8801020383834839,"[1207.7216796875, 252.52206420898438, 1920.0, 958.849853515625]",,0.0
843,1,0.4523812234401703,"[609.6880493164062, 241.0463104248047, 1920.0, 964.85986328125]",voie1,0.2231
844,7,0.8841519951820374,"[1204.376708984375, 239.51979064941406, 1920.0, 957.0363159179688]",,0.0
845,7,0.8834022283554077,"[1207.02490234375, 235.48123168945312, 1920.0, 956.1453247070312]",,0.0
846,7,0.8917573690414429,"[1196.572021484375, 223.94190979003906, 1920.0, 956.1695556640625]",,0.0
846,1,0.44774019718170166,"[599.2764282226562, 207.19082641601562, 1919.42919921875, 964.6636962890625]",voie1,0.2105
847,7,0.8915495872497559,"[1196.613037109375, 219.3846435546875, 1920.0, 955.831298828125]",,0.0
847,1,0.46126431226730347,"[600.5257568359375, 201.52764892578125, 1920.0, 964.1775512695312]",voie1,0.2084
848,7,0.88882976770401,"[1184.459716796875, 188.263916015625, 1920.0, 956.2472534179688]",,0.0
849,7,0.888626754283905,"[1184.07568359375, 177.1758575439453, 1920.0, 956.3451538085938]",,0.0
850,7,0.8916184902191162,"[1160.345947265625, 176.73727416992188, 1918.2696533203125, 955.3860473632812]",,0.0
850,1,0.5222671627998352,"[574.2684326171875, 166.61231994628906, 1918.0018310546875, 970.3790283203125]",voie1,0.1966
851,7,0.8918464779853821,"[1157.3912353515625, 176.7593231201172, 1920.0, 954.7296752929688]",,0.0
851,8,0.5947335958480835,"[578.1041259765625, 317.1362609863281, 1137.9046630859375, 952.8826293945312]",voie1,0.5547
851,1,0.5245055556297302,"[573.8880615234375, 161.634521484375, 1920.0, 971.3641967773438]",voie1,0.1954
852,7,0.8399826884269714,"[1142.633056640625, 174.5537109375, 1913.93212890625, 953.3305053710938]",,0.0
852,1,0.8256336450576782,"[546.2601928710938, 159.74075317382812, 1913.4423828125, 964.2603149414062]",voie1,0.1973
853,7,0.8396228551864624,"[1146.5640869140625, 174.1659698486328, 1920.0, 953.1598510742188]",,0.0
853,1,0.8248069882392883,"[545.2001953125, 159.63394165039062, 1920.0, 961.9853515625]",voie1,0.1959
854,7,0.8991788029670715,"[1116.228271484375, 162.28912353515625, 1913.1903076171875, 954.9331665039062]",,0.0
854,1,0.5156494975090027,"[517.90283203125, 153.09861755371094, 1889.06884765625, 967.2024536132812]",voie1,0.1912
855,7,0.8993099927902222,"[1115.0064697265625, 157.79246520996094, 1920.0, 954.9970703125]",,0.0
855,1,0.5143551826477051,"[517.651611328125, 150.74632263183594, 1888.029052734375, 968.6234741210938]",voie1,0.1913
856,7,0.9090127944946289,"[1088.0323486328125, 151.06109619140625, 1913.192138671875, 955.4860229492188]",,0.0
857,7,0.908775269985199,"[1088.9705810546875, 148.4992218017578, 1920.0, 955.28955078125]",,0.0
858,7,0.911641001701355,"[1058.423828125, 138.80059814453125, 1913.1031494140625, 956.3870849609375]",,0.0
858,8,0.5200159549713135,"[469.8960266113281, 247.82949829101562, 1052.44873046875, 964.2092895507812]",voie1,0.5179
859,7,0.9117392301559448,"[1058.8424072265625, 135.51168823242188, 1920.0, 956.71533203125]",,0.0
859,8,0.5183789730072021,"[470.15264892578125, 244.70494079589844, 1053.958984375, 964.8646850585938]",voie1,0.5148
860,7,0.9123895168304443,"[1019.796875, 134.18344116210938, 1911.593017578125, 955.9119873046875]",voie1,0.0001
860,1,0.40147775411605835,"[426.653564453125, 139.65077209472656, 1854.3419189453125, 970.672607421875]",voie1,0.1824
861,7,0.9124628901481628,"[1018.5023193359375, 133.8149871826172, 1920.0, 955.2297973632812]",voie1,0.0007
861,1,0.4033476710319519,"[427.09912109375, 139.5017852783203, 1860.2177734375, 970.9234619140625]",voie1,0.1816
862,7,0.9097721576690674,"[990.504638671875, 131.0887451171875, 1912.649658203125, 957.59765625]",voie1,0.0029
863,7,0.9098317623138428,"[993.560302734375, 130.3497772216797, 1920.0, 958.2044677734375]",voie1,0.0015
864,7,0.9130970239639282,"[960.3081665039062, 119.20616912841797, 1910.1842041015625, 958.7974853515625]",,0.0
864,1,0.4305350184440613,"[344.6185607910156, 143.9540252685547, 1777.4390869140625, 973.7897338867188]",voie1,0.1944
865,7,0.9133143424987793,"[962.2949829101562, 114.98191833496094, 1920.0, 958.9371948242188]",,0.0
865,1,0.4313405454158783,"[342.9628601074219, 145.07559204101562, 1775.161376953125, 974.3238525390625]",voie1,0.1954
866,7,0.9004148840904236,"[907.5843505859375, 122.59358978271484, 1909.9566650390625, 955.7296142578125]",voie1,0.0026
866,1,0.4180119037628174,"[303.0489501953125, 145.01931762695312, 1841.8997802734375, 973.3779296875]",voie1,0.177
867,7,0.9003148674964905,"[901.7911987304688, 124.9620132446289, 1920.0, 955.0187377929688]",voie1,0.0049
867,1,0.4227578341960907,"[302.05120849609375, 144.9498291015625, 1883.3297119140625, 973.5736694335938]",voie1,0.1726
868,7,0.8804280757904053,"[873.6607055664062, 113.02616882324219, 1908.8262939453125, 958.5577392578125]",voie1,0.0015
868,1,0.61192786693573,"[259.4634704589844, 143.0181884765625, 1896.200927734375, 971.2730102539062]",voie1,0.1724
869,7,0.8810107111930847,"[877.9803466796875, 108.0281753540039, 1920.0, 960.8793334960938]",,0.0
869,1,0.6123842000961304,"[256.45245361328125, 141.73851013183594, 1918.82275390625, 971.4938354492188]",voie1,0.1704
870,7,0.8968141674995422,"[820.5149536132812, 119.02395629882812, 1909.11376953125, 958.2606201171875]",voie1,0.005
870,1,0.5768854022026062,"[217.17898559570312, 141.1129913330078, 1911.2154541015625, 971.9384155273438]",voie1,0.1633
871,7,0.8970349431037903,"[813.8876342773438, 123.12647247314453, 1920.0, 957.6304931640625]",voie1,0.0075
871,1,0.5780544877052307,"[216.71234130859375, 141.04904174804688, 1920.0, 972.4429321289062]",voie1,0.1628
872,7,0.9054259061813354,"[789.6202392578125, 127.47705841064453, 1909.466796875, 957.7112426757812]",voie1,0.0087
872,8,0.5080461502075195,"[180.13819885253906, 263.3939208984375, 801.4596557617188, 952.5684814453125]",voie1,0.5069
873,7,0.905657947063446,"[795.95068359375, 129.28436279296875, 1920.0, 958.3291625976562]",voie1,0.0063
873,8,0.5128988027572632,"[178.97998046875, 264.60784912109375, 801.9427490234375, 952.90673828125]",voie1,0.5081
874,7,0.8931663036346436,"[766.7626953125, 120.02900695800781, 1913.170166015625, 957.3746948242188]",,0.0
874,1,0.5809177160263062,"[127.63786315917969, 138.8970489501953, 1906.84033203125, 976.82421875]",voie1,0.1614
875,7,0.8936274647712708,"[769.7100219726562, 116.16748809814453, 1920.0, 956.9703979492188]",,0.0
875,1,0.5785148739814758,"[125.34982299804688, 138.51431274414062, 1914.05224609375, 977.8165893554688]",voie1,0.1613
876,7,0.9013383388519287,"[728.1505737304688, 115.7516098022461, 1913.8519287109375, 960.9407348632812]",,0.0
876,8,0.43365317583084106,"[99.65123748779297, 268.9745788574219, 713.9430541992188, 951.7395629882812]",voie1,0.5114
877,7,0.9012344479560852,"[725.1195678710938, 115.90470123291016, 1920.0, 962.146728515625]",voie1,0.0008
877,8,0.4328131675720215,"[98.15693664550781, 269.46142578125, 711.249755859375, 952.0831298828125]",voie1,0.5121
878,7,0.8981336951255798,"[687.1796264648438, 106.72647094726562, 1911.333740234375, 959.7420043945312]",voie1,0.0027
879,7,0.8979687094688416,"[687.302734375, 103.65133666992188, 1920.0, 957.10546875]",voie1,0.0026
880,7,0.8869910836219788,"[629.6032104492188, 108.56429290771484, 1909.7196044921875, 956.3632202148438]",voie1,0.0035
881,7,0.8870975971221924,"[622.85400390625, 110.09103393554688, 1920.0, 955.164306640625]",voie1,0.0055
882,7,0.8771333694458008,"[586.1712646484375, 82.86430358886719, 1909.3135986328125, 950.4203491210938]",voie1,0.0044
882,1,0.4338446855545044,"[2.116481065750122, 132.05064392089844, 1545.0474853515625, 975.0407104492188]",voie1,0.1503
883,7,0.8774769902229309,"[588.8079223632812, 73.16851043701172, 1920.0, 948.090576171875]",voie1,0.0036
883,1,0.43478986620903015,"[2.389822483062744, 131.8766632080078, 1529.7213134765625, 974.2767333984375]",voie1,0.1515
884,7,0.8433651328086853,"[514.2079467773438, 66.07005310058594, 1906.86962890625, 958.3298950195312]",voie1,0.0055
884,1,0.4975389242172241,"[0.0, 139.73141479492188, 1405.0235595703125, 969.9305419921875]",voie1,0.1312
885,7,0.8427766561508179,"[504.2502746582031, 63.34318923950195, 1920.0, 961.0760498046875]",voie1,0.0076
885,1,0.5010482668876648,"[0.0, 142.70225524902344, 1380.001708984375, 967.5435180664062]",voie1,0.1333
886,7,0.7913010716438293,"[408.9104309082031, 48.123863220214844, 1901.9222412109375, 980.2391357421875]",voie1,0.0148
886,1,0.4960940480232239,"[0.0, 138.4442596435547, 1378.5880126953125, 969.6875610351562]",voie1,0.0992
887,7,0.7915252447128296,"[393.42498779296875, 42.42644500732422, 1914.7998046875, 985.3079833984375]",voie1,0.0173
887,1,0.4997771680355072,"[0.0, 137.69161987304688, 1398.597412109375, 969.1090087890625]",voie1,0.0975
888,7,0.8299304246902466,"[333.826171875, 37.47658157348633, 1897.1253662109375, 980.5099487304688]",voie1,0.0117
888,1,0.41342610120773315,"[0.0, 146.68650817871094, 1347.4154052734375, 949.6995239257812]",voie1,0.0628
889,7,0.8299602270126343,"[333.74005126953125, 36.05321502685547, 1912.29833984375, 976.0388793945312]",voie1,0.0113
889,1,0.4124361574649811,"[1.2345244884490967, 151.07398986816406, 1349.4140625, 941.06298828125]",voie1,0.0604
890,7,0.7941298484802246,"[92.36468505859375, 51.101200103759766, 1903.5269775390625, 984.706787109375]",voie1,0.019
891,7,0.7920951247215271,"[26.824962615966797, 58.164085388183594, 1920.0, 985.2078247070312]",voie1,0.0235
892,7,0.7921996712684631,"[0.0, 40.566017150878906, 1905.443359375, 998.4774780273438]",voie1,0.0127
893,7,0.7937793731689453,"[0.0, 35.51050567626953, 1920.0, 999.9700927734375]",voie1,0.0128
894,7,0.7862218618392944,"[0.0, 30.44767189025879, 1905.3343505859375, 1014.9796142578125]",voie1,0.0024
895,7,0.7843570709228516,"[0.0, 30.348493576049805, 1920.0, 1016.4207763671875]",voie1,0.0025
896,7,0.7608194351196289,"[0.0, 26.446475982666016, 1905.4283447265625, 1032.3271484375]",,0.0
897,7,0.7544196844100952,"[0.0, 27.601835250854492, 1920.0, 1032.613525390625]",,0.0
898,7,0.821894109249115,"[0.0, 19.491544723510742, 1904.0308837890625, 1041.0916748046875]",,0.0
899,7,0.8229403495788574,"[0.0, 19.037296295166016, 1920.0, 1037.193115234375]",,0.0
900,7,0.8462908864021301,"[0.0, 23.77358055114746, 1901.287841796875, 1052.0478515625]",,0.0
901,7,0.8459857702255249,"[0.0, 29.765962600708008, 1920.0, 1048.5838623046875]",,0.0
902,7,0.8572627902030945,"[0.0, 24.03533935546875, 1894.0604248046875, 1054.049072265625]",,0.0
903,7,0.8566771149635315,"[0.0, 25.435840606689453, 1920.0, 1048.408447265625]",,0.0
904,7,0.8445848226547241,"[0.0, 5.862674236297607, 1893.4622802734375, 1061.7896728515625]",,0.0
905,7,0.8450053334236145,"[0.617976725101471, 2.3135275840759277, 1920.0, 1060.5013427734375]",,0.0
906,7,0.8529313802719116,"[0.0, 0.0, 1893.870849609375, 1062.80810546875]",,0.0
907,7,0.8540895581245422,"[3.1184959411621094, 0.0, 1920.0, 1054.652099609375]",,0.0
908,7,0.8162713050842285,"[0.0, 10.271206855773926, 1896.5458984375, 1066.1259765625]",,0.0
909,7,0.8175467252731323,"[5.3148956298828125, 19.761709213256836, 1920.0, 1057.77978515625]",,0.0
910,7,0.8393253087997437,"[0.0, 24.758012771606445, 1898.61181640625, 1062.12451171875]",,0.0
911,7,0.8391607403755188,"[7.246586322784424, 32.8928337097168, 1920.0, 1047.009765625]",,0.0
912,7,0.835955023765564,"[0.0, 11.787816047668457, 1890.01416015625, 1049.9820556640625]",,0.0
913,7,0.8363069891929626,"[8.554720878601074, 9.192411422729492, 1920.0, 1036.1812744140625]",,0.0
914,7,0.822003185749054,"[0.0, 0.2617931365966797, 1906.42138671875, 1055.7950439453125]",,0.0
915,7,0.8219718933105469,"[11.231203079223633, 2.8172590732574463, 1920.0, 1036.38134765625]",,0.0
916,7,0.7794314622879028,"[0.0, 0.0, 1899.9227294921875, 1036.554443359375]",,0.0
917,7,0.7803449034690857,"[15.096800804138184, 2.791910171508789, 1920.0, 1018.1632690429688]",,0.0
920,7,0.7310242056846619,"[0.0, 0.0, 1900.8956298828125, 922.607421875]",,0.0
921,7,0.7313130497932434,"[22.000856399536133, 0.0, 1920.0, 902.0405883789062]",,0.0
922,7,0.4557875096797943,"[53.7095832824707, 0.0, 1920.0, 888.1298828125]",,0.0
923,7,0.46491265296936035,"[41.52694320678711, 0.0, 1920.0, 875.9927368164062]",,0.0
924,7,0.5062572956085205,"[65.1324691772461, 5.384253025054932, 1920.0, 892.198486328125]",,0.0
925,7,0.5194581151008606,"[44.384490966796875, 9.901249885559082, 1920.0, 895.9375610351562]",,0.0
926,7,0.5246710777282715,"[56.32528305053711, 6.39368200302124, 1920.0, 901.095947265625]",,0.0
927,7,0.5292834043502808,"[27.849435806274414, 4.473195552825928, 1920.0, 901.8078002929688]",,0.0
928,7,0.4544006288051605,"[52.88554382324219, 26.353593826293945, 1920.0, 874.8335571289062]",,0.0
929,7,0.45597219467163086,"[26.16653823852539, 30.525053024291992, 1920.0, 865.495849609375]",,0.0
930,7,0.6930480003356934,"[279.72845458984375, 51.20876693725586, 1920.0, 846.8612670898438]",,0.0
931,7,0.6933393478393555,"[343.16748046875, 54.310691833496094, 1915.6932373046875, 842.5322265625]",,0.0
932,7,0.6101975440979004,"[365.8586120605469, 69.8236083984375, 1920.0, 854.255615234375]",,0.0
933,7,0.6011930704116821,"[343.88031005859375, 68.71495056152344, 1919.598388671875, 858.9712524414062]",,0.0
934,7,0.6429141163825989,"[346.0140075683594, 71.22351837158203, 1912.9736328125, 998.1090087890625]",,0.0
935,7,0.6561768651008606,"[313.8753356933594, 63.13107681274414, 1918.2879638671875, 1052.7921142578125]",,0.0
936,7,0.719904899597168,"[375.24853515625, 107.41608428955078, 1909.0185546875, 1052.1590576171875]",,0.0
937,7,0.715137243270874,"[372.1046142578125, 107.65383911132812, 1917.70263671875, 1068.733154296875]",,0.0
938,7,0.8480759859085083,"[308.4234619140625, 145.16259765625, 1903.4229736328125, 1036.699951171875]",,0.0
939,7,0.8482698798179626,"[272.62860107421875, 142.8054656982422, 1916.277099609375, 1045.60888671875]",,0.0
940,7,0.7950594425201416,"[270.66961669921875, 154.3799285888672, 1910.0384521484375, 1040.17529296875]",,0.0
941,7,0.8013430237770081,"[261.7900085449219, 151.26380920410156, 1917.0106201171875, 1043.48974609375]",,0.0
942,7,0.8460025787353516,"[507.8722839355469, 150.14505004882812, 1906.5679931640625, 987.9630126953125]",,0.0
943,7,0.8468068838119507,"[590.9580078125, 140.17445373535156, 1917.51220703125, 974.4628295898438]",,0.0
944,7,0.8731624484062195,"[661.6873779296875, 161.24661254882812, 1909.380126953125, 976.632568359375]",,0.0
945,7,0.8731389045715332,"[680.9639282226562, 160.6338653564453, 1920.0, 984.0333251953125]",,0.0
946,7,0.8173211216926575,"[709.4688110351562, 149.8826904296875, 1886.74755859375, 969.8731079101562]",,0.0
947,7,0.8160812854766846,"[711.85888671875, 127.08492279052734, 1910.435791015625, 983.7028198242188]",,0.0
948,7,0.8355417847633362,"[734.8085327148438, 175.9132080078125, 1854.3758544921875, 962.6353759765625]",,0.0
949,7,0.8366138339042664,"[737.5350341796875, 175.2418670654297, 1871.7073974609375, 972.6231689453125]",,0.0
949,10,0.8632108569145203,"[0.02327413111925125, 90.97936248779297, 442.9757080078125, 1016.5809936523438]",voie1,0.8365
950,7,0.8526995778083801,"[274.7566223144531, 144.92938232421875, 1791.5361328125, 978.6079711914062]",voie1,0.0251
951,7,0.8575062155723572,"[108.67169189453125, 115.90013885498047, 1797.4619140625, 997.8761596679688]",voie1,0.0252
952,7,0.8753494024276733,"[54.16909408569336, 105.9915542602539, 1600.67919921875, 996.4733276367188]",voie1,0.026
953,7,0.8789662718772888,"[3.498049259185791, 94.57077026367188, 1550.049560546875, 1002.8900756835938]",voie1,0.0178
954,7,0.7563015818595886,"[13.921603202819824, 110.18851470947266, 1430.88037109375, 981.2537841796875]",voie1,0.0155
954,10,0.7828138470649719,"[9.063008308410645, 105.73139953613281, 766.744873046875, 976.312255859375]",,0.0
955,7,0.7543440461158752,"[0.0, 104.86992645263672, 1410.8907470703125, 985.5839233398438]",voie1,0.0113
955,10,0.7819969654083252,"[0.0, 98.6471939086914, 789.657470703125, 982.1824951171875]",,0.0
956,7,0.884844183921814,"[4.940097808837891, 113.37090301513672, 1315.974853515625, 968.3267822265625]",voie1,0.0094
957,7,0.884486198425293,"[0.0, 109.94691467285156, 1301.5526123046875, 970.3336181640625]",voie1,0.0054
958,7,0.906195878982544,"[1.1735382080078125, 119.67440032958984, 1225.601806640625, 956.922119140625]",voie1,0.0026
959,7,0.9059862494468689,"[0.0, 113.78834533691406, 1214.227783203125, 960.13232421875]",,0.0
960,7,0.883047342300415,"[0.0, 113.46089172363281, 1146.162109375, 952.6973876953125]",,0.0
961,7,0.8828926682472229,"[0.0, 114.51939392089844, 1145.628173828125, 949.6765747070312]",,0.0
962,7,0.8628168106079102,"[0.0, 117.00762176513672, 1101.5296630859375, 945.1114501953125]",voie1,0.0025
963,7,0.8633133769035339,"[0.0, 118.95689392089844, 1106.4578857421875, 943.3854370117188]",voie1,0.0041
964,7,0.8367077708244324,"[0.0, 121.90416717529297, 1126.39794921875, 970.587890625]",voie1,0.0266
965,7,0.8352059125900269,"[0.0, 124.15442657470703, 1151.6275634765625, 980.2156982421875]",voie1,0.0353
966,7,0.904401421546936,"[0.0, 124.84154510498047, 1049.1697998046875, 1004.7448120117188]",voie1,0.0168
967,7,0.90451580286026,"[0.0, 126.66838073730469, 1025.75146484375, 1013.9966430664062]",voie1,0.0077
968,7,0.8838965892791748,"[0.0, 128.82862854003906, 959.5419921875, 1018.3690185546875]",voie1,0.0007
969,7,0.8845264911651611,"[0.0, 131.05374145507812, 951.7589111328125, 1019.4448852539062]",,0.0
970,7,0.8945063352584839,"[0.0, 126.27079010009766, 911.025390625, 1016.67529296875]",,0.0
971,7,0.8954349160194397,"[1.9188084602355957, 125.2894287109375, 912.3285522460938, 1015.1033325195312]",,0.0
972,7,0.8874198794364929,"[0.0, 126.20325469970703, 872.23974609375, 1016.376220703125]",,0.0
972,10,0.810233473777771,"[0.0, 137.54002380371094, 1193.460693359375, 1046.3631591796875]",voie1,0.1158
973,7,0.6444560885429382,"[2.7646923065185547, 119.72838592529297, 873.077880859375, 1014.5247192382812]",,0.0
973,10,0.8406845927238464,"[4.222445964813232, 138.0941925048828, 1215.779052734375, 1034.8970947265625]",voie1,0.1204
974,10,0.8372004628181458,"[0.0, 139.30332946777344, 1171.8695068359375, 1026.3402099609375]",voie1,0.1138
975,10,0.8395020365715027,"[3.5107829570770264, 137.34591674804688, 1167.0870361328125, 1021.596923828125]",voie1,0.1118
976,10,0.8655973672866821,"[0.0, 141.64100646972656, 1133.48583984375, 1009.1389770507812]",voie1,0.1119
977,10,0.865217387676239,"[4.035956859588623, 140.0064697265625, 1130.4739990234375, 1004.5552368164062]",voie1,0.1105
978,10,0.8725153803825378,"[1.7690216302871704, 141.01072692871094, 1127.416748046875, 999.4873657226562]",voie1,0.1124
979,10,0.8727046251296997,"[5.203449726104736, 140.63633728027344, 1130.5052490234375, 997.094482421875]",voie1,0.113
980,10,0.8610164523124695,"[3.092853307723999, 149.34902954101562, 1120.6558837890625, 1000.4318237304688]",voie1,0.1168
981,10,0.8615679144859314,"[5.209157943725586, 152.30050659179688, 1120.2117919921875, 1001.4466552734375]",voie1,0.1175
982,10,0.8462527990341187,"[3.6176528930664062, 152.61061096191406, 1121.7694091796875, 1001.2156372070312]",voie1,0.1184
982,7,0.8787391185760498,"[0.0, 142.70233154296875, 784.957275390625, 986.1868896484375]",,0.0
983,10,0.8472932577133179,"[4.425596237182617, 152.28807067871094, 1123.354248046875, 1000.4064331054688]",voie1,0.1187
983,7,0.8794752955436707,"[2.3507139682769775, 143.08668518066406, 784.79150390625, 984.0731811523438]",,0.0
984,10,0.8652878999710083,"[5.313167095184326, 152.47032165527344, 1115.23779296875, 1003.3167724609375]",voie1,0.1171
984,7,0.8946855068206787,"[3.5807723999023438, 145.61683654785156, 785.2622680664062, 988.471435546875]",,0.0
985,10,0.865237295627594,"[4.282672882080078, 152.6594696044922, 1111.029052734375, 1004.632080078125]",voie1,0.1161
985,7,0.894765317440033,"[2.841175079345703, 146.65611267089844, 784.7626342773438, 990.4896240234375]",,0.0
986,10,0.8720914721488953,"[4.620556354522705, 150.3939971923828, 1113.7139892578125, 1001.4053955078125]",voie1,0.1157
986,7,0.8960895538330078,"[3.6083855628967285, 145.43212890625, 784.8572387695312, 987.2266845703125]",,0.0
987,10,0.8725268244743347,"[3.4192652702331543, 150.2424774169922, 1114.0552978515625, 999.9039306640625]",voie1,0.1153
987,7,0.8962628245353699,"[2.5767664909362793, 145.59506225585938, 784.4212036132812, 986.185546875]",,0.0
988,10,0.8342319130897522,"[2.444441795349121, 139.68955993652344, 1092.9324951171875, 1000.2792358398438]",voie1,0.1093
988,7,0.8776490092277527,"[1.963744044303894, 119.41555786132812, 784.4049072265625, 987.1276245117188]",,0.0
989,10,0.8344597816467285,"[2.2146284580230713, 136.75531005859375, 1085.0714111328125, 999.7913818359375]",voie1,0.1067
989,7,0.8775227069854736,"[1.955236554145813, 110.87763977050781, 785.000732421875, 987.1646118164062]",,0.0
990,10,0.8141738176345825,"[2.5090491771698, 133.88804626464844, 1093.3927001953125, 1009.3427124023438]",voie1,0.1094
990,7,0.8770540356636047,"[2.616101026535034, 111.8803482055664, 786.4443359375, 997.0096435546875]",,0.0
991,10,0.8154811263084412,"[1.9094107151031494, 132.56663513183594, 1095.396728515625, 1012.1143798828125]",voie1,0.1102
991,7,0.8778185844421387,"[2.1794822216033936, 112.16785430908203, 786.4364013671875, 1000.0928344726562]",,0.0
992,10,0.8748723864555359,"[2.8131494522094727, 133.13369750976562, 1145.4276123046875, 1014.5161743164062]",voie1,0.1228
992,7,0.7569437623023987,"[2.5520553588867188, 115.53311920166016, 819.4390869140625, 1004.9189453125]",voie1,0.0069
993,10,0.8747172355651855,"[1.7188769578933716, 133.6301727294922, 1162.7779541015625, 1014.970947265625]",voie1,0.1272
993,7,0.7534372210502625,"[1.2800871133804321, 117.21480560302734, 828.7719116210938, 1006.5482177734375]",voie1,0.0113
994,10,0.8681359887123108,"[2.029664993286133, 135.6688690185547, 1176.2484130859375, 1018.1356811523438]",voie1,0.1314
994,7,0.733103334903717,"[1.561306357383728, 118.09095001220703, 808.8001098632812, 1009.587158203125]",voie1,0.0013
995,10,0.8691319823265076,"[1.179640531539917, 136.8169708251953, 1180.9649658203125, 1019.1593017578125]",voie1,0.1328
995,7,0.7339045405387878,"[0.7141380310058594, 118.80865478515625, 800.1482543945312, 1010.7762451171875]",,0.0
996,10,0.857969343662262,"[0.3997320234775543, 143.0140838623047, 1180.911865234375, 1017.0422973632812]",voie1,0.1331
996,7,0.6543305516242981,"[0.0, 124.75019073486328, 809.5511474609375, 1008.7482299804688]",voie1,0.002
997,10,0.8587278723716736,"[0.5004866719245911, 145.58441162109375, 1180.9405517578125, 1015.3521728515625]",voie1,0.1331
997,7,0.6472678184509277,"[0.13340602815151215, 127.45685577392578, 818.5615234375, 1007.3663330078125]",voie1,0.0064
998,10,0.8519009351730347,"[0.13916200399398804, 143.586181640625, 1175.0086669921875, 1004.9475708007812]",voie1,0.1296
999,10,0.8513826727867126,"[0.3638395667076111, 142.80543518066406, 1172.8636474609375, 1000.8003540039062]",voie1,0.1281
1000,10,0.8104912638664246,"[1.3394111394882202, 142.43295288085938, 1184.5531005859375, 1009.8896484375]",voie1,0.1303
1000,7,0.8898957967758179,"[0.8033295273780823, 104.32984924316406, 806.2457275390625, 995.6958618164062]",,0.0
1001,10,0.8100099563598633,"[0.6571239233016968, 141.62840270996094, 1187.4261474609375, 1012.5327758789062]",voie1,0.1314
1001,7,0.8891394138336182,"[0.5800795555114746, 100.8786392211914, 803.615478515625, 993.06005859375]",,0.0
1002,10,0.8404281735420227,"[0.0, 146.08653259277344, 1184.2879638671875, 1006.2037353515625]",voie1,0.1309
1002,7,0.8792376518249512,"[0.0, 125.32164001464844, 804.120849609375, 997.0296020507812]",,0.0
1003,10,0.8398983478546143,"[0.09288773685693741, 148.08908081054688, 1183.2132568359375, 1003.16845703125]",voie1,0.1304
1003,7,0.8788444399833679,"[0.2929181158542633, 134.89707946777344, 804.7800903320312, 998.2750854492188]",,0.0
1004,10,0.8696542382240295,"[0.0, 150.1638946533203, 1185.7708740234375, 990.3017578125]",voie1,0.1307
1005,10,0.8704100251197815,"[0.0, 150.57583618164062, 1187.53955078125, 985.000732421875]",voie1,0.1299
1006,10,0.8429517149925232,"[1.2734522819519043, 151.9889373779297, 1192.6282958984375, 980.7969970703125]",voie1,0.1301
1007,10,0.843521773815155,"[1.931974172592163, 152.2064971923828, 1194.9085693359375, 978.5388793945312]",voie1,0.1301
1008,10,0.8067846298217773,"[0.14171241223812103, 150.6963348388672, 1196.1251220703125, 990.9422607421875]",voie1,0.1348
1008,7,0.7889454960823059,"[0.308838427066803, 143.4940643310547, 826.1350708007812, 1001.4964599609375]",voie1,0.0121
1009,10,0.8055782318115234,"[0.31403541564941406, 150.39239501953125, 1196.410888671875, 995.9544067382812]",voie1,0.136
1009,7,0.7818785905838013,"[1.082848072052002, 144.1017608642578, 826.446044921875, 1002.0076293945312]",voie1,0.0123
1010,10,0.8417955636978149,"[0.0, 153.3960418701172, 1094.2811279296875, 997.809814453125]",voie1,0.1124
1011,10,0.8408152461051941,"[0.0, 153.66384887695312, 1050.4322509765625, 997.9371337890625]",voie1,0.1
1012,10,0.8647307753562927,"[0.0, 156.1002197265625, 994.6734008789062, 995.051025390625]",voie1,0.0826
1013,10,0.8648818731307983,"[0.22483302652835846, 156.29232788085938, 978.9166259765625, 994.2173461914062]",voie1,0.0772
1014,10,0.8731444478034973,"[0.2736595869064331, 151.64535522460938, 1122.7928466796875, 998.815185546875]",voie1,0.1206
1015,10,0.8732280135154724,"[0.45137810707092285, 150.1168212890625, 1172.7235107421875, 1000.7882080078125]",voie1,0.1333
1016,10,0.888453483581543,"[0.19974012672901154, 150.79412841796875, 1193.9906005859375, 1002.7322387695312]",voie1,0.1409
1017,10,0.8877965807914734,"[0.36577045917510986, 151.03817749023438, 1201.884033203125, 1003.7093505859375]",voie1,0.143
1018,10,0.8642278909683228,"[0.0, 157.97642517089844, 1203.8809814453125, 1005.818359375]",voie1,0.1449
1019,10,0.8637785911560059,"[0.07199963182210922, 159.522216796875, 1204.54248046875, 1006.2080078125]",voie1,0.1454
1020,7,0.876203179359436,"[10.851430892944336, 146.5755615234375, 985.38916015625, 997.2164916992188]",voie1,0.0799
1021,7,0.8761937618255615,"[11.493217468261719, 146.30984497070312, 997.8805541992188, 996.5877685546875]",voie1,0.0841
1022,7,0.8878341913223267,"[5.308338165283203, 145.71853637695312, 871.3455200195312, 987.8676147460938]",voie1,0.0317
1022,10,0.8613404035568237,"[2.177201509475708, 156.98646545410156, 1205.1239013671875, 994.2256469726562]",voie1,0.1385
1023,7,0.8879808187484741,"[1.9602634906768799, 144.9387969970703, 818.25732421875, 984.381591796875]",voie1,0.0072
1023,10,0.8613818883895874,"[1.898642897605896, 156.20774841308594, 1203.205322265625, 992.052734375]",voie1,0.1374
1024,7,0.8604868054389954,"[2.9095652103424072, 152.8153076171875, 801.65673828125, 984.88134765625]",voie1,0.0001
1024,10,0.8393848538398743,"[1.236930012702942, 160.16529846191406, 1215.871826171875, 982.3778686523438]",voie1,0.1403
1025,7,0.8594769239425659,"[4.200285911560059, 155.89039611816406, 796.699462890625, 985.272705078125]",,0.0
1025,10,0.840157151222229,"[1.6467028856277466, 161.78607177734375, 1220.948486328125, 979.0025634765625]",voie1,0.1409
1026,7,0.8862575888633728,"[0.9896001815795898, 149.6490936279297, 791.6165771484375, 988.021728515625]",,0.0
1026,10,0.8019704818725586,"[0.8569240570068359, 156.51065063476562, 1242.7078857421875, 989.1619262695312]",voie1,0.1477
1027,7,0.8857317566871643,"[0.5277954936027527, 147.4786376953125, 790.4378051757812, 989.1353759765625]",,0.0
1027,10,0.7995982766151428,"[1.231868028640747, 154.75973510742188, 1251.8543701171875, 993.18701171875]",voie1,0.1504
1028,7,0.8836244940757751,"[0.5090959072113037, 147.0749053955078, 788.8106689453125, 999.924072265625]",,0.0
1028,10,0.8516722321510315,"[1.4786930084228516, 155.49142456054688, 1217.6846923828125, 1005.797119140625]",voie1,0.1466
1029,7,0.8834659457206726,"[0.25690609216690063, 150.21083068847656, 785.2775268554688, 1004.4539184570312]",,0.0
1029,10,0.8512941002845764,"[1.210614562034607, 155.0812225341797, 1203.26904296875, 1010.2880249023438]",voie1,0.1441
1030,7,0.89374840259552,"[0.0, 152.63211059570312, 786.5518798828125, 1003.2612915039062]",,0.0
1030,10,0.8558938503265381,"[0.08685097098350525, 158.91294860839844, 1143.0294189453125, 1008.259765625]",voie1,0.1305
1031,7,0.8937662243843079,"[0.2755706012248993, 152.99607849121094, 787.3995361328125, 1002.5554809570312]",,0.0
1031,10,0.8294092416763306,"[0.6277522444725037, 161.56765747070312, 1198.3624267578125, 1015.3356323242188]",voie1,0.1468
1032,7,0.8095899224281311,"[0.0, 148.79689025878906, 785.6175537109375, 1002.0485229492188]",,0.0
1032,10,0.8865609765052795,"[0.0, 160.92910766601562, 1208.879150390625, 1008.1596069335938]",voie1,0.1467
1033,7,0.8093208074569702,"[0.0, 146.89260864257812, 785.7426147460938, 1001.422607421875]",,0.0
1033,10,0.8855102062225342,"[0.4996930658817291, 160.5851593017578, 1214.3299560546875, 1005.0067138671875]",voie1,0.1472
1034,7,0.8861412405967712,"[0.0, 149.2950897216797, 787.9374389648438, 1006.7884521484375]",,0.0
1034,10,0.8566260933876038,"[0.37756672501564026, 158.1859130859375, 1209.1993408203125, 1010.6873168945312]",voie1,0.148
1035,7,0.8857198357582092,"[0.24434295296669006, 149.38827514648438, 788.4742431640625, 1008.489501953125]",,0.0
1035,10,0.85542231798172,"[0.664288341999054, 156.41871643066406, 1205.616943359375, 1012.8165893554688]",voie1,0.1473
1036,7,0.8485593199729919,"[0.9615402817726135, 148.12026977539062, 792.437255859375, 1012.6712036132812]",,0.0
1036,10,0.7663745880126953,"[1.1426513195037842, 154.4849853515625, 1271.89208984375, 1015.669189453125]",voie1,0.1626
1037,7,0.8492085933685303,"[0.7451925873756409, 147.42332458496094, 792.966552734375, 1013.6510009765625]",,0.0
1037,10,0.7709869742393494,"[0.8257837295532227, 153.60877990722656, 1304.74462890625, 1016.4623413085938]",voie1,0.1696
1038,7,0.8793025612831116,"[0.6141977310180664, 139.78744506835938, 789.3411254882812, 1013.1690673828125]",,0.0
1038,10,0.640627920627594,"[0.6097513437271118, 148.44671630859375, 1338.2281494140625, 1017.3709106445312]",voie1,0.176
1039,7,0.8791922330856323,"[0.6133196353912354, 137.15982055664062, 788.0119018554688, 1012.9678344726562]",,0.0
1039,10,0.6384164094924927,"[0.5414361357688904, 146.61331176757812, 1353.0291748046875, 1017.7454833984375]",voie1,0.1786
1040,7,0.6314494609832764,"[0.674321174621582, 137.63075256347656, 787.8140869140625, 1014.1613159179688]",,0.0
1040,10,0.7997556328773499,"[0.835922122001648, 160.18798828125, 1272.9232177734375, 1015.7765502929688]",voie1,0.1648
1041,7,0.5745837688446045,"[0.29823562502861023, 137.08840942382812, 793.7508544921875, 1014.4728393554688]",,0.0
1041,10,0.8171657919883728,"[0.49754640460014343, 165.77798461914062, 1276.41259765625, 1013.7006225585938]",voie1,0.1661
1042,7,0.9061004519462585,"[0.1766873151063919, 133.45970153808594, 810.219482421875, 1016.4746704101562]",,0.0
1042,10,0.58387291431427,"[0.39581140875816345, 157.92364501953125, 1225.5096435546875, 1016.0745239257812]",voie1,0.1515
1043,7,0.9060251712799072,"[0.09720053523778915, 131.9716796875, 816.1588745117188, 1016.6929931640625]",voie1,0.0023
1043,10,0.5799791812896729,"[0.28990012407302856, 154.76675415039062, 1205.850341796875, 1016.5475463867188]",voie1,0.1461
1044,7,0.9016647338867188,"[0.5753058195114136, 136.5771484375, 818.4658813476562, 1010.7496337890625]",voie1,0.0042
1044,10,0.6127365827560425,"[0.47418013215065, 153.4993133544922, 1250.8509521484375, 1013.2377319335938]",voie1,0.1579
1045,7,0.9010225534439087,"[0.5098381042480469, 138.549560546875, 818.5586547851562, 1008.5860595703125]",voie1,0.0042
1045,10,0.6066666841506958,"[0.26889345049858093, 153.2158660888672, 1267.6507568359375, 1012.3280639648438]",voie1,0.1615
1045,11,0.6116518974304199,"[814.9119873046875, 198.3262176513672, 1239.3349609375, 1022.9345703125]",voie1,0.4793
1046,7,0.9004762768745422,"[1.6675974130630493, 141.42718505859375, 817.913330078125, 1002.188232421875]",voie1,0.003
1046,10,0.6656732559204102,"[0.39771315455436707, 155.57774353027344, 1268.060791015625, 1009.250244140625]",voie1,0.161
1046,11,0.6841986775398254,"[810.2321166992188, 185.34268188476562, 1240.243408203125, 1029.31689453125]",voie1,0.4745
1047,7,0.9004287719726562,"[1.8468204736709595, 142.6143341064453, 817.259521484375, 999.5797119140625]",voie1,0.0026
1047,10,0.6657160520553589,"[0.19082732498645782, 156.57542419433594, 1268.185302734375, 1007.8208618164062]",voie1,0.1608
1047,11,0.6866545081138611,"[808.3045043945312, 180.94046020507812, 1240.1024169921875, 1031.23583984375]",voie1,0.4709
1048,7,0.6919194459915161,"[1.756615400314331, 151.0980224609375, 818.1345825195312, 1000.5307006835938]",,0.0
1048,10,0.8641794323921204,"[0.18434268236160278, 165.7415008544922, 1251.2249755859375, 1006.9163208007812]",voie1,0.1557
1049,7,0.6938387751579285,"[1.6486939191818237, 153.3854217529297, 818.2316284179688, 1000.3670654296875]",,0.0
1049,10,0.8646429181098938,"[0.0996251180768013, 168.2983856201172, 1244.1400146484375, 1006.271240234375]",voie1,0.1542
1050,10,0.8546769618988037,"[0.5311000943183899, 170.80715942382812, 1250.182373046875, 999.4076538085938]",voie1,0.1552
1051,10,0.8532900810241699,"[0.16007429361343384, 171.8472137451172, 1252.04150390625, 997.203369140625]",voie1,0.1551
1052,10,0.5942354798316956,"[0.0, 165.2042999267578, 1276.8192138671875, 996.0202026367188]",voie1,0.1594
1052,11,0.6315062642097473,"[805.699462890625, 188.73526000976562, 1242.157958984375, 1032.8245849609375]",voie1,0.4669
1052,7,0.8788033127784729,"[0.7474130392074585, 140.25173950195312, 816.9776611328125, 988.0538940429688]",voie1,0.0005
1053,10,0.8529760837554932,"[0.0, 168.85433959960938, 1256.7537841796875, 997.8751831054688]",voie1,0.1556
1053,7,0.5961741209030151,"[1.2357348203659058, 150.56690979003906, 813.9744873046875, 992.5068969726562]",,0.0
1054,10,0.6220073103904724,"[0.0, 162.64926147460938, 1299.8004150390625, 993.7811279296875]",voie1,0.1602
1054,7,0.8784885406494141,"[0.36847788095474243, 139.77764892578125, 821.1254272460938, 986.09423828125]",,0.0
1054,11,0.47510597109794617,"[739.1292724609375, 189.49098205566406, 1202.0491943359375, 1042.8511962890625]",voie1,0.3955
1055,10,0.621182382106781,"[0.0, 159.71092224121094, 1315.9287109375, 992.3939208984375]",voie1,0.1627
1055,7,0.8781219124794006,"[0.17430536448955536, 135.09060668945312, 823.4089965820312, 983.5664672851562]",voie1,0.0005
1055,11,0.4735422730445862,"[726.0282592773438, 189.43821716308594, 1193.65966796875, 1045.0009765625]",voie1,0.384
1056,10,0.7183346748352051,"[0.47898057103157043, 165.3828582763672, 1276.99365234375, 1001.8681640625]",voie1,0.1582
1056,7,0.8009658455848694,"[0.5220016837120056, 150.3085479736328, 829.19580078125, 991.6926879882812]",voie1,0.0041
1057,10,0.7205118536949158,"[0.17007172107696533, 167.61851501464844, 1260.1485595703125, 1005.7801513671875]",voie1,0.1556
1057,7,0.8018677830696106,"[0.17545393109321594, 156.20208740234375, 830.5791625976562, 994.9871826171875]",voie1,0.0048
1058,10,0.6650902032852173,"[0.3029446303844452, 165.28396606445312, 1262.5133056640625, 1000.3734130859375]",voie1,0.1546
1058,7,0.8791238069534302,"[0.510952353477478, 148.6463165283203, 827.1395874023438, 994.2251586914062]",voie1,0.0012
1058,11,0.7090603709220886,"[809.0050048828125, 190.0873565673828, 1234.7344970703125, 1028.223388671875]",voie1,0.4597
1059,10,0.6657540798187256,"[0.07924216985702515, 163.98081970214844, 1263.3284912109375, 998.2258911132812]",voie1,0.154
1059,7,0.8790003657341003,"[0.37272581458091736, 145.34877014160156, 825.1547241210938, 993.641845703125]",voie1,0.0001
1059,11,0.7080850005149841,"[823.6238403320312, 190.14295959472656, 1241.9383544921875, 1025.4393310546875]",voie1,0.4744
1060,10,0.6382626891136169,"[0.0, 162.96310424804688, 1281.8837890625, 999.3190307617188]",voie1,0.1593
1060,7,0.8739785552024841,"[0.0, 139.4457244873047, 824.3599243164062, 998.2974243164062]",,0.0
1060,11,0.6348499059677124,"[827.8532104492188, 188.3014678955078, 1244.763671875, 1025.648193359375]",voie1,0.4776
1061,10,0.6377792954444885,"[0.0, 162.58592224121094, 1288.83642578125, 999.8546142578125]",voie1,0.161
1061,7,0.8735237717628479,"[0.0, 137.36468505859375, 824.0972290039062, 999.844482421875]",,0.0
1061,11,0.6360791921615601,"[829.5852661132812, 187.8785858154297, 1245.703125, 1026.0736083984375]",voie1,0.4778
1062,10,0.6208289265632629,"[0.0, 163.38780212402344, 1302.19580078125, 1000.6605834960938]",voie1,0.1644
1062,7,0.8677482008934021,"[0.0, 137.987548828125, 824.9561767578125, 999.8573608398438]",,0.0
1062,11,0.5777448415756226,"[825.4078369140625, 188.0048065185547, 1248.9122314453125, 1030.9708251953125]",voie1,0.4816
1063,10,0.622139036655426,"[0.015856267884373665, 162.68470764160156, 1307.069580078125, 1001.123046875]",voie1,0.1655
1063,7,0.8675454258918762,"[0.0, 137.11135864257812, 824.760498046875, 999.5921630859375]",,0.0
1063,11,0.5794832706451416,"[823.8348388671875, 187.6877899169922, 1249.9102783203125, 1033.095458984375]",voie1,0.4809
1064,10,0.8547484278678894,"[0.0, 173.57762145996094, 1287.529052734375, 1008.0787963867188]",voie1,0.1642
1064,7,0.768470048904419,"[0.0, 150.6946563720703, 832.3057861328125, 1007.034423828125]",voie1,0.0019
1065,10,0.8548131585121155,"[0.0, 177.22415161132812, 1279.319091796875, 1010.8916625976562]",voie1,0.1637
1065,7,0.7679280042648315,"[0.0, 155.51499938964844, 835.0514526367188, 1009.6730346679688]",voie1,0.0034
1066,10,0.8339272737503052,"[0.0, 176.9729766845703, 1252.2677001953125, 1017.2330932617188]",voie1,0.1593
1066,7,0.7661010026931763,"[0.0, 156.2692108154297, 830.677490234375, 1013.9434814453125]",voie1,0.0004
1067,10,0.8348863124847412,"[0.0, 176.53514099121094, 1242.534423828125, 1019.9024658203125]",voie1,0.1573
1067,7,0.767043948173523,"[0.07780132442712784, 156.27774047851562, 828.8696899414062, 1015.541015625]",,0.0
1068,10,0.6685905456542969,"[0.0, 169.7019500732422, 1271.6805419921875, 1012.87890625]",voie1,0.1639
1068,7,0.8868877291679382,"[0.0, 148.38156127929688, 826.0612182617188, 1012.4403686523438]",voie1,0.0012
1068,11,0.6893027424812317,"[827.3960571289062, 195.30905151367188, 1254.024658203125, 1026.67919921875]",voie1,0.4887
1069,10,0.6697817444801331,"[0.013125857338309288, 167.3209228515625, 1283.2509765625, 1010.031982421875]",voie1,0.1655
1069,7,0.8868359923362732,"[0.02257615700364113, 145.9888458251953, 825.4742431640625, 1010.9489135742188]",voie1,0.0008
1069,11,0.688448965549469,"[827.7406005859375, 196.141357421875, 1254.1881103515625, 1026.2174072265625]",voie1,0.489
1070,10,0.8475397825241089,"[0.0, 172.3728790283203, 1264.9744873046875, 1014.376953125]",voie1,0.1646
1070,7,0.7964909672737122,"[0.0, 150.0257110595703, 823.4908447265625, 1010.3423461914062]",voie1,0.0016
1071,10,0.8483619689941406,"[0.0, 174.78477478027344, 1259.135498046875, 1016.1460571289062]",voie1,0.164
1071,7,0.7966734170913696,"[0.0, 152.1315155029297, 823.8753051757812, 1010.2816772460938]",voie1,0.0017
1072,10,0.6386728882789612,"[0.0, 168.1461639404297, 1285.2305908203125, 1009.2550659179688]",voie1,0.1663
1072,7,0.89098060131073,"[0.0, 141.93699645996094, 824.4896240234375, 1004.4887084960938]",voie1,0.0013
1072,11,0.6374457478523254,"[827.3826904296875, 195.62225341796875, 1255.6328125, 1025.85888671875]",voie1,0.4876
1073,10,0.6380511522293091,"[0.1745498776435852, 165.1871795654297, 1295.390625, 1006.4425048828125]",voie1,0.1674
1073,7,0.8906880021095276,"[0.17441822588443756, 137.57127380371094, 825.0498657226562, 1002.0744018554688]",voie1,0.0016
1073,11,0.6373166441917419,"[827.7149047851562, 195.4483642578125, 1256.0733642578125, 1025.8994140625]",voie1,0.4875
1074,10,0.6901010870933533,"[0.7358858585357666, 162.9697265625, 1299.50244140625, 1001.6666259765625]",voie1,0.1673
1074,7,0.8970741629600525,"[0.7242316603660583, 137.3175048828125, 825.8187866210938, 998.2033081054688]",voie1,0.0016
1074,11,0.6932553648948669,"[828.4688720703125, 206.4762725830078, 1257.01220703125, 1025.0042724609375]",voie1,0.4956
1075,10,0.6897210478782654,"[0.4215950071811676, 162.46707153320312, 1300.15869140625, 1000.0588989257812]",voie1,0.1669
1075,7,0.896851658821106,"[0.4106750190258026, 137.4552764892578, 825.417724609375, 996.9337768554688]",voie1,0.0014
1075,11,0.6936308741569519,"[828.0872802734375, 210.9753875732422, 1256.515625, 1024.9412841796875]",voie1,0.4982
1076,10,0.7926751375198364,"[0.22171053290367126, 163.52230834960938, 1245.7197265625, 1008.2138061523438]",voie1,0.1578
1076,7,0.8535894155502319,"[1.2527170181274414, 145.2423858642578, 815.3756103515625, 1007.230712890625]",,0.0
1076,11,0.4469432532787323,"[823.1929321289062, 187.92164611816406, 1257.829833984375, 1027.640869140625]",voie1,0.4855
1077,10,0.7932002544403076,"[0.17715886235237122, 163.9808349609375, 1224.0323486328125, 1011.3602905273438]",voie1,0.1533
1077,7,0.8538453578948975,"[1.6029597520828247, 148.2732696533203, 811.8592529296875, 1011.1666259765625]",,0.0
1077,11,0.4506046175956726,"[821.5493774414062, 179.34725952148438, 1258.6866455078125, 1028.7901611328125]",voie1,0.4815
1078,10,0.8128364682197571,"[0.0, 165.83641052246094, 1249.5506591796875, 1012.73193359375]",voie1,0.1607
1078,7,0.8597503304481506,"[0.0, 158.07359313964844, 820.9130249023438, 1012.1876220703125]",voie1,0.0018
1078,11,0.4063143730163574,"[820.4979858398438, 177.7288818359375, 1258.734130859375, 1026.0875244140625]",voie1,0.4798
1079,10,0.8132613897323608,"[0.0, 166.5641632080078, 1260.13916015625, 1013.2245483398438]",voie1,0.1634
1079,7,0.8596631288528442,"[0.0821920707821846, 161.79257202148438, 825.2379760742188, 1012.4647216796875]",voie1,0.0042
1079,11,0.4063887894153595,"[820.9791259765625, 177.42935180664062, 1259.2685546875, 1025.0604248046875]",voie1,0.4789
1080,10,0.8256367444992065,"[0.16379980742931366, 167.97329711914062, 1276.474609375, 1014.966552734375]",voie1,0.1667
1080,7,0.8670933842658997,"[0.7559838891029358, 160.41590881347656, 819.8333129882812, 1016.8164672851562]",,0.0
1081,10,0.8266956210136414,"[0.20847852528095245, 168.36798095703125, 1282.746337890625, 1015.5377807617188]",voie1,0.1684
1081,7,0.867511510848999,"[0.953131914138794, 159.71810913085938, 817.447509765625, 1018.2645874023438]",,0.0
1082,10,0.824934184551239,"[0.2267126739025116, 168.49710083007812, 1284.4381103515625, 1015.54736328125]",voie1,0.1689
1082,7,0.8675019145011902,"[1.0440623760223389, 159.39059448242188, 816.5748901367188, 1018.5929565429688]",,0.0
1083,10,0.825200080871582,"[0.21458859741687775, 168.56259155273438, 1285.09423828125, 1015.5145874023438]",voie1,0.1691
1083,7,0.8675907254219055,"[1.0587992668151855, 159.24813842773438, 816.2631225585938, 1018.6671142578125]",,0.0
1084,10,0.6787927746772766,"[0.0, 163.427490234375, 1294.5816650390625, 1011.2681884765625]",voie1,0.1727
1084,7,0.89795982837677,"[0.0, 141.31690979003906, 815.0759887695312, 1019.9271850585938]",voie1,0.0032
1084,11,0.5947971940040588,"[814.0750122070312, 186.40774536132812, 1249.8670654296875, 1019.52001953125]",voie1,0.4789
1085,10,0.6769253015518188,"[0.0, 161.51055908203125, 1298.971923828125, 1010.1448974609375]",voie1,0.1731
1085,7,0.8977182507514954,"[0.0, 134.28273010253906, 815.8015747070312, 1020.6887817382812]",voie1,0.0036
1085,11,0.5922040939331055,"[813.7567749023438, 187.5724639892578, 1248.8408203125, 1019.0712890625]",voie1,0.4795
1086,10,0.6891369819641113,"[0.0, 168.2137908935547, 1303.37939453125, 1009.46044921875]",voie1,0.1764
1086,7,0.8997325897216797,"[1.303492546081543, 151.69467163085938, 814.2207641601562, 1020.0910034179688]",voie1,0.0032
1086,11,0.5712050199508667,"[813.1279296875, 186.79391479492188, 1249.52490234375, 1017.67236328125]",voie1,0.4804
1087,10,0.6877728700637817,"[0.1854720264673233, 171.1334686279297, 1305.333740234375, 1009.244384765625]",voie1,0.1777
1087,7,0.8996333479881287,"[2.3028950691223145, 158.7015838623047, 814.1427001953125, 1019.9468994140625]",voie1,0.0035
1087,11,0.5733476877212524,"[813.2315063476562, 186.77749633789062, 1250.22705078125, 1017.1482543945312]",voie1,0.4801
1088,10,0.686530351638794,"[0.31568270921707153, 172.20574951171875, 1306.076904296875, 1009.2139282226562]",voie1,0.1782
1088,7,0.8986175060272217,"[2.8440237045288086, 161.2766571044922, 814.1148681640625, 1019.8119506835938]",voie1,0.0035
1088,11,0.5784868001937866,"[813.265380859375, 186.86300659179688, 1250.6910400390625, 1017.21337890625]",voie1,0.4807
1089,10,0.6868699789047241,"[0.33639058470726013, 172.56268310546875, 1306.21630859375, 1009.1907958984375]",voie1,0.1783
1089,7,0.898618757724762,"[2.9958837032318115, 162.16244506835938, 814.0916748046875, 1019.7118530273438]",voie1,0.0035
1089,11,0.5786792039871216,"[813.269775390625, 186.88076782226562, 1250.8525390625, 1017.263671875]",voie1,0.4808
1090,7,0.8955129384994507,"[1.209195613861084, 164.3699188232422, 798.6112060546875, 1024.3411865234375]",,0.0
1090,11,0.7632982134819031,"[803.8273315429688, 200.53302001953125, 1253.3216552734375, 1019.484130859375]",voie1,0.4929
1091,7,0.8956025838851929,"[1.3807616233825684, 165.8960418701172, 794.6729125976562, 1026.06103515625]",,0.0
1091,11,0.7630361318588257,"[801.3963623046875, 205.55482482910156, 1256.076416015625, 1019.9722900390625]",voie1,0.495
1092,7,0.9064035415649414,"[0.002809321042150259, 158.6039581298828, 794.3184814453125, 1026.6197509765625]",,0.0
1092,11,0.7739043235778809,"[801.200439453125, 207.17575073242188, 1253.601806640625, 1022.4948120117188]",voie1,0.4956
1093,7,0.9067085981369019,"[0.23560397326946259, 156.2389678955078, 795.2343139648438, 1026.8162841796875]",,0.0
1093,11,0.7733883857727051,"[801.8237915039062, 207.88189697265625, 1253.465576171875, 1023.3945922851562]",voie1,0.4966
1094,7,0.9068244695663452,"[0.2968467175960541, 155.3662872314453, 795.6268310546875, 1026.8385009765625]",,0.0
1094,11,0.7729423642158508,"[802.0823974609375, 207.99343872070312, 1253.3726806640625, 1023.7487182617188]",voie1,0.4969
1095,7,0.9068306684494019,"[0.29554757475852966, 155.02207946777344, 795.8087768554688, 1026.8106689453125]",,0.0
1095,11,0.7729892730712891,"[802.198486328125, 207.95883178710938, 1253.30859375, 1023.8798217773438]",voie1,0.4969
1096,10,0.8866658210754395,"[0.11321604996919632, 168.341552734375, 1333.25244140625, 1014.9247436523438]",voie1,0.1887
1097,10,0.8860862851142883,"[0.4915439784526825, 168.3812713623047, 1335.7755126953125, 1015.1588745117188]",voie1,0.1893
1098,10,0.7736262083053589,"[0.5432187914848328, 167.1744842529297, 1242.473388671875, 1021.2937622070312]",voie1,0.17
1098,7,0.8637900352478027,"[0.0, 156.9313201904297, 779.776611328125, 1022.0944213867188]",,0.0
1098,11,0.5938371419906616,"[784.56689453125, 193.46241760253906, 1258.662109375, 1021.2904052734375]",voie1,0.4759
1099,10,0.7729340195655823,"[0.5704533457756042, 166.51800537109375, 1208.6298828125, 1023.4829711914062]",voie1,0.162
1099,7,0.8638032674789429,"[0.0, 157.43360900878906, 778.2113037109375, 1021.1895751953125]",,0.0
1099,11,0.594342052936554,"[782.4957275390625, 190.9597625732422, 1260.1605224609375, 1020.8362426757812]",voie1,0.4721
1100,10,0.7807552218437195,"[0.5432867407798767, 173.4975128173828, 1249.5404052734375, 1024.7415771484375]",voie1,0.174
1100,7,0.8624842166900635,"[0.05544150248169899, 157.60015869140625, 777.6263427734375, 1020.7877807617188]",,0.0
1100,11,0.5944851040840149,"[781.6703491210938, 190.35269165039062, 1259.0966796875, 1019.955810546875]",voie1,0.4711
1101,10,0.78103107213974,"[0.5113169550895691, 176.153564453125, 1264.4010009765625, 1025.174072265625]",voie1,0.1782
1101,7,0.8624741435050964,"[0.10300592333078384, 157.6548614501953, 777.4400634765625, 1020.6380615234375]",,0.0
1101,11,0.5950673222541809,"[781.3988647460938, 190.17898559570312, 1258.6500244140625, 1019.6376342773438]",voie1,0.4706
1102,10,0.854620099067688,"[0.21166308224201202, 172.22006225585938, 1232.5557861328125, 1019.9984130859375]",voie1,0.1697
1102,7,0.8856906294822693,"[0.0, 161.47105407714844, 776.2861938476562, 1018.6992797851562]",,0.0
1102,11,0.49219024181365967,"[781.62548828125, 187.8518524169922, 1256.279541015625, 1018.095458984375]",voie1,0.4718
1103,10,0.8545632362365723,"[0.33253899216651917, 171.33062744140625, 1222.3900146484375, 1018.2486572265625]",voie1,0.1666
1103,7,0.8858020901679993,"[0.04101540893316269, 163.56192016601562, 775.926513671875, 1018.218017578125]",,0.0
1103,11,0.4826795160770416,"[781.8460693359375, 187.49082946777344, 1255.397705078125, 1017.8536376953125]",voie1,0.4716
1104,10,0.8541297316551208,"[0.34894272685050964, 171.00950622558594, 1217.8846435546875, 1017.3921508789062]",voie1,0.1652
1104,7,0.8855597376823425,"[0.0975450724363327, 164.30221557617188, 775.8179321289062, 1017.86181640625]",,0.0
1104,11,0.48380059003829956,"[781.958984375, 187.30642700195312, 1255.1173095703125, 1017.7614135742188]",voie1,0.4716
1105,10,0.8541274666786194,"[0.3287440240383148, 170.8719940185547, 1216.439453125, 1017.0489501953125]",voie1,0.1648
1105,7,0.885560929775238,"[0.10961288958787918, 164.53054809570312, 775.8104248046875, 1017.7295532226562]",,0.0
1105,11,0.483646959066391,"[782.0325317382812, 187.265380859375, 1255.003173828125, 1017.7254638671875]",voie1,0.4716
1106,10,0.7944363951683044,"[0.5281144380569458, 176.63914489746094, 1241.701416015625, 1017.4453125]",voie1,0.1732
1106,7,0.8805605173110962,"[0.4514741599559784, 161.64691162109375, 778.4014892578125, 1017.6144409179688]",,0.0
1106,11,0.5482491850852966,"[785.7379760742188, 186.42555236816406, 1254.987060546875, 1017.927734375]",voie1,0.4773
1107,10,0.7936071157455444,"[0.3301084041595459, 179.3000030517578, 1250.91845703125, 1017.80419921875]",voie1,0.176
1107,7,0.8804242014884949,"[0.3179849088191986, 161.04249572753906, 779.18017578125, 1017.8734741210938]",,0.0
1107,11,0.5489595532417297,"[786.8357543945312, 186.4924774169922, 1254.7088623046875, 1018.2146606445312]",voie1,0.4786
1108,10,0.894741415977478,"[0.8445727229118347, 171.44305419921875, 1299.123779296875, 1016.6456909179688]",voie1,0.1827
1109,10,0.8949393033981323,"[0.36045804619789124, 168.24990844726562, 1315.9178466796875, 1016.031982421875]",voie1,0.1854
1110,10,0.8946837186813354,"[0.16523350775241852, 166.884521484375, 1322.7894287109375, 1015.831787109375]",voie1,0.1865
1111,10,0.8947058320045471,"[0.08624538034200668, 166.38421630859375, 1325.1318359375, 1015.749267578125]",voie1,0.1868
1112,10,0.8751193284988403,"[0.9108304381370544, 168.1360321044922, 1327.3853759765625, 1017.010498046875]",voie1,0.1878
1112,7,0.8503459692001343,"[0.382063627243042, 153.38931274414062, 784.3297729492188, 1017.67529296875]",,0.0
1113,10,0.8746688961982727,"[0.2740894556045532, 168.69168090820312, 1326.734375, 1017.314208984375]",voie1,0.1877
1113,7,0.8508386611938477,"[0.0, 152.57498168945312, 784.4099731445312, 1017.508056640625]",,0.0
1114,10,0.9110538959503174,"[0.013109239749610424, 168.006103515625, 1318.9146728515625, 1010.7329711914062]",voie1,0.1861
1115,10,0.9109894633293152,"[0.0, 167.8282470703125, 1315.6190185546875, 1008.789794921875]",voie1,0.1848
1116,10,0.9109978079795837,"[0.0, 167.75048828125, 1314.2806396484375, 1008.0289916992188]",voie1,0.1843
1117,10,0.9110181927680969,"[0.0, 167.71751403808594, 1313.5863037109375, 1007.7626342773438]",voie1,0.1841
1118,10,0.8598268032073975,"[0.36187493801116943, 169.68931579589844, 1322.3074951171875, 1010.6736450195312]",voie1,0.1845
1118,7,0.8534449934959412,"[0.0, 152.9594268798828, 784.3612060546875, 1012.9847412109375]",,0.0
1119,10,0.8598722219467163,"[0.05296137556433678, 170.14785766601562, 1325.0262451171875, 1011.4696655273438]",voie1,0.1853
1119,7,0.8532502055168152,"[0.0, 153.1082763671875, 784.1478271484375, 1012.5731201171875]",,0.0
1120,10,0.7313680052757263,"[0.49873605370521545, 170.22999572753906, 1331.123779296875, 1010.153076171875]",voie1,0.1864
1120,7,0.8960280418395996,"[0.45748260617256165, 154.6444549560547, 793.0953979492188, 1010.2141723632812]",,0.0
1120,11,0.6196509003639221,"[803.06298828125, 187.6199188232422, 1258.714111328125, 1018.2977905273438]",voie1,0.4817
1121,10,0.7309656143188477,"[0.06048369035124779, 170.31919860839844, 1332.4794921875, 1009.6796875]",voie1,0.1865
1121,7,0.8958191275596619,"[0.05697142705321312, 155.3048095703125, 795.668212890625, 1009.2904052734375]",,0.0
1121,11,0.6192323565483093,"[803.3556518554688, 187.723388671875, 1258.511474609375, 1018.3228759765625]",voie1,0.4818
1122,10,0.868475079536438,"[1.1825788021087646, 169.11648559570312, 1279.5504150390625, 1007.0693969726562]",voie1,0.1744
1122,7,0.8812857270240784,"[1.1983379125595093, 161.47410583496094, 792.347412109375, 1004.901611328125]",,0.0
1122,11,0.4808879792690277,"[803.971923828125, 197.73948669433594, 1278.6573486328125, 1024.010498046875]",voie1,0.4928
1123,10,0.8683195114135742,"[0.19779883325099945, 169.3520965576172, 1258.0653076171875, 1006.1068115234375]",voie1,0.1692
1123,7,0.8811273574829102,"[0.21747761964797974, 164.5019989013672, 790.178466796875, 1003.5735473632812]",,0.0
1123,11,0.4752269387245178,"[802.8776245117188, 201.6643524169922, 1285.270263671875, 1026.2490234375]",voie1,0.4968
1124,10,0.864037811756134,"[0.0, 168.00599670410156, 1269.3017578125, 1001.1873779296875]",voie1,0.1699
1124,7,0.8776286244392395,"[0.0, 160.79444885253906, 788.3348999023438, 998.0496826171875]",,0.0
1125,10,0.8636172413825989,"[0.0, 167.47096252441406, 1273.0665283203125, 999.205078125]",voie1,0.1701
1125,7,0.8774771690368652,"[0.0, 159.37806701660156, 787.458251953125, 995.8717651367188]",,0.0
1126,10,0.860299289226532,"[0.1947089582681656, 165.9287567138672, 1219.886474609375, 995.0698852539062]",voie1,0.1563
1126,7,0.8809548616409302,"[0.20514750480651855, 152.40106201171875, 791.2228393554688, 994.1526489257812]",,0.0
1127,10,0.8601770997047424,"[0.0, 165.74459838867188, 1199.4622802734375, 993.79638671875]",voie1,0.1509
1127,7,0.8807637691497803,"[0.0, 150.17568969726562, 792.2515869140625, 993.8026123046875]",,0.0
1128,10,0.695588231086731,"[0.3731534481048584, 162.5888214111328, 1293.3192138671875, 990.3485107421875]",voie1,0.1704
1128,7,0.8903933763504028,"[0.3910219967365265, 146.5210723876953, 794.4192504882812, 990.6188354492188]",,0.0
1128,11,0.5051612257957458,"[803.605224609375, 187.1096954345703, 1307.0416259765625, 1018.9474487304688]",voie1,0.4811
1129,10,0.6960488557815552,"[0.0, 161.52928161621094, 1326.233642578125, 989.1447143554688]",voie1,0.1767
1129,7,0.8900038003921509,"[0.0, 145.29457092285156, 794.39697265625, 989.5496826171875]",,0.0
1129,11,0.5036823749542236,"[803.2310180664062, 185.61000061035156, 1307.6807861328125, 1018.2022094726562]",voie1,0.4798
1130,10,0.8951752781867981,"[0.41924574971199036, 171.73196411132812, 1311.1865234375, 1000.4918212890625]",voie1,0.179
1130,7,0.6210476160049438,"[0.419192373752594, 148.8194122314453, 793.6002807617188, 1001.0247192382812]",,0.0
1131,10,0.8951560258865356,"[0.0, 175.56495666503906, 1304.1558837890625, 1004.634765625]",voie1,0.1792
1131,7,0.6270092725753784,"[0.0, 150.1470184326172, 792.51025390625, 1005.2369384765625]",,0.0
1132,10,0.8248076438903809,"[0.3490007817745209, 167.71641540527344, 1259.6121826171875, 1003.2738647460938]",voie1,0.1667
1132,7,0.8628204464912415,"[0.3565869629383087, 144.72476196289062, 807.4210815429688, 1004.7571411132812]",,0.0
1133,10,0.8265517354011536,"[0.0, 165.35633850097656, 1243.9298095703125, 1003.22021484375]",voie1,0.1624
1133,7,0.8624566793441772,"[0.0, 143.4415740966797, 812.314208984375, 1005.09423828125]",voie1,0.0024
1134,10,0.7704466581344604,"[0.1983322948217392, 164.99659729003906, 1287.649169921875, 1000.83203125]",voie1,0.1705
1134,7,0.9103268384933472,"[0.22257472574710846, 146.46702575683594, 817.1953125, 999.72802734375]",voie1,0.0033
1134,11,0.6791527271270752,"[813.5335083007812, 203.25599670410156, 1290.163818359375, 1021.6162719726562]",voie1,0.4961
1135,10,0.7699317932128906,"[0.0, 164.5395050048828, 1302.951416015625, 999.6948852539062]",voie1,0.1735
1135,7,0.9102717041969299,"[0.0, 147.3189239501953, 818.3536987304688, 997.3704223632812]",voie1,0.0039
1135,11,0.6791532039642334,"[813.83251953125, 205.24594116210938, 1287.646728515625, 1021.9631958007812]",voie1,0.4975
1136,10,0.9005323052406311,"[0.5806099772453308, 170.22271728515625, 1302.521484375, 996.6885375976562]",voie1,0.1722
1137,10,0.9005107283592224,"[0.0, 172.6083526611328, 1301.1614990234375, 995.7180786132812]",voie1,0.1721
1138,10,0.8903471827507019,"[0.0, 173.53765869140625, 1296.0445556640625, 1001.2645263671875]",voie1,0.1731
1138,7,0.5515997409820557,"[1.0694504976272583, 147.44839477539062, 814.7850952148438, 1000.8804931640625]",,0.0
1139,10,0.8905114531517029,"[0.0, 174.22677612304688, 1294.2691650390625, 1003.5636596679688]",voie1,0.1734
1139,7,0.5333832502365112,"[0.853127658367157, 147.74819946289062, 813.4838256835938, 1001.6682739257812]",,0.0
1140,10,0.754183828830719,"[0.0, 168.04383850097656, 1313.5247802734375, 1004.8687744140625]",voie1,0.1771
1140,7,0.9071885943412781,"[0.0, 148.87754821777344, 815.1076049804688, 1002.4232177734375]",voie1,0.0008
1140,11,0.7286573648452759,"[812.5521850585938, 206.51510620117188, 1293.23046875, 1025.0633544921875]",voie1,0.4992
1141,10,0.753845751285553,"[0.0, 165.41287231445312, 1321.4493408203125, 1004.837646484375]",voie1,0.1782
1141,7,0.9070838689804077,"[0.04716933146119118, 148.97569274902344, 816.6214599609375, 1002.1853637695312]",voie1,0.0016
1141,11,0.7284777164459229,"[812.2306518554688, 206.56956481933594, 1293.5960693359375, 1025.313232421875]",voie1,0.499
1142,10,0.8192382454872131,"[0.0, 166.1815185546875, 1262.2498779296875, 998.7607421875]",voie1,0.166
1142,7,0.8745452165603638,"[0.4394620358943939, 151.4141082763672, 817.5191040039062, 993.7241821289062]",voie1,0.0055
1143,10,0.8198173642158508,"[0.0, 166.8530731201172, 1239.5350341796875, 996.9876708984375]",voie1,0.1604
1143,7,0.8740335702896118,"[0.48342829942703247, 152.69921875, 817.6196899414062, 990.995849609375]",voie1,0.0056
1144,10,0.7534213662147522,"[0.0, 168.3194122314453, 1300.9293212890625, 990.21337890625]",voie1,0.173
1144,7,0.9100566506385803,"[0.9970572590827942, 157.41050720214844, 814.5565795898438, 986.763427734375]",voie1,0.0033
1144,11,0.5620108246803284,"[814.6792602539062, 201.41293334960938, 1299.5439453125, 1018.7936401367188]",voie1,0.4945
1145,10,0.7535378336906433,"[0.0, 168.9842987060547, 1323.3519287109375, 987.6747436523438]",voie1,0.1773
1145,7,0.9099217653274536,"[1.2046209573745728, 159.30239868164062, 813.3338012695312, 985.2218627929688]",voie1,0.0026
1145,11,0.5584112405776978,"[815.080810546875, 200.7190399169922, 1300.2830810546875, 1017.8827514648438]",voie1,0.4936
1146,10,0.7606789469718933,"[0.0, 166.38404846191406, 1330.74072265625, 989.0443115234375]",voie1,0.1793
1146,7,0.9055670499801636,"[0.48946475982666016, 154.38717651367188, 813.287109375, 988.1051025390625]",voie1,0.0032
1146,11,0.522667407989502,"[814.8375854492188, 199.92588806152344, 1299.4544677734375, 1019.6665649414062]",voie1,0.4951
1147,10,0.7609280943870544,"[0.0, 165.54931640625, 1333.6622314453125, 989.8510131835938]",voie1,0.18
1147,7,0.9056554436683655,"[0.6171193718910217, 152.6608428955078, 813.562255859375, 989.4456176757812]",voie1,0.0033
1147,11,0.5221622586250305,"[815.08251953125, 199.85313415527344, 1299.355224609375, 1020.5350952148438]",voie1,0.4955
1148,10,0.7488793134689331,"[0.0, 159.98464965820312, 1330.9674072265625, 998.5744018554688]",voie1,0.1812
1148,7,0.880102276802063,"[0.223751038312912, 145.57131958007812, 801.507080078125, 994.0831909179688]",,0.0
1148,11,0.6846195459365845,"[805.88671875, 199.12803649902344, 1296.89697265625, 1029.5545654296875]",voie1,0.498
1149,10,0.7488054037094116,"[0.0, 158.38719177246094, 1330.830322265625, 1001.9076538085938]",voie1,0.1816
1149,7,0.8797522187232971,"[0.31828516721725464, 143.2844696044922, 797.8666381835938, 996.03955078125]",,0.0
1149,11,0.682731568813324,"[802.9526977539062, 198.9899444580078, 1296.958740234375, 1033.1844482421875]",voie1,0.5001
1150,10,0.7474936842918396,"[0.0, 157.55345153808594, 1335.5133056640625, 997.0277099609375]",voie1,0.1817
1150,7,0.8919563889503479,"[0.2700522840023041, 143.47305297851562, 795.7539672851562, 990.0554809570312]",,0.0
1150,11,0.6948819160461426,"[801.9771728515625, 200.5768280029297, 1298.70947265625, 1024.296875]",voie1,0.4965
1151,10,0.7473832964897156,"[0.0, 157.11508178710938, 1336.799560546875, 994.66650390625]",voie1,0.1813
1151,7,0.8914321064949036,"[0.4327074885368347, 143.3343505859375, 794.82861328125, 987.1683349609375]",,0.0
1151,11,0.6930524110794067,"[801.58154296875, 201.15621948242188, 1298.96435546875, 1020.8914794921875]",voie1,0.4944
1152,10,0.7587398290634155,"[0.0, 156.0252685546875, 1334.384765625, 1007.0440673828125]",voie1,0.1835
1152,7,0.9173586368560791,"[0.0, 144.7268829345703, 793.9581298828125, 1006.9741821289062]",,0.0
1152,11,0.7027244567871094,"[800.6797485351562, 202.74441528320312, 1298.23046875, 1019.4423217773438]",voie1,0.4931
1153,10,0.7588598132133484,"[0.0, 155.97547912597656, 1334.014404296875, 1011.4500732421875]",voie1,0.1845
1153,7,0.9173097014427185,"[0.06100259721279144, 145.6317138671875, 794.3590087890625, 1014.36572265625]",,0.0
1153,11,0.7030611634254456,"[800.7650756835938, 203.33837890625, 1298.59716796875, 1018.7319946289062]",voie1,0.4931
1154,10,0.8436456322669983,"[0.14347749948501587, 156.43321228027344, 1261.83740234375, 1013.8451538085938]",voie1,0.1685
1154,7,0.9061375260353088,"[1.0251688957214355, 143.92662048339844, 802.9880981445312, 1019.7393798828125]",,0.0
1155,10,0.8439365029335022,"[0.08942520618438721, 156.31129455566406, 1235.8292236328125, 1014.578857421875]",voie1,0.1624
1155,7,0.9057264924049377,"[1.2424691915512085, 142.9581298828125, 806.1224975585938, 1021.4447631835938]",voie1,0.0011
1156,10,0.7342329025268555,"[0.16259706020355225, 150.45726013183594, 1301.48388671875, 1016.8984985351562]",voie1,0.1782
1156,7,0.9118797779083252,"[0.6277784109115601, 133.8191680908203, 799.408935546875, 1021.1189575195312]",,0.0
1156,11,0.7044496536254883,"[801.3988647460938, 201.2461700439453, 1300.65625, 1021.0759887695312]",voie1,0.4953
1157,10,0.7346128821372986,"[0.08107099682092667, 148.57717895507812, 1324.8560791015625, 1017.9352416992188]",voie1,0.1832
1157,7,0.9119417071342468,"[0.2716619670391083, 130.84906005859375, 796.5404052734375, 1021.1235961914062]",,0.0
1157,11,0.7048919200897217,"[801.4719848632812, 200.91102600097656, 1300.59716796875, 1021.5903930664062]",voie1,0.4955
1158,10,0.8586875796318054,"[0.7867991924285889, 162.59381103515625, 1236.9290771484375, 1014.727783203125]",voie1,0.163
1158,7,0.9076741337776184,"[0.8549692630767822, 153.41107177734375, 803.1644287109375, 1020.9173583984375]",,0.0
1158,11,0.41344887018203735,"[806.6085205078125, 199.44667053222656, 1300.7115478515625, 1017.091064453125]",voie1,0.491
1159,10,0.8587257266044617,"[0.21969303488731384, 168.09487915039062, 1205.382080078125, 1012.9435424804688]",voie1,0.1556
1159,7,0.9080508947372437,"[0.2684153616428375, 162.21759033203125, 805.0658569335938, 1020.4291381835938]",,0.0
1159,11,0.4073399007320404,"[807.68017578125, 198.66482543945312, 1300.147705078125, 1014.8817138671875]",voie1,0.4894
1160,10,0.7243898510932922,"[1.0666526556015015, 161.17080688476562, 1248.4237060546875, 1015.2758178710938]",voie1,0.1651
1160,7,0.9111131429672241,"[1.1395868062973022, 154.66612243652344, 814.90185546875, 1021.737060546875]",voie1,0.0027
1160,11,0.808560848236084,"[815.00439453125, 202.93150329589844, 1307.1522216796875, 1017.7512817382812]",voie1,0.4956
1161,10,0.7247869968414307,"[0.2195902317762375, 158.45877075195312, 1263.269287109375, 1016.2234497070312]",voie1,0.1683
1161,7,0.9111150503158569,"[0.26531144976615906, 151.67201232910156, 817.3216552734375, 1022.1539306640625]",voie1,0.0041
1161,11,0.8077306151390076,"[816.50927734375, 204.56593322753906, 1308.3895263671875, 1018.9319458007812]",voie1,0.4974
1162,10,0.7156308889389038,"[0.2165214866399765, 152.93923950195312, 1251.4158935546875, 1015.3427124023438]",voie1,0.1637
1162,7,0.9170182943344116,"[0.5606681108474731, 137.2587432861328, 817.1262817382812, 1020.309326171875]",voie1,0.0029
1162,11,0.8300697803497314,"[817.4390258789062, 205.6739501953125, 1312.228759765625, 1019.3151245117188]",voie1,0.4989
1163,10,0.7153419256210327,"[0.0, 150.89288330078125, 1246.5692138671875, 1015.2489624023438]",voie1,0.1621
1163,7,0.9169584512710571,"[0.3426625728607178, 131.84510803222656, 816.63134765625, 1019.8367309570312]",voie1,0.0026
1163,11,0.8304103016853333,"[817.4645385742188, 206.31297302246094, 1313.373291015625, 1019.7322387695312]",voie1,0.4996
1164,10,0.7167758345603943,"[0.3228330910205841, 153.9119415283203, 1291.733642578125, 1014.0259399414062]",voie1,0.1709
1164,7,0.9119491577148438,"[0.5039311051368713, 135.08750915527344, 816.8457641601562, 1015.3309936523438]",voie1,0.0007
1164,11,0.8090466260910034,"[817.5739135742188, 203.8617401123047, 1318.826904296875, 1020.9862670898438]",voie1,0.4964
1165,10,0.7166048288345337,"[0.0, 155.14175415039062, 1307.5521240234375, 1013.8427734375]",voie1,0.1747
1165,7,0.9119476675987244,"[0.0, 136.42910766601562, 816.1329956054688, 1013.82275390625]",voie1,0.0004
1165,11,0.8094094395637512,"[816.9755249023438, 203.1984405517578, 1320.189697265625, 1021.7777099609375]",voie1,0.4965
1166,10,0.7163158655166626,"[0.22693632543087006, 164.79092407226562, 1311.6241455078125, 1013.4797973632812]",voie1,0.1769
1166,7,0.9118832945823669,"[0.3677656948566437, 150.55381774902344, 816.9456787109375, 1014.7395629882812]",voie1,0.0007
1166,11,0.818191409111023,"[815.0718994140625, 201.16041564941406, 1324.8294677734375, 1022.0064697265625]",voie1,0.4935
1167,10,0.7161571979522705,"[0.0, 168.0146942138672, 1311.916015625, 1013.1633911132812]",voie1,0.1776
1167,7,0.9122170209884644,"[0.04059488698840141, 155.2905731201172, 816.4961547851562, 1014.8129272460938]",voie1,0.0005
1167,11,0.8184859156608582,"[813.7005004882812, 200.28857421875, 1325.84228515625, 1021.8897705078125]",voie1,0.4916
1168,10,0.7232638597488403,"[0.0, 167.7978057861328, 1312.0927734375, 1012.8973999023438]",voie1,0.1776
1168,7,0.9180362820625305,"[0.0, 154.96640014648438, 817.9712524414062, 1014.8983764648438]",voie1,0.0016
1168,11,0.8042343854904175,"[815.7981567382812, 200.95944213867188, 1325.9139404296875, 1023.7655029296875]",voie1,0.4949
1169,10,0.7239440679550171,"[0.0, 167.48004150390625, 1311.4407958984375, 1013.1917114257812]",voie1,0.1775
1169,7,0.9180725812911987,"[0.0, 154.60568237304688, 818.021728515625, 1014.9834594726562]",voie1,0.0017
1169,11,0.8044111728668213,"[816.5985717773438, 201.46722412109375, 1325.2403564453125, 1024.9608154296875]",voie1,0.4959
1170,10,0.7155671119689941,"[0.0, 156.13433837890625, 1253.036376953125, 1020.0181274414062]",voie1,0.1617
1170,7,0.9043189287185669,"[0.0, 152.59390258789062, 824.3959350585938, 1021.6737670898438]",voie1,0.0023
1170,11,0.6671799421310425,"[825.9978637695312, 189.96461486816406, 1328.4632568359375, 1025.438720703125]",voie1,0.4906
1171,10,0.7149659991264343,"[0.0, 151.219970703125, 1229.2222900390625, 1022.7905883789062]",voie1,0.1554
1171,7,0.9044707417488098,"[0.0, 151.09939575195312, 826.3479614257812, 1024.080810546875]",voie1,0.0034
1171,11,0.6689211130142212,"[829.7409057617188, 185.56292724609375, 1329.19384765625, 1025.82421875]",voie1,0.4882
1172,7,0.8978182077407837,"[0.0, 162.7550048828125, 827.731689453125, 1023.1522216796875]",voie1,0.0038
1172,11,0.6899697184562683,"[830.7974243164062, 186.6285858154297, 1332.870849609375, 1025.3035888671875]",voie1,0.4894
1173,7,0.8981688618659973,"[0.0, 166.65335083007812, 828.1620483398438, 1022.5867309570312]",voie1,0.0041
1173,11,0.6904078722000122,"[831.37890625, 187.06724548339844, 1334.206298828125, 1025.1658935546875]",voie1,0.4896
1174,7,0.8922559022903442,"[1.6255111694335938, 161.9634246826172, 820.129150390625, 1022.95654296875]",voie1,0.0005
1174,11,0.5451924800872803,"[831.595703125, 186.91717529296875, 1334.525146484375, 1022.5608520507812]",voie1,0.4885
1174,10,0.8375046253204346,"[0.0, 175.13401794433594, 1290.448486328125, 1024.239013671875]",voie1,0.1762
1175,7,0.8922160267829895,"[2.1169116497039795, 160.1382293701172, 816.6900024414062, 1023.2133178710938]",,0.0
1175,11,0.5417661070823669,"[831.4193725585938, 187.14100646972656, 1334.2518310546875, 1021.7595825195312]",voie1,0.4881
1175,10,0.8375264406204224,"[0.0, 179.0010528564453, 1299.770263671875, 1024.4002685546875]",voie1,0.1793
1176,7,0.8930442929267883,"[2.123765468597412, 150.8111114501953, 810.7960205078125, 1024.1998291015625]",,0.0
1176,11,0.42131730914115906,"[825.7089233398438, 185.11134338378906, 1333.6165771484375, 1018.7447509765625]",voie1,0.4844
1176,10,0.8565178513526917,"[0.0, 176.62506103515625, 1311.8677978515625, 1024.6669921875]",voie1,0.1819
1177,7,0.8932220935821533,"[2.2595582008361816, 147.665771484375, 808.5581665039062, 1024.849853515625]",,0.0
1177,11,0.42573317885398865,"[823.5953369140625, 184.77224731445312, 1333.20849609375, 1017.9613037109375]",voie1,0.4837
1177,10,0.8573483824729919,"[0.0, 176.01551818847656, 1316.371826171875, 1025.145751953125]",voie1,0.1828
1178,7,0.9008759260177612,"[1.1572877168655396, 159.92530822753906, 809.7979736328125, 1023.1864013671875]",,0.0
1178,10,0.8780083656311035,"[0.0, 175.06637573242188, 1314.8148193359375, 1022.8545532226562]",voie1,0.1822
1179,7,0.9008178114891052,"[0.39874187111854553, 165.0125732421875, 810.2601928710938, 1022.6749877929688]",,0.0
1179,10,0.8777186274528503,"[0.0, 175.0210418701172, 1312.8521728515625, 1021.9976196289062]",voie1,0.1815
1180,7,0.8999121189117432,"[0.32715415954589844, 163.79782104492188, 810.98828125, 1024.9757080078125]",,0.0
1180,10,0.8683602809906006,"[0.0, 171.05889892578125, 1315.661865234375, 1023.8718872070312]",voie1,0.1819
1181,7,0.9000668525695801,"[0.3032184839248657, 163.00592041015625, 811.0849609375, 1025.7265625]",,0.0
1181,10,0.8683598637580872,"[0.0, 169.24978637695312, 1316.0289306640625, 1024.5802001953125]",voie1,0.1817
1182,7,0.9137927889823914,"[0.32073459029197693, 154.0496826171875, 815.7637329101562, 1023.34716796875]",voie1,0.0001
1182,10,0.592484712600708,"[0.0, 162.0721435546875, 1329.9793701171875, 1018.4622802734375]",voie1,0.179
1182,11,0.7737165093421936,"[814.2669677734375, 202.687255859375, 1341.1678466796875, 1025.311767578125]",voie1,0.4889
1183,7,0.9138579964637756,"[0.02227959781885147, 150.7694854736328, 817.194580078125, 1022.542724609375]",voie1,0.0009
1183,10,0.6184404492378235,"[0.0, 159.5338134765625, 1334.720458984375, 1016.271240234375]",voie1,0.179
1183,11,0.7732951045036316,"[813.1854858398438, 204.41696166992188, 1341.72119140625, 1026.07568359375]",voie1,0.4895
1184,7,0.8725575804710388,"[0.0, 158.52171325683594, 818.2559204101562, 1020.3245239257812]",,0.0
1184,10,0.888231098651886,"[0.0, 175.72259521484375, 1321.553955078125, 1019.10107421875]",voie1,0.1819
1185,10,0.9000733494758606,"[0.0, 173.9070587158203, 1344.6461181640625, 1017.5051879882812]",voie1,0.1821
1186,10,0.891034722328186,"[0.0, 179.13909912109375, 1346.1204833984375, 1016.6353149414062]",voie1,0.1849
1186,7,0.8793579339981079,"[0.0, 159.25595092773438, 821.0848999023438, 1017.3619995117188]",voie1,0.0015
1187,10,0.8910521268844604,"[0.0, 181.43899536132812, 1346.05859375, 1016.566650390625]",voie1,0.1854
1187,7,0.8792926073074341,"[0.0, 159.77896118164062, 822.1414184570312, 1016.8541259765625]",voie1,0.0021
1188,10,0.8585607409477234,"[0.0, 183.4425811767578, 1339.498779296875, 1019.835205078125]",voie1,0.1844
1188,7,0.874700129032135,"[1.279598593711853, 156.8566131591797, 817.0056762695312, 1016.6238403320312]",,0.0
1188,11,0.5313959717750549,"[830.5198974609375, 191.98928833007812, 1330.486328125, 1023.6488647460938]",voie1,0.4837
1189,10,0.8585132956504822,"[0.0, 183.76138305664062, 1336.55517578125, 1020.9754028320312]",voie1,0.1841
1189,7,0.8744102120399475,"[1.7165862321853638, 155.3759765625, 815.0025634765625, 1016.36181640625]",,0.0
1189,11,0.529362678527832,"[832.3629150390625, 190.54129028320312, 1329.110107421875, 1023.4223022460938]",voie1,0.4826
1190,10,0.8726691603660583,"[0.0, 184.6007537841797, 1289.92138671875, 1018.2176513671875]",voie1,0.1712
1190,7,0.8481135368347168,"[1.0685802698135376, 162.731689453125, 816.4911499023438, 1013.7469482421875]",,0.0
1191,10,0.8728962540626526,"[0.0, 184.7516326904297, 1273.384033203125, 1017.235595703125]",voie1,0.1671
1191,7,0.8480575680732727,"[0.8316675424575806, 165.4440155029297, 816.8668212890625, 1012.733154296875]",,0.0
1192,10,0.5579236745834351,"[0.0, 177.3080291748047, 1315.861572265625, 1009.7948608398438]",voie1,0.1776
1192,7,0.8956006169319153,"[0.44374650716781616, 165.87860107421875, 821.6342163085938, 1005.2883911132812]",,0.0
1192,11,0.7785075902938843,"[830.6616821289062, 192.913818359375, 1336.8740234375, 1026.0224609375]",voie1,0.4942
1193,10,0.5572069883346558,"[0.0, 174.00750732421875, 1331.6187744140625, 1006.9418334960938]",voie1,0.1798
1193,7,0.8951073884963989,"[0.13248854875564575, 165.4906463623047, 823.4321899414062, 1002.2809448242188]",,0.0
1193,11,0.7780838012695312,"[830.19482421875, 193.27650451660156, 1338.193359375, 1026.486572265625]",voie1,0.4948
1194,10,0.49463534355163574,"[0.30458587408065796, 174.11219787597656, 1326.687255859375, 1002.598388671875]",voie1,0.1785
1194,7,0.8831267356872559,"[0.0, 167.33889770507812, 823.7262573242188, 1000.061767578125]",voie1,0.0004
1194,11,0.7388783693313599,"[831.2505493164062, 202.99581909179688, 1342.15869140625, 1026.545654296875]",voie1,0.502
1195,10,0.4961826503276825,"[0.6612647175788879, 174.26976013183594, 1324.45166015625, 1001.3087768554688]",voie1,0.1778
1195,7,0.8828823566436768,"[0.0, 168.0991973876953, 823.7113647460938, 999.4823608398438]",voie1,0.0004
1195,11,0.7362400889396667,"[831.7505493164062, 206.9083709716797, 1343.4071044921875, 1026.9091796875]",voie1,0.5046
1196,10,0.8316439390182495,"[0.39371898770332336, 178.87586975097656, 1348.09033203125, 1010.995849609375]",voie1,0.1813
1196,7,0.8568080067634583,"[0.3043273687362671, 167.4490203857422, 818.5157470703125, 1004.4131469726562]",,0.0
1197,10,0.8315334916114807,"[0.06316418945789337, 180.6374969482422, 1356.6881103515625, 1014.69873046875]",voie1,0.1844
1197,7,0.8557853102684021,"[0.206996351480484, 167.2094268798828, 816.3114013671875, 1006.3615112304688]",,0.0
1198,10,0.8782625794410706,"[0.0, 181.79278564453125, 1353.358154296875, 1015.3504028320312]",voie1,0.1855
1198,7,0.8627290725708008,"[0.05046236887574196, 170.9770965576172, 870.8832397460938, 1008.551513671875]",voie1,0.0263
1199,10,0.877966046333313,"[0.0, 181.93948364257812, 1351.8875732421875, 1015.48876953125]",voie1,0.1853
1199,7,0.8626330494880676,"[0.06091068312525749, 172.11024475097656, 890.4271240234375, 1009.2173461914062]",voie1,0.036
1200,10,0.5547744035720825,"[0.19374869763851166, 173.21458435058594, 1339.7860107421875, 1011.125244140625]",voie1,0.1823
1200,7,0.8959381580352783,"[0.303700715303421, 164.51329040527344, 850.8603515625, 1007.9534912109375]",voie1,0.013
1200,11,0.5343479514122009,"[830.0228881835938, 195.05101013183594, 1360.83837890625, 1023.52294921875]",voie1,0.4971
1201,10,0.5507693886756897,"[0.0, 169.93069458007812, 1332.67431640625, 1009.3960571289062]",voie1,0.1797
1201,7,0.89566570520401,"[0.06697423756122589, 161.81752014160156, 834.41455078125, 1007.4860229492188]",voie1,0.004
1201,11,0.5445165038108826,"[829.8194580078125, 194.3447265625, 1363.144775390625, 1022.9283447265625]",voie1,0.4963
1202,10,0.5387382507324219,"[0.0, 169.5998077392578, 1336.454833984375, 1012.415283203125]",voie1,0.1772
1202,7,0.8954357504844666,"[0.0, 159.12844848632812, 828.4603271484375, 1011.5611572265625]",voie1,0.0018
1202,11,0.7190756797790527,"[829.0455322265625, 195.77523803710938, 1347.8809814453125, 1022.8531494140625]",voie1,0.4845
1203,10,0.5213884711265564,"[0.0, 169.65756225585938, 1338.6490478515625, 1013.39111328125]",voie1,0.1779
1203,7,0.8951267004013062,"[0.0, 158.93553161621094, 826.1729736328125, 1012.4000854492188]",voie1,0.0003
1203,11,0.7230642437934875,"[828.7129516601562, 196.18740844726562, 1340.3988037109375, 1022.8068237304688]",voie1,0.485
1204,10,0.483793169260025,"[0.2775649130344391, 169.4186248779297, 1337.5751953125, 1013.2615966796875]",voie1,0.1773
1204,7,0.8595853447914124,"[0.3182516098022461, 157.32997131347656, 825.6099853515625, 1008.397216796875]",voie1,0.0004
1204,11,0.7303370833396912,"[828.1697998046875, 205.62989807128906, 1337.1514892578125, 1028.6927490234375]",voie1,0.493
1205,10,0.4816930890083313,"[0.011571663431823254, 168.98043823242188, 1337.3204345703125, 1013.039306640625]",voie1,0.177
1205,7,0.8593411445617676,"[0.04754016920924187, 156.351806640625, 825.1442260742188, 1006.6585693359375]",voie1,0.0001
1205,11,0.7297609448432922,"[827.6726684570312, 208.86587524414062, 1336.050537109375, 1030.65966796875]",voie1,0.496
1206,10,0.5429266095161438,"[0.0, 169.3227996826172, 1315.105224609375, 1013.004150390625]",voie1,0.173
1206,7,0.8952071070671082,"[0.0, 157.33526611328125, 824.8184204101562, 1010.7680053710938]",voie1,0.0002
1206,11,0.8018087148666382,"[829.3154907226562, 210.35894775390625, 1338.5609130859375, 1025.9520263671875]",voie1,0.4955
1207,10,0.5412452220916748,"[0.0, 169.71115112304688, 1307.001708984375, 1013.313232421875]",voie1,0.1713
1207,7,0.8950791358947754,"[0.0, 157.99844360351562, 824.8342895507812, 1012.6150512695312]",voie1,0.0002
1207,11,0.8015213012695312,"[830.0914916992188, 211.1629638671875, 1339.719482421875, 1024.4852294921875]",voie1,0.4951
1208,7,0.8964359164237976,"[0.0, 160.35775756835938, 825.2144165039062, 1019.3214111328125]",voie1,0.0003
1208,11,0.7933775186538696,"[829.9501953125, 210.97303771972656, 1341.5889892578125, 1025.5660400390625]",voie1,0.4947
1209,7,0.8963798880577087,"[0.0, 160.73846435546875, 825.3223266601562, 1021.4161987304688]",voie1,0.0003
1209,11,0.7934161424636841,"[829.946533203125, 210.49176025390625, 1342.2742919921875, 1025.6444091796875]",voie1,0.4944
1210,7,0.9070060849189758,"[0.07472372055053711, 163.19590759277344, 825.3909912109375, 1014.8339233398438]",,0.0
1210,11,0.7857778668403625,"[829.8682861328125, 210.78152465820312, 1342.9793701171875, 1024.9835205078125]",voie1,0.495
1211,7,0.9072000980377197,"[0.0, 164.3914031982422, 825.2643432617188, 1012.5069580078125]",,0.0
1211,11,0.7843604683876038,"[829.6937866210938, 211.0483856201172, 1343.100341796875, 1024.9486083984375]",voie1,0.4952
1212,7,0.8939438462257385,"[0.3982650935649872, 163.12245178222656, 824.9451293945312, 1007.9781494140625]",,0.0
1212,11,0.8021243214607239,"[828.769287109375, 209.7793426513672, 1343.402587890625, 1024.3580322265625]",voie1,0.4968
1212,10,0.4968234598636627,"[0.0, 170.53671264648438, 1314.8824462890625, 1011.7260131835938]",voie1,0.1736
1213,7,0.8936306238174438,"[0.07160831987857819, 162.4464569091797, 824.4121704101562, 1006.1151733398438]",,0.0
1213,11,0.8020657300949097,"[828.025390625, 209.21829223632812, 1343.135986328125, 1024.1553955078125]",voie1,0.4963
1213,10,0.4967774450778961,"[0.0, 170.5104217529297, 1315.934326171875, 1011.474609375]",voie1,0.1737
1214,7,0.8468015193939209,"[1.6275749206542969, 156.1593780517578, 825.5263061523438, 1012.04638671875]",,0.0
1214,11,0.5204765796661377,"[838.2647094726562, 196.3345184326172, 1354.636474609375, 1024.4541015625]",voie1,0.5018
1214,10,0.5944570302963257,"[0.0, 176.96302795410156, 1366.0037841796875, 1020.64111328125]",voie1,0.1908
1215,7,0.8464426398277283,"[1.8605843782424927, 153.54776000976562, 825.64697265625, 1014.028076171875]",,0.0
1215,11,0.5229377150535583,"[841.861083984375, 191.2445831298828, 1358.623291015625, 1024.332763671875]",voie1,0.4987
1215,10,0.5964866280555725,"[0.0, 179.07920837402344, 1384.339111328125, 1023.7954711914062]",voie1,0.196
1216,7,0.899807870388031,"[0.7365553379058838, 161.008056640625, 824.8637084960938, 1016.049560546875]",,0.0
1216,11,0.8036084771156311,"[833.569580078125, 200.93052673339844, 1349.5689697265625, 1026.2093505859375]",voie1,0.4922
1217,7,0.8998811841011047,"[0.1700080782175064, 163.96844482421875, 824.60400390625, 1017.1199340820312]",,0.0
1217,11,0.8028827905654907,"[830.4341430664062, 204.8917694091797, 1346.2130126953125, 1027.2193603515625]",voie1,0.4952
1218,7,0.8691328763961792,"[1.103901982307434, 164.25428771972656, 829.3882446289062, 1011.8897705078125]",,0.0
1218,11,0.5660148859024048,"[840.5328979492188, 195.2216339111328, 1363.345703125, 1023.0042114257812]",voie1,0.4983
1219,7,0.8692737221717834,"[0.5055913925170898, 165.09593200683594, 830.58203125, 1010.1001586914062]",,0.0
1219,11,0.5658153295516968,"[843.3350219726562, 191.90078735351562, 1368.945556640625, 1021.4081420898438]",voie1,0.4953
1220,7,0.873624861240387,"[0.06055707857012749, 162.91778564453125, 830.526123046875, 1020.080078125]",voie1,0.0011
1220,11,0.636294424533844,"[838.52978515625, 191.0989532470703, 1353.6405029296875, 1023.8816528320312]",voie1,0.4816
1220,10,0.5084599852561951,"[1.2258057594299316, 158.25344848632812, 1257.0859375, 1026.7872314453125]",voie1,0.1588
1221,7,0.8731343746185303,"[0.0, 161.97230529785156, 830.5000610351562, 1023.5243530273438]",voie1,0.0011
1221,11,0.6339296698570251,"[836.6019287109375, 190.63278198242188, 1347.701416015625, 1024.6375732421875]",voie1,0.4819
1221,10,0.5069414973258972,"[0.8732163906097412, 156.2509307861328, 1246.9197998046875, 1026.8980712890625]",voie1,0.1559
1222,7,0.8885148167610168,"[0.22660700976848602, 161.9032440185547, 830.3684692382812, 1028.4422607421875]",voie1,0.0003
1222,11,0.6710200309753418,"[835.516357421875, 189.5758056640625, 1344.9139404296875, 1025.2611083984375]",voie1,0.4845
1223,7,0.8881798982620239,"[0.0, 161.83645629882812, 830.0043334960938, 1030.275634765625]",voie1,0.0001
1223,11,0.668826162815094,"[834.7387084960938, 189.11329650878906, 1343.6270751953125, 1025.397216796875]",voie1,0.4843
1224,7,0.9060800671577454,"[1.7293699979782104, 158.8631134033203, 826.1714477539062, 1023.650146484375]",,0.0
1224,11,0.7590434551239014,"[830.8169555664062, 203.5470428466797, 1347.2628173828125, 1023.6162719726562]",voie1,0.5019
1225,7,0.9086258411407471,"[2.3023808002471924, 159.0667266845703, 824.476806640625, 1021.9071655273438]",,0.0
1225,11,0.8265013694763184,"[829.0829467773438, 207.17193603515625, 1345.8338623046875, 1024.7109375]",voie1,0.5048
1226,7,0.8992723822593689,"[1.3543139696121216, 154.44309997558594, 823.0342407226562, 1021.6213989257812]",,0.0
1226,11,0.8365162014961243,"[828.1596069335938, 210.15643310546875, 1345.65625, 1024.111328125]",voie1,0.5048
1226,10,0.4764738380908966,"[0.0, 161.36122131347656, 1203.7459716796875, 1014.4412231445312]",voie1,0.1472
1227,7,0.8988150954246521,"[0.3075946569442749, 153.03138732910156, 822.3383178710938, 1021.6102905273438]",,0.0
1227,11,0.8365881443023682,"[827.2296752929688, 211.33714294433594, 1345.4464111328125, 1023.78515625]",voie1,0.5053
1227,10,0.4765341579914093,"[0.0, 161.95382690429688, 1199.6441650390625, 1013.2178344726562]",voie1,0.1459
