frame,track_id,train_bbox,train_conf,assigned_track,overlap
0,1,"[584.70361328125, 625.125, 801.0454711914062, 878.650634765625]",0.8252739310264587,voie2,0.3533
1,1,"[584.2586059570312, 624.9628295898438, 800.5037231445312, 877.63330078125]",0.8271213173866272,voie2,0.3445
2,1,"[584.0770874023438, 624.8162231445312, 798.2244262695312, 877.12890625]",0.8267108798027039,voie2,0.3392
3,1,"[584.3206787109375, 624.9764404296875, 797.8445434570312, 877.0849609375]",0.8266054391860962,voie2,0.3393
4,1,"[583.6434936523438, 625.9700317382812, 798.8310546875, 877.8875122070312]",0.8271644711494446,voie2,0.346
5,1,"[583.4896850585938, 625.6962890625, 799.2322998046875, 877.6213989257812]",0.8273835182189941,voie2,0.3436
6,1,"[582.7454833984375, 625.7578125, 798.8953247070312, 879.3349609375]",0.8294581174850464,voie2,0.3551
7,1,"[582.077392578125, 625.70263671875, 798.3997192382812, 879.8370361328125]",0.829389750957489,voie2,0.3574
8,1,"[580.5515747070312, 624.1412963867188, 797.81982421875, 876.5205078125]",0.8308269381523132,voie2,0.3281
9,1,"[580.5475463867188, 624.4158935546875, 798.1424560546875, 876.10546875]",0.8306882381439209,voie2,0.3255
10,1,"[581.443115234375, 624.022216796875, 800.6405639648438, 877.6082153320312]",0.8348856568336487,voie2,0.3386
11,1,"[581.1456909179688, 623.7203369140625, 801.0629272460938, 877.9271850585938]",0.8350494503974915,voie2,0.3403
12,1,"[580.3352661132812, 624.2487182617188, 798.8864135742188, 876.4852905273438]",0.8301933407783508,voie2,0.3281
13,1,"[580.2055053710938, 624.4624633789062, 798.3116455078125, 875.9559326171875]",0.8302573561668396,voie2,0.324
14,1,"[580.03369140625, 624.7122802734375, 797.55810546875, 876.8433837890625]",0.8274770379066467,voie2,0.3303
15,1,"[580.0853271484375, 624.5761108398438, 797.2487182617188, 877.0374755859375]",0.827363908290863,voie2,0.3315
16,1,"[579.5736694335938, 623.7319946289062, 797.5654907226562, 877.547119140625]",0.8303322792053223,voie2,0.3335
17,1,"[579.567138671875, 623.543212890625, 797.8348388671875, 877.8672485351562]",0.8303537964820862,voie2,0.3358
18,1,"[576.8094482421875, 622.6397705078125, 795.9329833984375, 876.466796875]",0.8277167677879333,voie2,0.3194
19,1,"[575.6885375976562, 622.67822265625, 795.2772216796875, 876.2175903320312]",0.8277498483657837,voie2,0.3157
20,1,"[575.0355224609375, 622.1768798828125, 795.3720703125, 877.3108520507812]",0.8305394053459167,voie2,0.322
21,1,"[574.3019409179688, 621.8612060546875, 794.9286499023438, 877.6072387695312]",0.8305118083953857,voie2,0.3224
22,1,"[571.3575439453125, 621.9822387695312, 792.4838256835938, 876.4337158203125]",0.8285443186759949,voie2,0.3089
23,1,"[570.6470947265625, 622.3148193359375, 792.0194702148438, 876.1174926757812]",0.8286420106887817,voie2,0.3058
24,1,"[572.1309204101562, 621.9996948242188, 793.2067260742188, 876.7095947265625]",0.8312711119651794,voie2,0.3123
25,1,"[572.7958374023438, 621.9596557617188, 793.7686767578125, 876.9617309570312]",0.831157386302948,voie2,0.3152
26,1,"[571.4144897460938, 620.61865234375, 793.3438110351562, 878.1234741210938]",0.8290457129478455,voie2,0.3195
27,1,"[570.3883666992188, 620.43310546875, 792.7392578125, 878.8531494140625]",0.8291581273078918,voie2,0.3225
28,1,"[570.5252075195312, 620.2777099609375, 792.0042114257812, 877.7351684570312]",0.8264890909194946,voie2,0.3144
29,1,"[571.142333984375, 620.2788696289062, 792.1201782226562, 877.3423461914062]",0.8262238502502441,voie2,0.3127
30,1,"[572.1940307617188, 621.302978515625, 790.376708984375, 876.807373046875]",0.8234530091285706,voie2,0.3108
31,1,"[572.878173828125, 621.343994140625, 789.9799194335938, 876.28369140625]",0.8234495520591736,voie2,0.3079
32,1,"[571.62109375, 621.2966918945312, 791.4495239257812, 877.90283203125]",0.8281487226486206,voie2,0.3181
33,1,"[570.7695922851562, 621.1510009765625, 791.5684204101562, 878.3671264648438]",0.8281177878379822,voie2,0.32
34,1,"[571.4346313476562, 620.4881591796875, 792.2649536132812, 878.6421508789062]",0.8259079456329346,voie2,0.3224
35,1,"[571.7280883789062, 620.4729614257812, 792.5437622070312, 878.897216796875]",0.8258137702941895,voie2,0.3247
36,1,"[572.0792846679688, 620.4752197265625, 793.4547119140625, 878.5281982421875]",0.827100932598114,voie2,0.3231
37,1,"[571.93310546875, 620.3290405273438, 793.49072265625, 878.2825317382812]",0.8271346688270569,voie2,0.3211
38,1,"[569.7715454101562, 621.31591796875, 790.5006103515625, 876.80029296875]",0.8236696720123291,voie2,0.3074
39,1,"[569.5263061523438, 621.69384765625, 789.7037963867188, 876.2854614257812]",0.8235143423080444,voie2,0.3035
40,1,"[570.5872802734375, 620.3702392578125, 792.0074462890625, 877.8552856445312]",0.8269134163856506,voie2,0.3155
41,1,"[570.67724609375, 620.17724609375, 792.60693359375, 878.8301391601562]",0.8266593217849731,voie2,0.3224
42,1,"[568.9801635742188, 620.7916870117188, 791.8974609375, 879.56103515625]",0.8285635709762573,voie2,0.3253
43,1,"[568.335693359375, 620.7117309570312, 791.7467041015625, 879.57666015625]",0.8288707733154297,voie2,0.3242
44,1,"[567.6657104492188, 620.455810546875, 792.0816040039062, 878.4957275390625]",0.8286789059638977,voie2,0.3158
45,1,"[567.5578002929688, 620.3070068359375, 792.260009765625, 878.0216064453125]",0.8285041451454163,voie2,0.3124
46,1,"[568.626953125, 619.8197631835938, 793.5125732421875, 878.5743408203125]",0.8316164016723633,voie2,0.3177
47,1,"[568.6060791015625, 619.4806518554688, 793.5786743164062, 878.7537231445312]",0.8317170739173889,voie2,0.3185
48,1,"[564.7456665039062, 618.3792724609375, 795.68994140625, 878.2275390625]",0.833304226398468,voie2,0.3095
49,1,"[563.9527587890625, 617.7412719726562, 797.0300903320312, 877.9160766601562]",0.8334190845489502,voie2,0.3063
50,1,"[564.70556640625, 618.121826171875, 798.0756225585938, 877.7874755859375]",0.838904082775116,voie2,0.3074
51,1,"[564.7792358398438, 618.5859985351562, 798.1431884765625, 878.1382446289062]",0.8392193913459778,voie2,0.3104
52,1,"[562.98291015625, 618.901611328125, 796.0762939453125, 877.672119140625]",0.8308863639831543,voie2,0.3042
53,1,"[562.7511596679688, 619.119140625, 795.5958862304688, 877.5978393554688]",0.831088125705719,voie2,0.3034
54,1,"[561.5911254882812, 618.11865234375, 796.7902221679688, 878.59814453125]",0.8344665169715881,voie2,0.308
55,1,"[561.1819458007812, 617.981201171875, 797.2623901367188, 879.294921875]",0.8343422412872314,voie2,0.3121
56,1,"[562.0343627929688, 618.1834106445312, 797.4581298828125, 880.6688232421875]",0.8313372135162354,voie2,0.3226
57,1,"[562.126220703125, 617.3995361328125, 797.2869873046875, 880.3521728515625]",0.8314018845558167,voie2,0.3196
58,1,"[560.56494140625, 617.5629272460938, 798.5310668945312, 879.3723754882812]",0.8384495377540588,voie2,0.312
59,1,"[559.7318115234375, 617.8513793945312, 798.9180297851562, 879.3380126953125]",0.8392831087112427,voie2,0.3113
60,1,"[563.5023193359375, 617.4620971679688, 798.2026977539062, 879.6548461914062]",0.8338720202445984,voie2,0.3175
61,1,"[564.5663452148438, 617.575439453125, 797.7218017578125, 879.9735717773438]",0.8340973258018494,voie2,0.3209
62,1,"[563.16748046875, 617.61083984375, 795.5524291992188, 883.466796875]",0.8243756890296936,voie2,0.3404
63,1,"[562.8801879882812, 616.9326782226562, 794.954345703125, 884.119140625]",0.8244390487670898,voie2,0.3429
64,1,"[566.820556640625, 616.2722778320312, 796.8760986328125, 886.1567993164062]",0.8287211656570435,voie2,0.3621
65,1,"[568.0350952148438, 615.9674072265625, 797.1517333984375, 887.0377197265625]",0.8284718990325928,voie2,0.3694
66,1,"[565.8073120117188, 616.48291015625, 796.9149780273438, 883.3685302734375]",0.8315504789352417,voie2,0.3184
67,1,"[565.034423828125, 617.0783081054688, 796.7750854492188, 882.4874877929688]",0.8314899206161499,voie2,0.3127
68,1,"[565.059326171875, 617.0927734375, 796.6912231445312, 884.8615112304688]",0.8308504819869995,voie2,0.3268
69,1,"[565.0009155273438, 616.6956176757812, 796.7528686523438, 885.328125]",0.8309544920921326,voie2,0.329
70,1,"[564.5394897460938, 616.3489990234375, 796.2454833984375, 887.31103515625]",0.8265274167060852,voie2,0.3391
71,1,"[564.3138427734375, 615.9364624023438, 796.0226440429688, 887.8687133789062]",0.8262077569961548,voie2,0.3413
72,1,"[551.874755859375, 616.4595336914062, 795.128662109375, 883.0519409179688]",0.8265075087547302,,0.2972
73,1,"[547.5657348632812, 617.2939453125, 795.1276245117188, 881.827880859375]",0.8266813158988953,,0.2861
74,1,"[561.0380859375, 616.9656982421875, 798.7107543945312, 881.1249389648438]",0.8287244439125061,voie2,0.3004
75,1,"[565.5573120117188, 617.228515625, 799.310302734375, 881.1611328125]",0.8286964297294617,voie2,0.3072
76,1,"[566.192626953125, 616.3203735351562, 798.6602172851562, 881.6595458984375]",0.8239591121673584,voie2,0.3096
77,1,"[566.394775390625, 616.05810546875, 798.3944702148438, 882.0123291015625]",0.8242027759552002,voie2,0.3115
78,1,"[557.4136962890625, 617.773681640625, 797.66552734375, 880.9732055664062]",0.8315432071685791,,0.2952
79,1,"[554.8037719726562, 618.0990600585938, 797.8560180664062, 880.2481079101562]",0.8314414620399475,,0.2883
80,1,"[548.2279663085938, 617.6181640625, 796.6928100585938, 884.0966796875]",0.8237997889518738,voie2,0.301
81,1,"[546.072509765625, 617.0574340820312, 796.5380859375, 885.2127685546875]",0.8237857818603516,voie2,0.3038
82,1,"[556.25439453125, 615.887939453125, 799.1713256835938, 886.4156494140625]",0.8250355124473572,voie2,0.324
83,1,"[559.3240356445312, 615.5252685546875, 799.2339477539062, 887.0380249023438]",0.8250601887702942,voie2,0.3313
84,1,"[552.031982421875, 615.6024169921875, 798.5670776367188, 882.3764038085938]",0.8250342011451721,voie2,0.3176
85,1,"[549.8634643554688, 616.2900390625, 798.7782592773438, 881.1763916015625]",0.8249579668045044,voie2,0.3085
86,1,"[547.0491333007812, 617.4537963867188, 798.3372192382812, 883.9366455078125]",0.8275676369667053,,0.2997
87,1,"[546.2100219726562, 617.0941162109375, 798.36669921875, 884.10595703125]",0.8277307152748108,,0.2993
88,1,"[546.935546875, 616.0491333007812, 799.4680786132812, 883.13818359375]",0.8246472477912903,,0.2944
89,1,"[547.0016479492188, 616.0418701171875, 799.6346435546875, 883.158447265625]",0.8246076107025146,,0.2947
90,1,"[545.8455810546875, 617.127685546875, 799.6636352539062, 884.4404296875]",0.8288315534591675,voie2,0.3017
91,1,"[545.6519775390625, 617.069580078125, 799.8245239257812, 884.4282836914062]",0.8288673758506775,voie2,0.3014
92,1,"[543.7909545898438, 617.1950073242188, 799.016845703125, 885.5946044921875]",0.8236059546470642,voie2,0.3051
93,1,"[543.3594360351562, 616.9432983398438, 798.9710083007812, 885.7053833007812]",0.8237190842628479,voie2,0.3049
94,1,"[543.5673217773438, 616.9093627929688, 800.8370971679688, 884.9027099609375]",0.8263067007064819,voie2,0.3021
95,1,"[543.6991577148438, 617.1017456054688, 801.5523071289062, 884.8236694335938]",0.8263155817985535,voie2,0.3026
96,1,"[545.0103149414062, 616.6787109375, 801.9115600585938, 884.5250854492188]",0.8246055245399475,voie2,0.3023
97,1,"[545.35986328125, 616.82861328125, 801.860595703125, 884.6278686523438]",0.8246381878852844,voie2,0.3034
98,1,"[546.57373046875, 615.5, 803.8937377929688, 883.3933715820312]",0.8252213597297668,,0.2979
99,1,"[546.7976684570312, 615.3773193359375, 804.3489990234375, 883.2523193359375]",0.8251493573188782,,0.2975
100,1,"[543.585693359375, 616.2431640625, 799.387451171875, 882.464111328125]",0.8152821660041809,voie2,0.3089
101,1,"[543.39501953125, 616.3314208984375, 798.3618774414062, 881.9685668945312]",0.8147493600845337,voie2,0.3052
102,1,"[544.348876953125, 617.1650390625, 799.97216796875, 885.4293212890625]",0.8177772164344788,voie2,0.3056
103,1,"[544.2490234375, 616.798095703125, 799.8644409179688, 886.2645874023438]",0.8177528977394104,voie2,0.3095
104,1,"[551.9053344726562, 613.5121459960938, 794.4617919921875, 880.2064819335938]",0.8184095025062561,,0.2993
105,1,"[554.0717163085938, 613.0159912109375, 791.5193481445312, 878.6356811523438]",0.8183813095092773,,0.29
106,1,"[548.1311645507812, 614.664306640625, 795.4234619140625, 882.4249877929688]",0.8167030215263367,,0.2875
107,1,"[546.4019165039062, 615.0482788085938, 797.3045043945312, 883.6115112304688]",0.8167212605476379,,0.2938
108,1,"[546.344970703125, 615.9771118164062, 798.1207885742188, 884.651123046875]",0.815820574760437,voie2,0.301
109,1,"[546.0878295898438, 615.8030395507812, 798.242919921875, 884.5043334960938]",0.815729022026062,,0.2998
110,1,"[552.3097534179688, 612.4074096679688, 794.7293701171875, 882.8605346679688]",0.817688524723053,,0.2919
111,1,"[554.1826782226562, 611.7496948242188, 792.6970825195312, 883.1239013671875]",0.8173035383224487,,0.2935
112,1,"[548.4025268554688, 614.162109375, 794.927734375, 884.1943359375]",0.8136913776397705,voie2,0.3199
113,1,"[547.0159301757812, 614.8128662109375, 796.4661865234375, 884.2816772460938]",0.813655436038971,voie2,0.3204
114,1,"[548.0381469726562, 613.803955078125, 802.0219116210938, 881.3367309570312]",0.8191736936569214,,0.2849
115,1,"[547.90478515625, 614.1236572265625, 803.614990234375, 880.9251708984375]",0.8192136287689209,,0.2838
116,1,"[551.05810546875, 612.1971435546875, 795.3728637695312, 879.3399658203125]",0.8175482749938965,,0.292
117,1,"[552.669921875, 611.2530517578125, 792.5498046875, 878.435791015625]",0.8174852132797241,,0.2858
118,1,"[551.9882202148438, 611.2615356445312, 791.6153564453125, 878.1793823242188]",0.8175352811813354,,0.2829
119,1,"[551.6887817382812, 611.0762329101562, 791.419677734375, 877.8846435546875]",0.817527711391449,,0.2804
120,1,"[556.5344848632812, 610.2008666992188, 792.32373046875, 878.77197265625]",0.8178848624229431,,0.2697
121,1,"[557.4464721679688, 610.0147094726562, 791.7030029296875, 879.3600463867188]",0.8176472783088684,,0.2736
122,1,"[548.9556884765625, 611.4195556640625, 794.9524536132812, 880.1636352539062]",0.8153886198997498,,0.2935
123,1,"[546.7474365234375, 612.5869140625, 797.1546630859375, 880.78759765625]",0.8153109550476074,,0.2972
124,1,"[547.8412475585938, 609.4962158203125, 792.798095703125, 877.1547241210938]",0.8165869116783142,,0.2707
125,1,"[548.2650146484375, 608.1851196289062, 790.9469604492188, 875.6737670898438]",0.8165896534919739,,0.2598
126,1,"[553.1769409179688, 607.2725830078125, 791.190673828125, 878.2240600585938]",0.8190547227859497,,0.2801
127,1,"[554.35693359375, 606.6873779296875, 790.6718139648438, 878.96923828125]",0.8191142678260803,,0.2852
128,1,"[553.0521850585938, 606.8892211914062, 789.6014404296875, 877.072998046875]",0.8207628130912781,,0.2716
129,1,"[552.9933471679688, 606.9795532226562, 789.5196533203125, 876.3937377929688]",0.8208031058311462,,0.2675
130,1,"[552.7417602539062, 605.4334106445312, 789.8292846679688, 874.5924072265625]",0.8172694444656372,,0.2547
131,1,"[552.9913940429688, 605.2836303710938, 790.2977905273438, 874.218994140625]",0.8173985481262207,,0.2527
132,1,"[548.8820190429688, 604.2654418945312, 790.7055053710938, 878.5362548828125]",0.8201585412025452,,0.2737
133,1,"[547.340576171875, 603.541015625, 791.0224609375, 879.8145141601562]",0.8202624917030334,,0.2789
134,1,"[549.5778198242188, 601.84130859375, 790.9375610351562, 876.5127563476562]",0.8191606402397156,,0.2602
135,1,"[550.4017333984375, 601.5491333007812, 790.8033447265625, 875.666259765625]",0.8192408680915833,,0.2556
136,1,"[548.7465209960938, 603.0311889648438, 790.9859008789062, 878.1738891601562]",0.8173834085464478,,0.2703
137,1,"[548.2803344726562, 603.10400390625, 791.1387939453125, 878.7286376953125]",0.8173893094062805,,0.2733
138,1,"[551.59814453125, 603.4290161132812, 792.5399169921875, 878.874267578125]",0.8176491260528564,,0.279
139,1,"[552.521728515625, 603.596435546875, 792.7205200195312, 879.006103515625]",0.8176060914993286,,0.2812
140,1,"[553.542724609375, 601.9423217773438, 791.5003051757812, 877.677001953125]",0.8218846917152405,,0.272
141,1,"[553.9435424804688, 601.5635986328125, 791.0371704101562, 877.4296264648438]",0.8219248652458191,,0.2703
142,1,"[548.2860107421875, 605.9639892578125, 799.009033203125, 884.2154541015625]",0.812110185623169,,0.2907
143,1,"[546.0345458984375, 606.974609375, 801.8381958007812, 886.1860961914062]",0.8121000528335571,voie2,0.3017
144,1,"[545.7903442382812, 607.4524536132812, 803.9734497070312, 887.5150146484375]",0.81200110912323,voie2,0.3105
145,1,"[545.7775268554688, 607.5262451171875, 804.7850952148438, 887.8710327148438]",0.8119957447052002,voie2,0.313
146,1,"[547.9352416992188, 602.4747924804688, 796.8847045898438, 882.6104736328125]",0.8205327987670898,,0.2982
147,1,"[549.1647338867188, 601.0945434570312, 794.1453247070312, 881.217529296875]",0.8206666111946106,,0.2885
148,1,"[550.0485229492188, 599.9618530273438, 794.4490356445312, 882.7659301757812]",0.8194310069084167,,0.2758
149,1,"[549.972412109375, 599.2064819335938, 794.23193359375, 882.9816284179688]",0.8193172812461853,,0.276
150,1,"[552.74609375, 598.414794921875, 793.901611328125, 884.9602661132812]",0.8189602494239807,,0.2887
151,1,"[554.4287719726562, 598.241943359375, 794.1620483398438, 885.693603515625]",0.8194388747215271,,0.2946
152,1,"[552.2698364257812, 597.9501342773438, 794.3765258789062, 884.1884155273438]",0.8200352787971497,,0.2839
153,1,"[551.3657836914062, 598.177734375, 793.835205078125, 883.9393310546875]",0.8187736868858337,,0.2814
154,1,"[551.0421142578125, 598.19970703125, 793.5220947265625, 883.6154174804688]",0.8132316470146179,,0.2791
155,1,"[551.7159423828125, 598.1624755859375, 794.2406005859375, 883.2998046875]",0.8132330775260925,,0.2786
156,1,"[545.0825805664062, 600.6544189453125, 801.5379028320312, 883.9508666992188]",0.8180728554725647,voie2,0.3032
157,1,"[542.8836059570312, 602.4307861328125, 804.471435546875, 885.0418090820312]",0.8181456923484802,voie2,0.3105
158,1,"[547.9898071289062, 598.506103515625, 796.9082641601562, 881.1402587890625]",0.8285881280899048,,0.2651
159,1,"[549.0068969726562, 597.1394653320312, 792.8861083984375, 879.7534790039062]",0.8285239934921265,,0.2549
160,1,"[551.0974731445312, 596.7996215820312, 791.0983276367188, 880.269775390625]",0.8280580639839172,,0.2584
161,1,"[552.201904296875, 596.7146606445312, 790.8073120117188, 880.4934692382812]",0.8281041383743286,,0.2605
162,1,"[551.4324340820312, 596.3624267578125, 790.8984375, 882.0989990234375]",0.8281685709953308,,0.268
163,1,"[551.0108032226562, 595.9735717773438, 790.6668701171875, 882.5281372070312]",0.8281547427177429,,0.2692
164,1,"[551.2846069335938, 594.4749755859375, 790.8777465820312, 881.9192504882812]",0.8304829597473145,,0.2651
165,1,"[551.2985229492188, 594.1941528320312, 790.893798828125, 881.9522094726562]",0.8303890228271484,,0.265
166,1,"[550.0584716796875, 593.6491088867188, 791.2936401367188, 882.3931884765625]",0.829038679599762,,0.2657
167,1,"[550.0068359375, 593.7140502929688, 791.899169921875, 882.8443603515625]",0.8292323350906372,,0.2685
168,1,"[554.6605834960938, 593.2120361328125, 793.4754638671875, 885.7329711914062]",0.8291110992431641,,0.2895
169,1,"[555.4656982421875, 592.8074951171875, 793.04296875, 886.6080322265625]",0.8291001915931702,,0.2943
170,1,"[556.0064697265625, 592.7774658203125, 795.3311157226562, 885.2989501953125]",0.8315563201904297,,0.2897
171,1,"[556.4756469726562, 593.08056640625, 796.4965209960938, 884.9962768554688]",0.8314839005470276,,0.2898
172,1,"[556.9407958984375, 592.8489990234375, 803.541015625, 886.1575927734375]",0.8350344896316528,voie2,0.3009
173,1,"[557.6419067382812, 592.8533325195312, 806.980224609375, 886.623046875]",0.8351344466209412,voie2,0.3065
174,1,"[558.876953125, 591.9009399414062, 814.5217895507812, 887.2103881835938]",0.8364952802658081,voie2,0.3367
175,1,"[558.76513671875, 592.0130615234375, 816.9580688476562, 887.895751953125]",0.8363044857978821,voie2,0.3419
176,1,"[560.28173828125, 592.5750732421875, 817.0270385742188, 889.3549194335938]",0.833612859249115,voie2,0.3305
177,1,"[561.0386962890625, 592.1911010742188, 817.2880859375, 889.35400390625]",0.8336418867111206,voie2,0.3312
178,1,"[559.2638549804688, 592.56396484375, 815.7586059570312, 889.2108154296875]",0.835536539554596,voie2,0.3276
179,1,"[558.5175170898438, 592.3602294921875, 814.8506469726562, 888.8379516601562]",0.8354539275169373,,0.2524
180,1,"[559.2228393554688, 591.1669921875, 817.4073486328125, 889.5408325195312]",0.8339905738830566,voie2,0.3288
181,1,"[559.4771728515625, 590.9210205078125, 818.3277587890625, 889.9264526367188]",0.8340351581573486,voie2,0.3315
182,1,"[560.0032348632812, 590.7772827148438, 820.2694091796875, 889.0010375976562]",0.8333709836006165,,0.2559
183,1,"[560.3040771484375, 590.8584594726562, 820.900146484375, 888.7379760742188]",0.8332923054695129,,0.2551
184,1,"[557.8728637695312, 590.9636840820312, 824.622802734375, 890.5542602539062]",0.8364279866218567,,0.2648
185,1,"[556.7723999023438, 590.6092529296875, 825.6709594726562, 890.9427490234375]",0.8362568020820618,,0.266
186,1,"[557.936279296875, 590.5738525390625, 831.0271606445312, 890.573974609375]",0.8327785134315491,,0.2675
187,1,"[558.513671875, 590.6666259765625, 833.0449829101562, 890.4677124023438]",0.8327789902687073,,0.2684
188,1,"[557.4725341796875, 592.7232055664062, 838.056884765625, 892.0067138671875]",0.8307700157165527,,0.2802
189,1,"[556.7702026367188, 593.4620971679688, 839.71484375, 892.4574584960938]",0.8309740424156189,,0.2835
190,1,"[560.631591796875, 593.3217163085938, 843.7249755859375, 892.6720581054688]",0.8271423578262329,,0.2902
191,1,"[562.01611328125, 593.6541137695312, 845.1838989257812, 893.0997314453125]",0.8270722031593323,,0.2951
192,1,"[561.5309448242188, 591.3416748046875, 838.2426147460938, 894.719482421875]",0.8269555568695068,,0.2987
193,1,"[561.1779174804688, 589.9041748046875, 835.5379638671875, 894.8350830078125]",0.8268178701400757,,0.2963
194,1,"[558.2775268554688, 592.2003173828125, 839.8487548828125, 893.63037109375]",0.8274127244949341,,0.2906
195,1,"[557.427001953125, 593.33349609375, 842.0962524414062, 893.2483520507812]",0.8272079229354858,,0.2896
196,1,"[557.9169311523438, 592.7139282226562, 844.2808837890625, 893.2757568359375]",0.8267004489898682,voie2,0.3645
197,1,"[558.0548095703125, 593.0030517578125, 845.221923828125, 893.8760375976562]",0.8265882730484009,voie2,0.3688
198,1,"[556.2860107421875, 594.0105590820312, 864.348388671875, 894.8230590820312]",0.8163176774978638,,0.2907
199,1,"[555.5245361328125, 593.8499755859375, 871.4541625976562, 894.6026000976562]",0.8160673975944519,,0.2916
200,1,"[558.9462280273438, 591.8173217773438, 882.5425415039062, 893.5005493164062]",0.8243158459663391,,0.291
201,1,"[560.7205810546875, 591.5052490234375, 887.1851196289062, 893.5262451171875]",0.8243483304977417,,0.2941
202,1,"[563.7885131835938, 592.126953125, 894.44140625, 895.8508911132812]",0.8289483785629272,voie2,0.3136
203,1,"[564.3268432617188, 591.9242553710938, 896.1652221679688, 896.2879638671875]",0.8288758397102356,voie2,0.3171
204,1,"[563.4426879882812, 591.7001953125, 895.4479370117188, 896.4037475585938]",0.831892192363739,voie2,0.3164
205,1,"[563.211669921875, 591.6369018554688, 895.3075561523438, 896.421875]",0.8319441080093384,voie2,0.3162
206,1,"[565.5672607421875, 590.3579711914062, 901.46826171875, 894.4820556640625]",0.83143550157547,voie2,0.3041
207,1,"[566.8008422851562, 590.4256591796875, 904.3153076171875, 894.3526000976562]",0.8312350511550903,voie2,0.3055
208,1,"[567.5663452148438, 591.0023193359375, 901.861083984375, 893.7056274414062]",0.832161545753479,voie2,0.3022
209,1,"[567.8970947265625, 591.2568969726562, 900.7825317382812, 893.3904418945312]",0.8320726752281189,voie2,0.3005
210,1,"[568.0157470703125, 591.8662109375, 901.9241333007812, 896.4447021484375]",0.830396831035614,voie2,0.3235
211,1,"[567.4844360351562, 591.8328857421875, 901.9390869140625, 897.4284057617188]",0.830294668674469,voie2,0.3287
212,1,"[566.747314453125, 588.0006713867188, 903.7337036132812, 895.3529663085938]",0.8315207958221436,voie2,0.3124
213,1,"[566.8134155273438, 586.4947509765625, 904.61474609375, 894.74658203125]",0.8315308690071106,voie2,0.3077
214,1,"[568.5820922851562, 589.4171752929688, 902.9089965820312, 895.3795166015625]",0.8289448022842407,voie2,0.3155
215,1,"[569.3860473632812, 590.59814453125, 902.3193359375, 895.5614013671875]",0.8288040161132812,voie2,0.3184
216,1,"[567.9581298828125, 591.898193359375, 897.8535766601562, 896.5425415039062]",0.8307467103004456,voie2,0.3227
217,1,"[567.460205078125, 591.9241333007812, 896.5200805664062, 896.5320434570312]",0.8307686448097229,voie2,0.3217
218,1,"[564.136474609375, 586.4854736328125, 904.3974609375, 892.7002563476562]",0.8419261574745178,,0.2932
219,1,"[562.701171875, 584.7461547851562, 907.1005249023438, 891.56005859375]",0.8419461846351624,,0.2844
220,1,"[560.3335571289062, 584.8485107421875, 906.7572021484375, 891.1066284179688]",0.841558575630188,,0.2732
221,1,"[559.6563720703125, 585.2308959960938, 906.634521484375, 891.2020874023438]",0.8415966629981995,,0.2735
222,1,"[558.5874633789062, 583.40625, 902.3977661132812, 891.6401977539062]",0.8444582223892212,,0.2789
223,1,"[558.259765625, 583.0283813476562, 900.8282470703125, 892.1655883789062]",0.8444167375564575,,0.2808
224,1,"[557.8736572265625, 582.5723876953125, 899.2600708007812, 891.99755859375]",0.8429911136627197,,0.2786
225,1,"[557.8702392578125, 582.5929565429688, 898.6329956054688, 892.0831298828125]",0.8429955244064331,,0.2789
226,1,"[559.5377807617188, 584.728271484375, 900.8517456054688, 893.727783203125]",0.8407807946205139,,0.2924
227,1,"[560.41064453125, 584.8673095703125, 901.670166015625, 893.8604736328125]",0.8406263589859009,,0.2943
228,1,"[557.544189453125, 582.1054077148438, 902.9397583007812, 892.60791015625]",0.8430728912353516,,0.2826
229,1,"[556.2357788085938, 581.8392333984375, 903.5362548828125, 892.7249755859375]",0.8429225087165833,,0.2821
230,1,"[557.314208984375, 580.4190063476562, 906.2245483398438, 893.1514892578125]",0.8441186547279358,,0.285
231,1,"[557.465087890625, 579.9050903320312, 907.1183471679688, 893.3523559570312]",0.8441880345344543,,0.2861
232,1,"[557.2442016601562, 580.455810546875, 904.3132934570312, 893.5021362304688]",0.8433204293251038,,0.2864
233,1,"[557.6315307617188, 580.9022216796875, 903.662109375, 893.74609375]",0.8433243632316589,,0.2883
234,1,"[564.0790405273438, 582.5753784179688, 905.6945190429688, 897.9109497070312]",0.842266857624054,voie2,0.3198
235,1,"[566.29736328125, 582.2693481445312, 906.1947631835938, 898.5654907226562]",0.8421800136566162,voie2,0.3255
236,1,"[562.4602661132812, 580.2828979492188, 906.930908203125, 894.7890625]",0.8461418747901917,,0.2988
237,1,"[561.273193359375, 580.1146240234375, 907.4472045898438, 893.9811401367188]",0.8461371660232544,,0.2931
238,1,"[564.5452880859375, 580.2711181640625, 908.2142333984375, 895.9940185546875]",0.8468366265296936,voie2,0.3079
239,1,"[565.6156616210938, 580.2022094726562, 908.1773681640625, 896.62939453125]",0.84671550989151,voie2,0.3124
240,1,"[562.3549194335938, 579.9187622070312, 906.6467895507812, 896.8496704101562]",0.845736563205719,,0.2952
241,1,"[561.458251953125, 579.84326171875, 906.1886596679688, 896.9935302734375]",0.845618486404419,,0.295
242,1,"[559.4714965820312, 578.897216796875, 903.8713989257812, 895.4365234375]",0.8452973961830139,,0.2833
243,1,"[558.7042846679688, 579.039794921875, 902.994873046875, 895.2893676757812]",0.845227062702179,,0.2817
244,1,"[559.974609375, 578.7921752929688, 903.7422485351562, 897.2642211914062]",0.8446173667907715,,0.2932
245,1,"[560.7150268554688, 578.5001220703125, 904.1421508789062, 897.7984619140625]",0.8445074558258057,,0.2966
246,1,"[556.3181762695312, 578.4326782226562, 907.2615356445312, 895.5133056640625]",0.8474686145782471,,0.2819
247,1,"[554.4990844726562, 578.6162109375, 908.365966796875, 894.818359375]",0.8475008010864258,,0.2774
248,1,"[552.6238403320312, 578.1407470703125, 911.8432006835938, 893.349853515625]",0.8517228364944458,,0.2689
249,1,"[551.7001953125, 578.281982421875, 912.8636474609375, 893.1260986328125]",0.8517328500747681,,0.2675
250,1,"[551.4398193359375, 577.330810546875, 914.288818359375, 893.695068359375]",0.8517585396766663,,0.27
251,1,"[551.677978515625, 577.1928100585938, 915.1495361328125, 894.1171264648438]",0.8518393635749817,,0.2726
252,1,"[551.5333862304688, 578.5911865234375, 914.3687744140625, 895.0558471679688]",0.8539130687713623,,0.265
253,1,"[551.5903930664062, 578.3565063476562, 914.159912109375, 894.6748046875]",0.8538967370986938,,0.2628
254,1,"[550.908447265625, 577.0313720703125, 916.499267578125, 895.0861206054688]",0.8530808091163635,,0.2775
255,1,"[550.740966796875, 577.1876831054688, 917.4156494140625, 895.8838500976562]",0.8530493974685669,,0.2821
256,1,"[549.80029296875, 576.7241821289062, 916.504638671875, 895.0322875976562]",0.8528683185577393,,0.2761
257,1,"[549.7216186523438, 576.6583862304688, 916.3773803710938, 894.7971801757812]",0.8529840111732483,,0.2747
258,1,"[549.8294067382812, 577.0338745117188, 914.9300537109375, 894.4318237304688]",0.8513604998588562,,0.2727
259,1,"[549.798583984375, 577.1835327148438, 914.3892822265625, 894.1771850585938]",0.851283073425293,,0.2713
260,1,"[551.3206176757812, 575.6212158203125, 915.3292846679688, 894.5135498046875]",0.8524330854415894,,0.2732
261,1,"[551.8646240234375, 575.2837524414062, 915.791748046875, 894.8553466796875]",0.8524690270423889,,0.2753
262,1,"[554.01416015625, 574.5638427734375, 916.4017944335938, 896.991455078125]",0.8515702486038208,,0.2877
263,1,"[554.447265625, 574.29345703125, 916.2205200195312, 897.8109130859375]",0.8515160083770752,,0.292
264,1,"[554.8171997070312, 574.515625, 918.021484375, 897.8587036132812]",0.8530349135398865,,0.2795
265,1,"[555.14453125, 574.5580444335938, 918.890869140625, 897.7623901367188]",0.8530505895614624,,0.2796
266,1,"[555.9058837890625, 572.7403564453125, 915.9693603515625, 896.5718994140625]",0.8505386114120483,,0.2647
267,1,"[556.5383911132812, 572.5201416015625, 915.1613159179688, 896.5682983398438]",0.8506036400794983,,0.2647
268,1,"[553.2063598632812, 574.2540283203125, 919.01416015625, 898.8446655273438]",0.8549591898918152,,0.2833
269,1,"[551.357177734375, 574.34130859375, 919.740966796875, 899.2297973632812]",0.8549425005912781,,0.2841
270,1,"[549.8470458984375, 575.3377075195312, 918.1723022460938, 900.1490478515625]",0.8561122417449951,,0.2876
271,1,"[549.5933837890625, 575.2039184570312, 917.9265747070312, 899.9905395507812]",0.8562365770339966,,0.2865
272,1,"[548.6865234375, 574.3201293945312, 918.67333984375, 899.7117919921875]",0.8555506467819214,,0.2839
273,1,"[548.207763671875, 574.0980224609375, 918.8812255859375, 899.6155395507812]",0.8555471301078796,,0.283
274,1,"[548.4800415039062, 574.1063842773438, 920.4430541992188, 900.0034790039062]",0.856311559677124,,0.2008
275,1,"[548.77978515625, 574.1516723632812, 921.2979736328125, 900.0493774414062]",0.8563529849052429,,0.2015
276,1,"[548.2872924804688, 574.8471069335938, 920.8472900390625, 900.5504150390625]",0.8558205962181091,,0.2066
277,1,"[547.900634765625, 574.6597290039062, 920.5135498046875, 900.30029296875]",0.8557522296905518,,0.205
278,1,"[546.6881103515625, 571.6748046875, 916.3239135742188, 900.5416259765625]",0.8496705889701843,,0.1992
279,1,"[546.7002563476562, 571.3841552734375, 915.4127807617188, 901.23779296875]",0.8496763110160828,,0.2017
280,1,"[548.5271606445312, 571.4803466796875, 918.1964111328125, 901.0056762695312]",0.8536546230316162,,0.2658
281,1,"[548.7399291992188, 571.8406372070312, 918.8629760742188, 901.22021484375]",0.8536500930786133,,0.2675
282,1,"[547.033935546875, 571.471923828125, 915.1524658203125, 901.147216796875]",0.8497382998466492,,0.1964
283,1,"[546.673095703125, 571.2276000976562, 914.0094604492188, 901.0418090820312]",0.8497117757797241,,0.1972
284,1,"[547.8109741210938, 572.765380859375, 915.38427734375, 903.2903442382812]",0.8525777459144592,,0.2063
285,1,"[547.9539794921875, 572.562744140625, 915.643310546875, 903.2703857421875]",0.8529654145240784,,0.2062
286,1,"[546.4295654296875, 570.835693359375, 915.2149047851562, 902.1229858398438]",0.8492101430892944,,0.1993
287,1,"[546.3963012695312, 570.6585693359375, 915.5137939453125, 902.1555786132812]",0.8493176102638245,,0.1994
288,1,"[546.3257446289062, 570.2897338867188, 917.415283203125, 903.5540771484375]",0.8515716195106506,,0.2088
289,1,"[546.1359252929688, 570.2252807617188, 917.8265991210938, 904.1242065429688]",0.8515926003456116,,0.2083
290,1,"[547.2216796875, 570.1453247070312, 918.6046752929688, 904.700439453125]",0.852304220199585,,0.2056
291,1,"[547.4139404296875, 570.1322021484375, 918.7108764648438, 904.88330078125]",0.8521462678909302,,0.2065
292,1,"[546.5595703125, 569.7215576171875, 917.8674926757812, 904.5420532226562]",0.8512283563613892,,0.207
293,1,"[546.4171142578125, 569.6638793945312, 917.8880004882812, 904.3921508789062]",0.8512136936187744,,0.2063
294,1,"[546.5316772460938, 569.5519409179688, 920.3416137695312, 904.9065551757812]",0.8512778878211975,,0.2185
295,1,"[546.7452392578125, 569.168701171875, 921.4310913085938, 904.7455444335938]",0.8512910008430481,,0.2181
296,1,"[544.6242065429688, 568.3685302734375, 919.2432861328125, 904.9135131835938]",0.8505129814147949,,0.2013
297,1,"[543.5817260742188, 568.403564453125, 918.2765502929688, 905.2655029296875]",0.8504855632781982,,0.2017
298,1,"[541.7442626953125, 566.943603515625, 921.1634521484375, 905.3250122070312]",0.8453165888786316,,0.2014
299,1,"[541.5325317382812, 566.558837890625, 922.5806274414062, 905.5439453125]",0.8453549742698669,,0.2026
300,1,"[545.4244995117188, 567.3171997070312, 924.6590576171875, 907.004638671875]",0.848447859287262,,0.2149
301,1,"[546.0703735351562, 567.2544555664062, 924.5189208984375, 907.1759643554688]",0.8487839102745056,,0.2159
302,1,"[542.1416625976562, 566.3716430664062, 924.662353515625, 906.0630493164062]",0.8462126851081848,,0.1968
303,1,"[541.010009765625, 566.364990234375, 925.7830200195312, 905.8819580078125]",0.8466191291809082,,0.1961
304,1,"[538.89306640625, 564.5285034179688, 923.9786376953125, 907.2496948242188]",0.8439828753471375,,0.2102
305,1,"[539.1007080078125, 564.2328491210938, 924.2034912109375, 908.0777587890625]",0.844275712966919,,0.2105
306,1,"[542.4232788085938, 565.0819091796875, 928.6278686523438, 909.3428955078125]",0.8508612513542175,,0.1937
307,1,"[542.2319946289062, 564.8775024414062, 928.8150634765625, 909.2891235351562]",0.8509120941162109,,0.1937
308,1,"[543.77392578125, 559.9099731445312, 928.9977416992188, 909.2235107421875]",0.8360867500305176,,0.2201
309,1,"[545.0436401367188, 558.7478637695312, 929.7576904296875, 909.8644409179688]",0.8361319899559021,,0.1925
310,1,"[543.1013793945312, 557.8627319335938, 930.915771484375, 910.6167602539062]",0.8356494903564453,,0.1954
311,1,"[542.0960083007812, 557.3092651367188, 931.0440673828125, 910.5765380859375]",0.8356364965438843,,0.1965
312,1,"[544.6848754882812, 556.4296264648438, 934.2594604492188, 907.791748046875]",0.8398799896240234,,0.1865
313,1,"[545.5526733398438, 556.6303100585938, 935.4868774414062, 907.0635375976562]",0.8399113416671753,,0.1836
314,1,"[542.5067138671875, 556.6312866210938, 932.1755981445312, 910.481689453125]",0.8356944918632507,,0.1889
315,1,"[541.1885986328125, 555.8828735351562, 930.8297729492188, 910.9609375]",0.8358350992202759,,0.1918
316,1,"[540.6063842773438, 554.509765625, 932.2869262695312, 913.5545654296875]",0.840358555316925,,0.201
317,1,"[540.7837524414062, 554.732421875, 933.0546875, 915.23876953125]",0.8412203192710876,,0.2029
318,1,"[539.0348510742188, 553.5053100585938, 933.867919921875, 916.4066772460938]",0.838726282119751,,0.2061
319,1,"[538.7144165039062, 553.1826171875, 934.4979248046875, 916.8710327148438]",0.838721513748169,,0.2068
320,1,"[536.9526977539062, 553.8884887695312, 931.9293823242188, 915.453125]",0.845029354095459,,0.209
321,1,"[536.2058715820312, 554.7612915039062, 930.8780517578125, 915.3937377929688]",0.8448916077613831,,0.2111
322,1,"[538.6296997070312, 553.2139892578125, 934.5474243164062, 915.30517578125]",0.8377379179000854,,0.2105
323,1,"[538.9780883789062, 552.835693359375, 935.3688354492188, 915.3790283203125]",0.8377503752708435,,0.2095
324,1,"[533.8903198242188, 554.5989379882812, 932.4345703125, 918.6512451171875]",0.848030149936676,,0.2125
325,1,"[532.7164916992188, 554.1844482421875, 932.071044921875, 918.8118896484375]",0.8480468392372131,,0.2144
326,1,"[531.5923461914062, 553.1093139648438, 929.1759033203125, 916.3650512695312]",0.8415167927742004,,0.2192
327,1,"[531.3145141601562, 553.6881103515625, 928.2167358398438, 916.3682250976562]",0.8413895964622498,,0.2205
328,1,"[534.2786865234375, 552.2943115234375, 932.4190063476562, 917.07275390625]",0.8382161259651184,,0.2142
329,1,"[535.281982421875, 551.3318481445312, 933.8184814453125, 916.8140258789062]",0.8382956385612488,,0.211
330,1,"[538.3658447265625, 550.643310546875, 942.1397705078125, 916.2166137695312]",0.8340699672698975,,0.201
331,1,"[538.8973999023438, 550.4768676757812, 944.6735229492188, 916.0368041992188]",0.8340164422988892,,0.1987
332,1,"[539.3511352539062, 549.8388061523438, 942.6478271484375, 915.5986938476562]",0.8364095091819763,,0.2038
333,1,"[539.5157470703125, 549.9715576171875, 941.8967895507812, 915.7628173828125]",0.8363868594169617,,0.2043
334,1,"[540.6246948242188, 550.5658569335938, 943.0257568359375, 916.5881958007812]",0.8357576131820679,,0.1978
335,1,"[541.1514282226562, 550.4822387695312, 943.5071411132812, 916.5526733398438]",0.8357126712799072,,0.1967
336,1,"[539.0107421875, 548.95263671875, 942.9418334960938, 916.133544921875]",0.8369153738021851,,0.2044
337,1,"[538.157958984375, 549.0291137695312, 942.6884765625, 916.5776977539062]",0.8368934988975525,,0.2065
338,1,"[537.86474609375, 547.8876342773438, 940.7783203125, 916.193603515625]",0.8414753675460815,,0.2125
339,1,"[537.8414916992188, 547.6878051757812, 940.0174560546875, 916.200439453125]",0.841457188129425,,0.2128
340,1,"[535.12890625, 547.426513671875, 943.7078247070312, 916.7554931640625]",0.8367290496826172,,0.2388
341,1,"[533.5798950195312, 547.2098999023438, 944.5322875976562, 916.8922119140625]",0.8367888331413269,,0.2345
342,1,"[533.5640258789062, 547.0529174804688, 946.0628662109375, 916.9810791015625]",0.8379201292991638,,0.2107
343,1,"[533.658447265625, 546.6726684570312, 946.8358764648438, 916.6813354492188]",0.8377867341041565,,0.2095
344,1,"[534.9368896484375, 542.9452514648438, 951.5479736328125, 915.43798828125]",0.8368165493011475,,0.2299
345,1,"[535.8065795898438, 542.2809448242188, 953.822998046875, 915.6520385742188]",0.8366515636444092,,0.2273
346,1,"[538.4038696289062, 543.3489379882812, 967.3545532226562, 916.8890380859375]",0.8469597697257996,,0.2026
347,1,"[538.4253540039062, 543.3008422851562, 971.475341796875, 916.9083251953125]",0.8471155166625977,,0.2006
348,1,"[538.177001953125, 540.3995361328125, 968.465087890625, 914.4010620117188]",0.8395394682884216,,0.1919
349,1,"[539.1246337890625, 539.9415283203125, 968.1497192382812, 914.1213989257812]",0.8395038843154907,,0.1901
350,1,"[536.8914184570312, 541.1600952148438, 974.1295776367188, 916.5951538085938]",0.8439580798149109,,0.2158
351,1,"[535.1937255859375, 541.1209106445312, 975.5360717773438, 917.0790405273438]",0.8440485596656799,,0.2182
352,1,"[534.5747680664062, 541.065185546875, 973.3590698242188, 916.28369140625]",0.8460041284561157,,0.1922
353,1,"[535.3081665039062, 541.0313720703125, 973.3623657226562, 915.6726684570312]",0.8460317850112915,,0.1903
354,1,"[540.0357055664062, 538.6630859375, 974.2735595703125, 914.61279296875]",0.8437289595603943,,0.2129
355,1,"[541.0936889648438, 538.3990478515625, 973.8674926757812, 914.9219970703125]",0.8437466621398926,,0.2118
356,1,"[540.3441772460938, 538.453125, 977.08740234375, 916.5294799804688]",0.8457562327384949,,0.2135
357,1,"[539.4287109375, 538.1450805664062, 977.77783203125, 916.7607421875]",0.8457220792770386,,0.2147
358,1,"[534.90087890625, 540.112060546875, 982.829345703125, 917.1700439453125]",0.8521682024002075,,0.2146
359,1,"[533.2528076171875, 540.6951904296875, 985.02783203125, 917.1109008789062]",0.8518775701522827,,0.2161
360,1,"[537.4085083007812, 537.4422607421875, 984.4354248046875, 917.0149536132812]",0.8382886648178101,,0.2143
361,1,"[539.6640625, 536.7196655273438, 984.7890014648438, 917.5368041992188]",0.838202953338623,,0.2112
362,1,"[537.5184326171875, 540.0928955078125, 992.7046508789062, 916.859619140625]",0.8438959717750549,,0.2115
363,1,"[536.376953125, 541.236328125, 995.2803955078125, 916.43212890625]",0.8443091511726379,,0.212
364,1,"[534.7723999023438, 541.6710205078125, 1000.2235717773438, 917.3663330078125]",0.8664391040802002,,0.2079
365,1,"[533.9700927734375, 541.75732421875, 1001.8099365234375, 917.4171142578125]",0.8664475083351135,,0.2084
366,1,"[537.7806396484375, 541.0675659179688, 1001.6519165039062, 916.6871948242188]",0.8549878597259521,,0.182
367,1,"[539.7567138671875, 541.1150512695312, 1001.8714599609375, 916.8547973632812]",0.8549407124519348,,0.1796
368,1,"[540.1940307617188, 541.3479614257812, 1006.2197875976562, 917.7615356445312]",0.8648178577423096,,0.198
369,1,"[540.3422241210938, 541.2069091796875, 1007.9500732421875, 917.817138671875]",0.8650081753730774,,0.1971
370,1,"[539.1414794921875, 538.9657592773438, 1006.1649169921875, 922.504150390625]",0.8728564381599426,,0.2097
371,1,"[537.9929809570312, 538.1958618164062, 1004.6260375976562, 924.295654296875]",0.8730562329292297,,0.2138
372,1,"[537.2327880859375, 537.1986083984375, 1005.9258422851562, 925.4122314453125]",0.8778802156448364,,0.2212
373,1,"[538.0659790039062, 536.9017944335938, 1007.42431640625, 925.8082275390625]",0.8778045773506165,,0.1966
374,1,"[537.717041015625, 537.6697387695312, 1011.9356689453125, 926.8496704101562]",0.8769664764404297,,0.2122
375,1,"[537.7904052734375, 537.6174926757812, 1013.9961547851562, 926.8886108398438]",0.876913845539093,,0.2132
376,1,"[538.1741333007812, 534.6190185546875, 1015.080810546875, 927.1204223632812]",0.8740522265434265,,0.2028
377,1,"[538.0712280273438, 533.99267578125, 1014.9044799804688, 927.7955932617188]",0.8738240599632263,,0.2045
378,1,"[538.6060791015625, 534.028076171875, 1022.97412109375, 928.3159790039062]",0.8777053356170654,,0.2098
379,1,"[538.6976928710938, 533.7741088867188, 1025.74560546875, 928.2036743164062]",0.8776347041130066,,0.2104
380,1,"[540.7517700195312, 530.7175903320312, 1030.9840087890625, 927.48583984375]",0.8744769096374512,,0.2095
381,1,"[541.3998413085938, 530.0239868164062, 1032.92529296875, 927.7017822265625]",0.8742580413818359,,0.2108
382,1,"[538.155517578125, 529.42529296875, 1035.95849609375, 928.6578979492188]",0.8646823167800903,,0.2134
383,1,"[537.0001220703125, 529.1614990234375, 1036.8883056640625, 928.9494018554688]",0.8648170828819275,,0.214
384,1,"[536.3170776367188, 527.4432983398438, 1044.273681640625, 927.9874877929688]",0.8259826302528381,,0.1756
385,1,"[536.5601196289062, 526.3067626953125, 1047.8140869140625, 927.1200561523438]",0.8264157176017761,,0.1773
386,1,"[536.2042846679688, 529.012451171875, 1077.230712890625, 928.7395629882812]",0.8589657545089722,,0.1792
387,1,"[536.58935546875, 530.2944946289062, 1088.2598876953125, 929.4818115234375]",0.8592593669891357,,0.1854
388,1,"[538.703857421875, 526.6860961914062, 1086.917724609375, 929.3961791992188]",0.8351132273674011,,0.1838
389,1,"[538.4752197265625, 524.9746704101562, 1085.1114501953125, 929.0333251953125]",0.8354237079620361,,0.1812
390,1,"[538.09423828125, 525.0111694335938, 1090.30908203125, 927.5354614257812]",0.8561844825744629,,0.177
391,1,"[537.7977294921875, 525.0880126953125, 1091.81982421875, 927.0341186523438]",0.8556185364723206,,0.1755
392,1,"[535.9439697265625, 526.230712890625, 1108.0089111328125, 925.4617919921875]",0.8742887377738953,,0.167
393,1,"[535.4790649414062, 527.1993408203125, 1114.36767578125, 925.2660522460938]",0.8745414018630981,,0.168
394,1,"[542.1083984375, 528.8909301757812, 1111.603515625, 927.902099609375]",0.8667938113212585,,0.1797
395,1,"[544.1988525390625, 529.4150390625, 1109.618896484375, 928.729248046875]",0.866705596446991,,0.1832
396,1,"[542.1556396484375, 526.2864990234375, 1106.955810546875, 928.752197265625]",0.8737451434135437,,0.1805
397,1,"[541.5155029296875, 524.8746948242188, 1106.0045166015625, 928.6162719726562]",0.8738164901733398,,0.179
398,1,"[540.5582275390625, 524.038818359375, 1110.512451171875, 927.928466796875]",0.8758832216262817,,0.1769
399,1,"[540.072265625, 524.0526123046875, 1112.2393798828125, 927.989990234375]",0.8759612441062927,,0.1774
400,1,"[543.6334838867188, 527.8529663085938, 1106.9698486328125, 931.6678466796875]",0.8824652433395386,,0.185
401,1,"[544.7551879882812, 528.9103393554688, 1104.1646728515625, 932.7298583984375]",0.8824219107627869,,0.1887
402,1,"[545.9273071289062, 528.2120971679688, 1106.5455322265625, 932.1655883789062]",0.8905249834060669,,0.1875
403,1,"[546.1473388671875, 527.932373046875, 1106.7667236328125, 932.2164916992188]",0.8901615142822266,,0.1877
404,1,"[544.8197631835938, 526.6154174804688, 1103.8321533203125, 934.5173950195312]",0.8830252885818481,,0.2012
405,1,"[544.0833740234375, 526.5621337890625, 1102.5345458984375, 935.77880859375]",0.8832888007164001,,0.1993
406,1,"[543.9173583984375, 523.794677734375, 1095.1046142578125, 941.9608764648438]",0.8777055740356445,,0.1906
407,1,"[543.508544921875, 522.1603393554688, 1091.971923828125, 943.74951171875]",0.8775757551193237,,0.1934
408,1,"[545.5328979492188, 524.5825805664062, 1093.818603515625, 941.3921508789062]",0.8893870711326599,,0.2123
409,1,"[546.5769653320312, 525.6654663085938, 1094.89501953125, 940.4882202148438]",0.889449954032898,,0.2107
410,1,"[543.0092163085938, 519.1873168945312, 1098.2603759765625, 941.3016967773438]",0.8819400668144226,,0.2044
411,1,"[541.43701171875, 517.1395263671875, 1099.2894287109375, 942.0244750976562]",0.8818326592445374,,0.2057
412,1,"[541.3455810546875, 515.3077392578125, 1104.8170166015625, 943.2250366210938]",0.8907828330993652,,0.2042
413,1,"[541.72216796875, 514.263916015625, 1107.0260009765625, 943.2820434570312]",0.8909059166908264,,0.2025
414,1,"[542.2820434570312, 511.6914367675781, 1104.0335693359375, 941.489013671875]",0.8863291144371033,,0.2
415,1,"[542.799072265625, 511.5740966796875, 1103.2525634765625, 941.5701904296875]",0.8861281275749207,,0.2002
416,1,"[543.4366455078125, 513.6488037109375, 1108.1365966796875, 943.3173217773438]",0.8877946138381958,,0.1996
417,1,"[543.2695922851562, 513.8731689453125, 1109.42529296875, 943.3101196289062]",0.8878321051597595,,0.1995
418,1,"[544.8922119140625, 513.7643432617188, 1109.27001953125, 944.9108276367188]",0.887523889541626,,0.199
419,1,"[545.6742553710938, 513.5524291992188, 1109.510986328125, 945.2719116210938]",0.8874528408050537,,0.1981
420,1,"[543.6883544921875, 510.7089538574219, 1112.71728515625, 943.6962890625]",0.8847176432609558,,0.2096
421,1,"[542.6387329101562, 509.8532409667969, 1113.8033447265625, 943.3095703125]",0.8844612240791321,,0.2079
422,1,"[542.7847900390625, 507.78326416015625, 1118.7100830078125, 944.4236450195312]",0.8760467171669006,,0.1952
423,1,"[542.921875, 507.2437744140625, 1120.4708251953125, 945.0360717773438]",0.8761160373687744,,0.1948
424,1,"[542.9985961914062, 506.0566711425781, 1128.5699462890625, 949.009521484375]",0.8759719729423523,,0.1951
425,1,"[542.9637451171875, 505.9059753417969, 1131.530029296875, 950.7503662109375]",0.8760054707527161,,0.1957
426,1,"[544.2843627929688, 506.4919738769531, 1134.814453125, 951.4846801757812]",0.8791964054107666,,0.1939
427,1,"[544.7048950195312, 506.8964538574219, 1135.919189453125, 951.8064575195312]",0.8792431354522705,,0.1937
428,1,"[545.2791137695312, 508.9516906738281, 1134.677001953125, 948.4354248046875]",0.8788212537765503,,0.191
429,1,"[545.1851196289062, 509.4246826171875, 1133.765625, 946.844482421875]",0.878860354423523,,0.1902
430,1,"[544.42333984375, 509.5252685546875, 1132.170654296875, 946.609130859375]",0.8791096806526184,,0.1915
431,1,"[544.3941040039062, 509.1951599121094, 1131.6611328125, 946.2677001953125]",0.8791421055793762,,0.1912
432,1,"[543.3779907226562, 505.9450378417969, 1135.575927734375, 950.3547973632812]",0.8820747137069702,,0.1888
433,1,"[542.63330078125, 505.2702941894531, 1136.611083984375, 952.3533325195312]",0.8820028901100159,,0.1941
434,1,"[540.3722534179688, 504.8107604980469, 1134.6517333984375, 954.4000854492188]",0.8796294927597046,,0.1767
435,1,"[539.8827514648438, 504.4105224609375, 1134.324951171875, 954.8038330078125]",0.8797092437744141,,0.1776
436,1,"[540.4503784179688, 502.7568359375, 1133.856689453125, 954.0065307617188]",0.8825591206550598,,0.1758
437,1,"[541.091796875, 502.7383728027344, 1134.0322265625, 954.3545532226562]",0.8825231790542603,,0.1751
438,1,"[543.7186889648438, 500.3117370605469, 1139.7113037109375, 955.259765625]",0.8853420615196228,,0.1699
439,1,"[544.1613159179688, 499.5377502441406, 1141.3292236328125, 955.617431640625]",0.8853864669799805,,0.1688
440,1,"[541.5034790039062, 500.39508056640625, 1145.3739013671875, 956.3860473632812]",0.8855406641960144,,0.1956
441,1,"[540.9771118164062, 500.32354736328125, 1147.3148193359375, 956.2211303710938]",0.8856107592582703,,0.1954
442,1,"[541.5469360351562, 497.92974853515625, 1143.9984130859375, 955.2850341796875]",0.8885224461555481,,0.1706
443,1,"[542.019287109375, 497.67535400390625, 1142.8623046875, 955.4789428710938]",0.8885595202445984,,0.1703
444,1,"[542.6046142578125, 496.8134460449219, 1151.2218017578125, 956.0269775390625]",0.881762683391571,,0.172
445,1,"[542.4639282226562, 496.8323059082031, 1153.9884033203125, 956.5730590820312]",0.8816925287246704,,0.1718
446,1,"[541.790771484375, 497.6872863769531, 1149.3128662109375, 957.019775390625]",0.8870059847831726,,0.1653
447,1,"[541.815185546875, 497.5206604003906, 1147.84228515625, 956.6937866210938]",0.8872267007827759,,0.1654
448,1,"[542.6355590820312, 496.95220947265625, 1159.248779296875, 957.5577392578125]",0.8875106573104858,,0.1663
449,1,"[542.4647216796875, 496.8058166503906, 1162.60986328125, 957.9710083007812]",0.8874569535255432,,0.1659
450,1,"[542.6840209960938, 497.4785461425781, 1164.262451171875, 957.8907470703125]",0.8848704099655151,,0.1699
451,1,"[542.7379760742188, 497.9347839355469, 1164.9747314453125, 958.0306396484375]",0.8845914602279663,,0.1699
452,1,"[541.5814819335938, 497.4532775878906, 1169.94287109375, 957.8382568359375]",0.8843635320663452,,0.1652
453,1,"[541.3984985351562, 497.5235290527344, 1171.5155029296875, 957.9540405273438]",0.8840826153755188,,0.1651
454,1,"[542.1928100585938, 497.40032958984375, 1174.424072265625, 959.210205078125]",0.8917519450187683,,0.1642
455,1,"[542.285400390625, 496.86639404296875, 1175.358642578125, 959.2554321289062]",0.891963005065918,,0.1637
456,1,"[540.896240234375, 496.3364562988281, 1179.154541015625, 959.560791015625]",0.8900924921035767,,0.1689
457,1,"[540.3975219726562, 496.60650634765625, 1180.6005859375, 960.0130615234375]",0.8902895450592041,,0.1696
458,1,"[540.2951049804688, 496.79345703125, 1180.9794921875, 961.8623046875]",0.8932164311408997,,0.162
459,1,"[540.3436889648438, 496.60418701171875, 1181.3089599609375, 962.0676879882812]",0.8931859731674194,,0.1619
460,1,"[540.8582153320312, 496.4772033691406, 1182.7418212890625, 962.3060913085938]",0.8934779167175293,,0.1656
461,1,"[540.7567749023438, 496.2532653808594, 1182.92919921875, 962.2574462890625]",0.893406093120575,,0.1655
462,1,"[539.5536499023438, 495.1702880859375, 1182.6221923828125, 963.3069458007812]",0.8899617791175842,,0.1516
463,1,"[539.4193115234375, 494.9932556152344, 1182.6968994140625, 963.8132934570312]",0.8900023102760315,,0.1521
464,1,"[540.1469116210938, 494.1513366699219, 1185.513916015625, 965.0038452148438]",0.891092836856842,,0.1623
465,1,"[540.2794189453125, 493.67449951171875, 1186.33642578125, 965.4210815429688]",0.8911145925521851,,0.162
466,1,"[540.080810546875, 491.95428466796875, 1193.9561767578125, 966.4058837890625]",0.8898215293884277,,0.1649
467,1,"[539.8446655273438, 491.1155090332031, 1196.34619140625, 966.8963012695312]",0.8897075057029724,,0.1646
468,1,"[538.66259765625, 489.0872497558594, 1197.457763671875, 967.572021484375]",0.8862016797065735,,0.1655
469,1,"[538.3165893554688, 488.9150085449219, 1198.2081298828125, 968.0885009765625]",0.886238694190979,,0.1661
470,1,"[536.4976196289062, 492.3968200683594, 1203.9498291015625, 969.2509155273438]",0.8922192454338074,,0.1644
471,1,"[535.5042114257812, 492.8073425292969, 1205.7584228515625, 968.7509765625]",0.8921139240264893,,0.165
472,1,"[536.109619140625, 487.8246154785156, 1208.931396484375, 968.3795166015625]",0.8911772966384888,,0.1547
473,1,"[536.4959716796875, 486.5978698730469, 1210.0888671875, 968.8309936523438]",0.8909041881561279,,0.1539
474,1,"[536.15576171875, 486.0384216308594, 1214.939453125, 969.3847045898438]",0.8986377120018005,,0.1687
475,1,"[535.7926025390625, 486.0517883300781, 1216.480224609375, 969.7369995117188]",0.8986782431602478,,0.169
476,1,"[536.6553344726562, 484.53167724609375, 1222.1688232421875, 968.6478271484375]",0.8924635052680969,,0.1712
477,1,"[536.7787475585938, 484.6107177734375, 1224.0816650390625, 968.8054809570312]",0.892508864402771,,0.1706
478,1,"[536.5755004882812, 485.18695068359375, 1226.4180908203125, 970.6203002929688]",0.8911330699920654,,0.1617
479,1,"[536.3851928710938, 484.8123474121094, 1227.1900634765625, 970.6649780273438]",0.8910506367683411,,0.1616
480,1,"[535.7422485351562, 482.93377685546875, 1230.471435546875, 971.4461059570312]",0.8903450965881348,,0.1825
481,1,"[535.2505493164062, 482.3306579589844, 1231.6060791015625, 971.5841064453125]",0.890221893787384,,0.1827
482,1,"[535.3529663085938, 481.45123291015625, 1232.75048828125, 971.8887329101562]",0.8912274241447449,,0.1612
483,1,"[535.9769897460938, 481.4655456542969, 1233.6717529296875, 972.3067016601562]",0.8912230134010315,,0.1606
484,1,"[536.4544677734375, 480.0195007324219, 1235.751953125, 973.480712890625]",0.8879376649856567,,0.1638
485,1,"[536.347412109375, 479.73760986328125, 1236.112548828125, 974.0972900390625]",0.8879683017730713,,0.1638
486,1,"[536.5678100585938, 477.33026123046875, 1236.702392578125, 974.2909545898438]",0.8896672129631042,,0.1632
487,1,"[536.640625, 476.6256408691406, 1236.760986328125, 974.723876953125]",0.8896623253822327,,0.1632
488,1,"[536.2216796875, 476.2581481933594, 1246.9974365234375, 975.8702392578125]",0.8843156695365906,,0.1619
489,1,"[535.9661865234375, 476.03021240234375, 1250.46435546875, 976.1758422851562]",0.8842841982841492,,0.163
490,1,"[535.05322265625, 477.7906799316406, 1258.253662109375, 978.1680297851562]",0.8809782266616821,,0.1626
491,1,"[534.5608520507812, 478.4424743652344, 1261.115966796875, 979.072509765625]",0.8809831738471985,,0.1633
492,1,"[534.8175048828125, 477.4621887207031, 1272.7896728515625, 979.7056884765625]",0.8727440237998962,,0.1767
493,1,"[534.9549560546875, 477.3580322265625, 1276.9190673828125, 980.3292236328125]",0.8726957440376282,,0.1759
494,1,"[533.2234497070312, 478.98272705078125, 1282.878662109375, 983.7510986328125]",0.8732245564460754,,0.1651
495,1,"[531.6392822265625, 479.8100891113281, 1284.491455078125, 985.0137939453125]",0.8732858896255493,,0.1665
496,1,"[533.73828125, 480.6005859375, 1279.6671142578125, 987.2302856445312]",0.8783178925514221,,0.1572
497,1,"[535.0845947265625, 479.9169616699219, 1278.1510009765625, 987.0955200195312]",0.8782230019569397,,0.156
498,1,"[532.43505859375, 478.9566345214844, 1285.135009765625, 986.5658569335938]",0.8757931590080261,,0.1615
499,1,"[531.6031494140625, 479.3243408203125, 1288.19384765625, 986.7006225585938]",0.8761089444160461,,0.1618
500,1,"[532.2377319335938, 477.8162536621094, 1291.4713134765625, 986.4049682617188]",0.8805932402610779,,0.1722
501,1,"[531.4488525390625, 477.71185302734375, 1291.6317138671875, 986.5704345703125]",0.8805803060531616,,0.1731
502,1,"[529.2933349609375, 475.4359130859375, 1290.4859619140625, 985.5224609375]",0.881536602973938,,0.1796
503,1,"[529.7310791015625, 475.1910400390625, 1291.16064453125, 985.7627563476562]",0.8815059661865234,,0.1632
504,1,"[531.6109619140625, 477.0792541503906, 1294.3646240234375, 988.717529296875]",0.8792998194694519,,0.1723
505,1,"[531.3982543945312, 477.20361328125, 1294.624755859375, 989.2847290039062]",0.879187285900116,,0.1724
506,1,"[530.5006713867188, 475.3503112792969, 1298.035888671875, 990.72607421875]",0.8784428238868713,,0.1726
507,1,"[529.8363037109375, 474.6263732910156, 1299.0421142578125, 991.0276489257812]",0.8783073425292969,,0.1731
508,1,"[530.9105224609375, 473.4067687988281, 1302.4608154296875, 991.6329956054688]",0.8789321780204773,,0.1595
509,1,"[531.9840087890625, 472.778076171875, 1304.2335205078125, 991.8126220703125]",0.878923237323761,,0.158
510,1,"[533.7975463867188, 468.4337463378906, 1309.8095703125, 995.3295288085938]",0.8822811841964722,,0.1665
511,1,"[533.9384765625, 466.94171142578125, 1311.44921875, 996.8590087890625]",0.882267951965332,,0.166
512,1,"[532.8832397460938, 464.5886535644531, 1317.810791015625, 997.9008178710938]",0.8871411681175232,,0.1543
513,1,"[532.824462890625, 464.33062744140625, 1320.2684326171875, 998.6597900390625]",0.8871264457702637,,0.1539
514,1,"[532.7060546875, 464.7850646972656, 1325.37109375, 1001.7293701171875]",0.8928260803222656,,0.1492
515,1,"[532.6337280273438, 464.5647277832031, 1327.149658203125, 1002.4312133789062]",0.892859160900116,,0.149
516,1,"[532.9209594726562, 462.827880859375, 1328.581787109375, 1002.4861450195312]",0.8909559845924377,,0.1522
517,1,"[532.6901245117188, 462.0677795410156, 1328.725341796875, 1002.392578125]",0.8909429311752319,,0.1524
518,1,"[532.2723388671875, 457.6562194824219, 1328.9398193359375, 1002.5478515625]",0.8854234218597412,,0.1528
519,1,"[532.0770874023438, 456.55694580078125, 1328.752685546875, 1003.0595092773438]",0.8853545784950256,,0.153
520,1,"[531.2769775390625, 454.9308776855469, 1331.3359375, 1001.606201171875]",0.8842600584030151,,0.1534
521,1,"[530.8425903320312, 453.7478332519531, 1332.041015625, 1000.5966796875]",0.8841854929924011,,0.1537
522,1,"[530.48681640625, 449.9457092285156, 1339.824462890625, 1000.5379638671875]",0.875471830368042,,0.1637
523,1,"[529.8849487304688, 448.75335693359375, 1342.4188232421875, 1000.7738037109375]",0.8751977682113647,,0.1638
524,1,"[529.6483764648438, 447.7779541015625, 1346.960205078125, 1001.4171752929688]",0.8805187344551086,,0.1632
525,1,"[529.4210205078125, 447.2445068359375, 1348.4017333984375, 1001.5010986328125]",0.8805345892906189,,0.1631
526,1,"[529.94287109375, 446.8564147949219, 1350.1353759765625, 999.3834838867188]",0.881669282913208,,0.1659
527,1,"[529.6785888671875, 447.3927307128906, 1349.9757080078125, 999.3799438476562]",0.8815427422523499,,0.1662
528,1,"[529.7400512695312, 447.1733093261719, 1350.3272705078125, 1001.8933715820312]",0.8829061388969421,,0.1551
529,1,"[529.8402099609375, 447.2978820800781, 1350.74072265625, 1002.561279296875]",0.8827998638153076,,0.1549
530,1,"[529.896240234375, 447.29254150390625, 1359.537353515625, 1004.15087890625]",0.8779180645942688,,0.1604
531,1,"[529.7525024414062, 446.8369445800781, 1362.2666015625, 1004.7347412109375]",0.8779547810554504,,0.1601
532,1,"[529.5068359375, 445.2878723144531, 1366.8848876953125, 1004.414306640625]",0.8812969923019409,,0.1558
533,1,"[529.6980590820312, 444.9833679199219, 1368.8841552734375, 1004.5853271484375]",0.8811267614364624,,0.1553
534,1,"[530.1722412109375, 444.37127685546875, 1371.8958740234375, 1005.5469360351562]",0.8804352283477783,,0.1578
535,1,"[529.6660766601562, 444.3092346191406, 1372.2093505859375, 1005.9041748046875]",0.8806782960891724,,0.1583
536,1,"[530.492431640625, 444.43621826171875, 1377.0311279296875, 1007.6517944335938]",0.8810520768165588,,0.1565
537,1,"[529.104248046875, 444.6146240234375, 1375.3271484375, 1006.9183349609375]",0.8811536431312561,,0.1582
538,1,"[527.522216796875, 442.0518493652344, 1383.0968017578125, 1004.7149658203125]",0.873696506023407,,0.1548
539,1,"[527.0128784179688, 442.01641845703125, 1385.8460693359375, 1004.6429443359375]",0.8737667202949524,,0.1548
540,1,"[528.15087890625, 443.56890869140625, 1385.0216064453125, 1008.7362670898438]",0.8822226524353027,,0.1574
541,1,"[528.6858520507812, 443.40032958984375, 1384.68505859375, 1009.574462890625]",0.8822106719017029,,0.1569
542,1,"[527.9479370117188, 442.587158203125, 1395.0904541015625, 1010.520263671875]",0.8771522641181946,,0.1557
543,1,"[527.4993286132812, 442.5284118652344, 1399.11083984375, 1011.1401977539062]",0.8769837021827698,,0.1555
544,1,"[528.6611328125, 442.1688232421875, 1403.4139404296875, 1010.8462524414062]",0.8753823637962341,,0.157
545,1,"[528.955810546875, 442.2776184082031, 1404.5303955078125, 1010.928955078125]",0.8757222890853882,,0.1565
546,1,"[530.6181640625, 441.1712646484375, 1407.67431640625, 1013.177001953125]",0.8773707151412964,,0.1509
547,1,"[531.1074829101562, 440.7390441894531, 1408.384033203125, 1014.2686767578125]",0.8777831196784973,,0.1503
548,1,"[530.8333740234375, 440.0460510253906, 1418.2608642578125, 1014.099609375]",0.884978175163269,,0.1422
549,1,"[530.9122314453125, 439.9906005859375, 1421.93017578125, 1014.2828369140625]",0.8849024772644043,,0.1415
550,1,"[531.2186889648438, 439.2584533691406, 1426.685546875, 1016.5753173828125]",0.8857036232948303,,0.1505
551,1,"[530.793701171875, 438.30877685546875, 1428.1982421875, 1017.363037109375]",0.8859249353408813,,0.1507
552,1,"[530.9097290039062, 432.88916015625, 1440.54736328125, 1017.629638671875]",0.8860007524490356,,0.1485
553,1,"[530.476806640625, 428.2885437011719, 1446.1417236328125, 1017.67919921875]",0.8864656686782837,,0.148
554,1,"[529.7993774414062, 425.6038513183594, 1452.7001953125, 1018.386474609375]",0.888228714466095,,0.1476
555,1,"[529.5111694335938, 424.9520568847656, 1454.9456787109375, 1018.7536010742188]",0.888384222984314,,0.1475
556,1,"[530.2835693359375, 425.80902099609375, 1465.48681640625, 1019.0081787109375]",0.8918625116348267,,0.1451
557,1,"[530.301513671875, 426.357666015625, 1469.4857177734375, 1018.885009765625]",0.8918259143829346,,0.1445
558,1,"[530.2522583007812, 422.3234558105469, 1475.892333984375, 1019.1410522460938]",0.8898788094520569,,0.1404
559,1,"[530.4514770507812, 421.1590881347656, 1478.1845703125, 1019.3648681640625]",0.8898846507072449,,0.1399
560,1,"[530.89599609375, 420.4992370605469, 1482.4542236328125, 1021.6279907226562]",0.893799364566803,,0.1388
561,1,"[530.5820922851562, 419.7081604003906, 1483.242431640625, 1021.9456176757812]",0.8938500285148621,,0.139
562,1,"[529.7546997070312, 420.75177001953125, 1479.88037109375, 1021.687744140625]",0.8954601287841797,,0.1402
563,1,"[529.1941528320312, 420.8033142089844, 1478.001708984375, 1021.7942504882812]",0.8954179286956787,,0.141
564,1,"[529.15771484375, 418.7734069824219, 1484.0614013671875, 1020.132080078125]",0.8988900184631348,,0.1433
565,1,"[529.207763671875, 418.5975646972656, 1486.15185546875, 1020.0086059570312]",0.8988214731216431,,0.1429
566,1,"[528.3601684570312, 419.6512756347656, 1495.021240234375, 1021.8748168945312]",0.8899248838424683,,0.1424
567,1,"[527.9967041015625, 419.8784484863281, 1498.043701171875, 1022.432861328125]",0.8900936245918274,,0.1423
568,1,"[530.04736328125, 418.0556640625, 1505.2767333984375, 1025.0623779296875]",0.8908078074455261,,0.1302
569,1,"[530.2009887695312, 417.38958740234375, 1506.950439453125, 1025.8857421875]",0.8907088041305542,,0.1298
570,1,"[528.8260498046875, 416.3312072753906, 1513.677978515625, 1025.6806640625]",0.8913216590881348,,0.1362
571,1,"[528.2347412109375, 416.25714111328125, 1516.1226806640625, 1025.7838134765625]",0.8912854790687561,,0.1364
572,1,"[528.479736328125, 415.3958740234375, 1517.6737060546875, 1027.0360107421875]",0.8922871947288513,,0.136
573,1,"[528.8236083984375, 414.6156921386719, 1518.4659423828125, 1027.3519287109375]",0.892022967338562,,0.1356
574,1,"[529.8017578125, 415.3225402832031, 1520.7894287109375, 1031.9989013671875]",0.8936843872070312,,0.1374
575,1,"[529.4887084960938, 415.89361572265625, 1521.39453125, 1033.634521484375]",0.8936948776245117,,0.1376
576,1,"[527.9033813476562, 413.6177062988281, 1527.8701171875, 1036.915283203125]",0.8900669813156128,,0.1261
577,1,"[527.5220947265625, 412.4710693359375, 1530.7060546875, 1037.9197998046875]",0.8900097608566284,,0.1261
578,1,"[529.4826049804688, 411.8710021972656, 1537.5438232421875, 1038.429931640625]",0.8878932595252991,,0.1265
579,1,"[529.3727416992188, 411.3064880371094, 1539.1937255859375, 1038.42529296875]",0.8878886103630066,,0.1264
580,1,"[528.1444091796875, 410.7849426269531, 1544.8924560546875, 1039.7757568359375]",0.8871737718582153,,0.1326
581,1,"[528.0419311523438, 410.74163818359375, 1547.2642822265625, 1040.3388671875]",0.8872371315956116,,0.1324
582,1,"[527.6000366210938, 409.7693176269531, 1558.4415283203125, 1040.1993408203125]",0.8870753645896912,,0.1343
583,1,"[526.8683471679688, 409.7580261230469, 1561.8360595703125, 1040.623291015625]",0.8874076008796692,,0.1344
584,1,"[527.4087524414062, 408.6933898925781, 1567.978271484375, 1041.0965576171875]",0.8852250576019287,,0.1303
585,1,"[526.9801635742188, 408.07171630859375, 1569.8970947265625, 1040.847412109375]",0.8849986791610718,,0.1304
586,1,"[526.9264526367188, 402.9413146972656, 1578.9991455078125, 1039.9444580078125]",0.8844843506813049,,0.1293
587,1,"[526.8568115234375, 401.1200866699219, 1582.1534423828125, 1039.7696533203125]",0.884543240070343,,0.129
588,1,"[526.8642578125, 400.455322265625, 1589.3699951171875, 1042.8916015625]",0.8845811486244202,,0.1281
589,1,"[527.4374389648438, 399.7484130859375, 1592.1842041015625, 1044.3123779296875]",0.8845691680908203,,0.1273
590,1,"[527.2302856445312, 394.4817199707031, 1593.7344970703125, 1045.4755859375]",0.8840452432632446,,0.1301
591,1,"[526.8695068359375, 392.80126953125, 1593.934326171875, 1045.8057861328125]",0.8839541077613831,,0.1304
592,1,"[527.4249267578125, 390.0063171386719, 1601.4652099609375, 1045.8472900390625]",0.8794126510620117,,0.1181
593,1,"[527.421142578125, 388.90325927734375, 1603.7720947265625, 1045.6700439453125]",0.8791910409927368,,0.1179
594,1,"[528.5428466796875, 388.61944580078125, 1612.7110595703125, 1045.177734375]",0.8738561272621155,,0.1268
595,1,"[528.2167358398438, 388.53759765625, 1615.16943359375, 1045.0694580078125]",0.8738698363304138,,0.1268
596,1,"[527.5426635742188, 386.460205078125, 1617.27978515625, 1046.3160400390625]",0.8714292645454407,,0.1161
597,1,"[527.76220703125, 385.67596435546875, 1618.443115234375, 1046.7950439453125]",0.8714638352394104,,0.1155
598,1,"[528.7555541992188, 384.95989990234375, 1629.0941162109375, 1047.338134765625]",0.8669729828834534,,0.1134
599,1,"[529.0239868164062, 384.65032958984375, 1632.66162109375, 1047.23828125]",0.8666970133781433,,0.1128
600,1,"[528.5531616210938, 378.3820495605469, 1633.2598876953125, 1050.078369140625]",0.8703981041908264,,0.1196
601,1,"[528.4793090820312, 376.3791198730469, 1633.411376953125, 1051.4212646484375]",0.8700244426727295,,0.1112
602,1,"[565.1604614257812, 381.3045349121094, 1692.8863525390625, 1040.3538818359375]",0.8649498224258423,,0.1426
603,1,"[569.73046875, 382.59478759765625, 1702.3731689453125, 1034.2802734375]",0.8627620935440063,,0.138
604,1,"[586.6303100585938, 372.1726989746094, 1694.2589111328125, 1027.190673828125]",0.869451105594635,,0.1258
605,1,"[582.1080932617188, 371.3638916015625, 1686.94384765625, 1032.12353515625]",0.8696512579917908,,0.1302
606,1,"[588.8739624023438, 368.8437194824219, 1688.52734375, 1027.917724609375]",0.878381073474884,,0.1574
607,1,"[585.4251708984375, 368.51690673828125, 1689.089111328125, 1031.2021484375]",0.8785547018051147,,0.16
608,1,"[588.5409545898438, 365.61859130859375, 1684.117431640625, 1026.190185546875]",0.8941254615783691,,0.1611
609,1,"[587.903564453125, 365.00250244140625, 1687.177734375, 1028.3583984375]",0.8941981792449951,,0.1611
610,1,"[593.6290893554688, 352.09710693359375, 1681.516357421875, 1017.7134399414062]",0.8853524327278137,,0.1768
611,1,"[594.0679931640625, 348.6801452636719, 1683.1199951171875, 1018.517822265625]",0.8853578567504883,,0.1762
612,1,"[595.9601440429688, 347.98760986328125, 1676.202392578125, 1009.9789428710938]",0.8835344910621643,,0.1981
613,1,"[594.9837036132812, 347.8251647949219, 1678.168212890625, 1010.8074951171875]",0.8834309577941895,,0.1985
614,1,"[601.6136474609375, 354.5696105957031, 1673.7265625, 1002.9737548828125]",0.8799402117729187,,0.2056
615,1,"[602.4552001953125, 357.731201171875, 1676.7579345703125, 1003.6670532226562]",0.879912793636322,,0.2044
616,1,"[602.389892578125, 361.18292236328125, 1672.1668701171875, 997.2850341796875]",0.8827534914016724,,0.2165
617,1,"[602.6421508789062, 362.27099609375, 1676.77685546875, 997.8358764648438]",0.8827680945396423,,0.2154
618,1,"[603.9190063476562, 353.3023986816406, 1673.0130615234375, 992.2526245117188]",0.8902360796928406,,0.2124
619,1,"[604.3267211914062, 350.2094421386719, 1677.9833984375, 993.4952392578125]",0.8901711702346802,,0.2111
620,1,"[598.2642211914062, 349.1929016113281, 1671.81201171875, 993.4933471679688]",0.8814315795898438,,0.2196
621,1,"[597.255615234375, 348.2537536621094, 1676.813232421875, 997.0460815429688]",0.8814417719841003,,0.2193
622,1,"[595.5748291015625, 349.6085205078125, 1667.5458984375, 996.0741577148438]",0.8816789984703064,,0.2336
623,1,"[594.9082641601562, 348.8453369140625, 1669.1588134765625, 997.72998046875]",0.8817826509475708,,0.2337
624,1,"[588.6237182617188, 343.70758056640625, 1662.505859375, 993.3056640625]",0.8818246126174927,,0.2425
625,1,"[587.9650268554688, 341.6798400878906, 1667.3450927734375, 995.2305908203125]",0.8819243907928467,,0.2418
626,1,"[584.3219604492188, 345.52740478515625, 1654.3128662109375, 985.4319458007812]",0.8746023774147034,,0.2474
627,1,"[584.3375854492188, 346.71728515625, 1656.72412109375, 984.8610229492188]",0.8747087121009827,,0.2468
628,1,"[583.295654296875, 347.7262878417969, 1643.572021484375, 980.1103515625]",0.8691554069519043,,0.2534
629,1,"[583.1941528320312, 346.7480773925781, 1644.292236328125, 980.3824462890625]",0.8692401051521301,,0.2533
630,1,"[583.790283203125, 345.6773376464844, 1631.3416748046875, 976.3375244140625]",0.8620665073394775,,0.256
631,1,"[584.8201293945312, 343.7737121582031, 1633.11328125, 976.6749877929688]",0.8621239066123962,,0.2549
632,1,"[580.112060546875, 349.6844177246094, 1621.3680419921875, 976.9375610351562]",0.8658154606819153,,0.2582
633,1,"[579.9169311523438, 349.8977355957031, 1624.1932373046875, 978.2259521484375]",0.8658106923103333,,0.2577
634,1,"[580.8847045898438, 353.5987548828125, 1605.8026123046875, 972.7611083984375]",0.8660985827445984,,0.2587
635,1,"[582.5409545898438, 351.6607666015625, 1606.115234375, 971.55078125]",0.8660338521003723,,0.2574
636,1,"[573.841796875, 364.1365661621094, 1591.868896484375, 972.1071166992188]",0.8747388124465942,,0.2614
637,1,"[573.8924560546875, 365.2504577636719, 1595.53173828125, 972.7747192382812]",0.874755859375,,0.2605
638,1,"[566.9058837890625, 367.54498291015625, 1587.29248046875, 972.2465209960938]",0.8691009283065796,,0.2618
639,1,"[566.4713134765625, 365.8733825683594, 1592.0281982421875, 972.7211303710938]",0.8692694306373596,,0.2609
640,1,"[561.044921875, 370.8805847167969, 1581.8499755859375, 969.6995849609375]",0.8767465949058533,,0.2615
641,1,"[560.9160766601562, 370.84381103515625, 1584.6156005859375, 970.0397338867188]",0.8769484162330627,,0.2609
642,1,"[555.1583862304688, 372.3914489746094, 1577.8856201171875, 968.6766967773438]",0.8824480772018433,,0.2697
643,1,"[553.6507568359375, 370.71722412109375, 1581.9013671875, 969.0385131835938]",0.8825108408927917,,0.2697
644,1,"[547.5791015625, 370.43865966796875, 1577.3974609375, 965.1949462890625]",0.8924833536148071,,0.281
645,1,"[545.1505126953125, 369.43133544921875, 1581.1175537109375, 966.0057373046875]",0.8924627304077148,,0.2817
646,1,"[541.2360229492188, 372.1454162597656, 1569.6273193359375, 963.5396728515625]",0.8885930180549622,,0.2934
647,1,"[539.9296264648438, 371.5790100097656, 1570.60791015625, 964.12158203125]",0.8885371088981628,,0.294
648,1,"[539.78955078125, 372.0447082519531, 1563.2830810546875, 960.5908813476562]",0.8904585242271423,voie1,0.3021
649,1,"[539.768310546875, 371.47686767578125, 1565.7752685546875, 961.7168579101562]",0.8904196619987488,voie1,0.3014
650,1,"[545.4275512695312, 373.0467224121094, 1557.611083984375, 955.4232788085938]",0.8920571804046631,voie1,0.3118
651,1,"[546.6393432617188, 373.8067626953125, 1559.3955078125, 956.9285888671875]",0.8922608494758606,voie1,0.3104
652,1,"[564.3810424804688, 376.0020751953125, 1547.2574462890625, 950.7114868164062]",0.892358660697937,voie1,0.314
653,1,"[567.7467651367188, 376.0042419433594, 1548.760009765625, 953.2959594726562]",0.8922755122184753,voie1,0.3112
654,1,"[576.1719360351562, 376.0713806152344, 1537.2772216796875, 948.3868408203125]",0.8869137763977051,voie1,0.3432
655,1,"[576.566650390625, 374.8177795410156, 1538.134521484375, 949.751220703125]",0.8869502544403076,voie1,0.3301
656,1,"[579.1631469726562, 375.1360168457031, 1527.8157958984375, 934.6580810546875]",0.8868765830993652,voie1,0.3572
657,1,"[578.6043090820312, 373.5577087402344, 1530.4761962890625, 933.12841796875]",0.8868237733840942,voie1,0.3566
658,1,"[581.1128540039062, 374.990478515625, 1524.0592041015625, 924.6865234375]",0.8886069655418396,voie1,0.37
659,1,"[580.63623046875, 374.74322509765625, 1528.40576171875, 925.2674560546875]",0.8885892033576965,voie1,0.3686
660,1,"[582.3588256835938, 377.8683166503906, 1513.0831298828125, 921.9918823242188]",0.884658694267273,voie1,0.3735
661,1,"[581.2094116210938, 376.7475280761719, 1513.7763671875, 923.5254516601562]",0.884685218334198,voie1,0.374
662,1,"[582.2828369140625, 374.7986145019531, 1505.576171875, 910.7536010742188]",0.8821102380752563,voie1,0.3961
663,1,"[581.2930908203125, 374.3724670410156, 1508.7945556640625, 911.0621948242188]",0.882080078125,voie1,0.3954
664,1,"[584.9482421875, 379.131103515625, 1499.1951904296875, 904.7581176757812]",0.8809158802032471,voie1,0.4069
665,1,"[585.3147583007812, 379.3797912597656, 1502.5841064453125, 905.592041015625]",0.8809094429016113,voie1,0.4052
666,1,"[583.3511962890625, 377.0846252441406, 1487.1231689453125, 897.6802978515625]",0.8830868601799011,voie1,0.4201
667,1,"[583.2739868164062, 375.882568359375, 1490.168701171875, 898.2478637695312]",0.8831347227096558,voie1,0.4187
668,1,"[583.8396606445312, 379.37921142578125, 1478.3946533203125, 894.128662109375]",0.8766635656356812,voie1,0.4339
669,1,"[582.9118041992188, 379.23150634765625, 1480.6212158203125, 895.0770874023438]",0.8766311407089233,voie1,0.4334
670,1,"[584.3224487304688, 380.9881286621094, 1477.41748046875, 889.8403930664062]",0.8718400597572327,voie1,0.4542
671,1,"[583.7688598632812, 380.1639404296875, 1482.070556640625, 891.2132568359375]",0.8717013597488403,voie1,0.4522
672,1,"[586.7142333984375, 383.9265441894531, 1469.6229248046875, 886.81103515625]",0.8668423891067505,voie1,0.4704
673,1,"[587.7611694335938, 383.6483459472656, 1472.459228515625, 887.6219482421875]",0.8668444752693176,voie1,0.4682
674,1,"[590.6825561523438, 387.4385986328125, 1462.6553955078125, 881.35595703125]",0.8774463534355164,voie1,0.4717
675,1,"[591.2349243164062, 387.0916442871094, 1465.419921875, 881.1795043945312]",0.8771357536315918,voie1,0.4699
676,1,"[597.8410034179688, 392.5582275390625, 1458.68798828125, 877.2025756835938]",0.8826246857643127,voie1,0.466
677,1,"[598.4927368164062, 392.007080078125, 1462.41064453125, 877.3909301757812]",0.8826313614845276,voie1,0.4636
678,1,"[600.047607421875, 393.1197204589844, 1459.129638671875, 873.9443969726562]",0.8811697959899902,voie1,0.4679
679,1,"[599.1107788085938, 391.981689453125, 1463.0335693359375, 874.2838745117188]",0.8810567259788513,voie1,0.4802
680,1,"[598.3235473632812, 396.0469970703125, 1453.8880615234375, 870.442138671875]",0.8781765103340149,voie1,0.4788
681,1,"[598.4002685546875, 395.6637268066406, 1457.691162109375, 871.7276611328125]",0.8781583905220032,voie1,0.4767
682,1,"[599.4563598632812, 396.79473876953125, 1446.59326171875, 868.1897583007812]",0.8756378293037415,voie1,0.5035
683,1,"[599.3424682617188, 395.5677185058594, 1448.5819091796875, 868.9426879882812]",0.8756276965141296,voie1,0.5024
684,1,"[600.775634765625, 396.9601135253906, 1431.11376953125, 863.5731201171875]",0.8868210315704346,voie1,0.5013
685,1,"[601.42724609375, 395.7904357910156, 1432.5111083984375, 863.6219482421875]",0.8866546750068665,voie1,0.5
686,1,"[602.1036376953125, 399.9846496582031, 1423.330322265625, 861.8786010742188]",0.8935679793357849,voie1,0.5162
687,1,"[602.4476928710938, 398.8088684082031, 1426.8748779296875, 862.4962768554688]",0.8932936191558838,voie1,0.5028
688,1,"[606.1993408203125, 404.0211486816406, 1423.16259765625, 862.7896118164062]",0.8845332264900208,voie1,0.5028
689,1,"[606.0892333984375, 403.2401123046875, 1427.7017822265625, 863.6854858398438]",0.8844892382621765,voie1,0.5001
690,1,"[606.433837890625, 410.74591064453125, 1416.965576171875, 861.423095703125]",0.890651285648346,voie1,0.5139
691,1,"[605.53955078125, 411.39373779296875, 1418.087158203125, 861.8002319335938]",0.8907324075698853,voie1,0.5138
692,1,"[606.9366455078125, 417.5513000488281, 1410.9927978515625, 859.8025512695312]",0.8877681493759155,voie1,0.5212
693,1,"[606.8641967773438, 417.05126953125, 1414.9346923828125, 860.78076171875]",0.8877866268157959,voie1,0.5187
694,1,"[606.9605102539062, 423.13836669921875, 1408.611328125, 858.5510864257812]",0.8829697966575623,voie1,0.5302
695,1,"[606.4490966796875, 423.1103210449219, 1412.6068115234375, 859.3582153320312]",0.8832846283912659,voie1,0.5279
696,1,"[606.9691162109375, 425.3479919433594, 1405.11962890625, 859.403564453125]",0.8789979815483093,voie1,0.5288
697,1,"[606.8723754882812, 424.3846130371094, 1408.7568359375, 860.66064453125]",0.8789975643157959,voie1,0.5264
698,1,"[607.6431274414062, 431.9127502441406, 1406.4134521484375, 860.677734375]",0.8811796307563782,voie1,0.5275
699,1,"[607.2362060546875, 431.56103515625, 1411.20751953125, 861.0357055664062]",0.8810146450996399,voie1,0.5246
700,1,"[606.5410766601562, 438.12518310546875, 1392.7294921875, 862.7508544921875]",0.8816749453544617,voie1,0.5297
701,1,"[606.58984375, 438.0862731933594, 1391.9818115234375, 863.9920043945312]",0.8817938566207886,voie1,0.5302
702,1,"[605.0953979492188, 444.5857238769531, 1377.9332275390625, 863.9064331054688]",0.8822745084762573,voie1,0.5369
703,1,"[605.2839965820312, 443.08837890625, 1379.6136474609375, 863.4055786132812]",0.88227778673172,voie1,0.5356
704,1,"[607.644287109375, 445.77191162109375, 1372.4239501953125, 862.8848876953125]",0.8811699151992798,voie1,0.547
705,1,"[608.270751953125, 443.8212585449219, 1376.9373779296875, 863.0098266601562]",0.8811774253845215,voie1,0.5434
706,1,"[608.5339965820312, 444.66094970703125, 1374.219482421875, 860.137451171875]",0.8798142075538635,voie1,0.5413
707,1,"[608.166015625, 443.8470764160156, 1377.963623046875, 861.1755981445312]",0.8798958659172058,voie1,0.5389
708,1,"[607.6142578125, 445.7126770019531, 1372.954345703125, 859.9403076171875]",0.8758772015571594,voie1,0.5467
709,1,"[607.2808227539062, 444.65118408203125, 1376.9176025390625, 861.0974731445312]",0.8757026791572571,voie1,0.544
710,1,"[614.8402099609375, 445.4541320800781, 1373.582763671875, 850.9246826171875]",0.886794924736023,voie1,0.5656
711,1,"[615.9043579101562, 446.4710388183594, 1377.1650390625, 850.75]",0.886899471282959,voie1,0.5624
712,1,"[622.3320922851562, 448.00128173828125, 1371.39111328125, 848.3789672851562]",0.8876010775566101,voie1,0.5629
713,1,"[623.1554565429688, 447.2629699707031, 1373.3193359375, 849.2931518554688]",0.8877583742141724,voie1,0.561
714,1,"[628.4562377929688, 449.66400146484375, 1369.244873046875, 843.45361328125]",0.8888477087020874,voie1,0.5771
715,1,"[629.0857543945312, 449.1772766113281, 1372.0162353515625, 843.1752319335938]",0.8885593414306641,voie1,0.5746
716,1,"[626.141845703125, 451.0209045410156, 1360.749755859375, 842.6629028320312]",0.8849213123321533,voie1,0.5811
717,1,"[625.5526733398438, 450.2578125, 1362.146484375, 843.4849853515625]",0.8849620819091797,voie1,0.5803
718,1,"[630.8750610351562, 451.98175048828125, 1357.2178955078125, 837.1494140625]",0.8860571384429932,voie1,0.5977
719,1,"[631.23291015625, 450.7847595214844, 1359.2906494140625, 836.7308959960938]",0.8859066963195801,voie1,0.5958
720,1,"[637.4755249023438, 452.2866516113281, 1360.164306640625, 832.2880859375]",0.8866453170776367,voie1,0.5999
721,1,"[637.719970703125, 450.86053466796875, 1363.9881591796875, 831.9517822265625]",0.8866464495658875,voie1,0.5966
722,1,"[640.7760009765625, 452.3703918457031, 1363.484619140625, 830.6106567382812]",0.8856081366539001,voie1,0.5953
723,1,"[640.5285034179688, 451.3939208984375, 1367.8402099609375, 831.225830078125]",0.8855816125869751,voie1,0.5919
724,1,"[640.9833984375, 452.74102783203125, 1362.5992431640625, 829.879638671875]",0.882679283618927,voie1,0.6084
725,1,"[640.6548461914062, 451.7935485839844, 1365.1845703125, 830.6824951171875]",0.8828471302986145,voie1,0.6064
726,1,"[641.9138793945312, 457.38482666015625, 1358.6002197265625, 831.1134033203125]",0.8757438659667969,voie1,0.6155
727,1,"[641.0096435546875, 457.39483642578125, 1360.1961669921875, 832.005859375]",0.8757300972938538,voie1,0.6146
728,1,"[649.4195556640625, 461.18780517578125, 1360.821533203125, 828.4263305664062]",0.8722759485244751,voie1,0.6221
729,1,"[649.6946411132812, 460.55810546875, 1363.23193359375, 828.463134765625]",0.8721424341201782,voie1,0.6199
730,1,"[657.9190673828125, 466.76483154296875, 1366.8359375, 829.1337890625]",0.8700361251831055,voie1,0.6335
731,1,"[656.7105712890625, 467.2133483886719, 1369.5791015625, 830.4976196289062]",0.8700395226478577,voie1,0.6317
732,1,"[662.3439331054688, 464.61328125, 1372.2432861328125, 827.2894897460938]",0.866682231426239,voie1,0.6306
733,1,"[662.28662109375, 462.7538757324219, 1375.88525390625, 827.538818359375]",0.8667072653770447,voie1,0.6274
734,1,"[666.2355346679688, 462.3358459472656, 1373.4183349609375, 825.0640869140625]",0.8643487095832825,voie1,0.6402
735,1,"[666.1561279296875, 460.82861328125, 1376.4287109375, 826.168212890625]",0.864349901676178,voie1,0.6376
736,1,"[669.68994140625, 462.4195861816406, 1374.0911865234375, 821.1543579101562]",0.866594135761261,voie1,0.6506
737,1,"[668.8761596679688, 461.8343200683594, 1377.0909423828125, 820.6283569335938]",0.8667317628860474,voie1,0.6483
738,1,"[671.0111694335938, 460.4732360839844, 1373.31982421875, 817.7787475585938]",0.8623563647270203,voie1,0.6592
739,1,"[670.6823120117188, 459.3758850097656, 1375.966552734375, 818.7864379882812]",0.8624833822250366,voie1,0.6569
740,1,"[673.0667724609375, 458.8268127441406, 1372.95556640625, 816.1040649414062]",0.8604639768600464,voie1,0.6629
741,1,"[673.0147705078125, 457.8963623046875, 1375.7689208984375, 817.0830078125]",0.8604798316955566,voie1,0.6602
742,1,"[676.150146484375, 459.5501403808594, 1371.1181640625, 812.3279418945312]",0.8579626679420471,voie1,0.6761
743,1,"[675.7835083007812, 459.0904846191406, 1372.9698486328125, 812.6801147460938]",0.8579721450805664,voie1,0.6744
744,1,"[676.8365478515625, 459.8813781738281, 1370.1124267578125, 807.8651123046875]",0.8548903465270996,voie1,0.694
745,1,"[676.1395263671875, 459.2713623046875, 1373.30322265625, 808.0696411132812]",0.8546806573867798,voie1,0.6912
746,1,"[678.0863647460938, 458.2674255371094, 1378.315185546875, 800.6055908203125]",0.8550461530685425,voie1,0.6939
747,1,"[677.5362548828125, 457.2934265136719, 1384.42333984375, 799.9332275390625]",0.8552587032318115,voie1,0.6882
748,1,"[681.6563720703125, 458.3985595703125, 1382.4066162109375, 797.7473754882812]",0.8591753244400024,voie1,0.6926
749,1,"[682.209228515625, 457.93817138671875, 1385.8424072265625, 798.30224609375]",0.859239399433136,voie1,0.689
750,1,"[684.72314453125, 456.676513671875, 1385.350341796875, 798.6102294921875]",0.8551155924797058,voie1,0.7012
751,1,"[684.4459838867188, 455.59417724609375, 1389.162353515625, 801.072265625]",0.8549258708953857,voie1,0.6975
752,1,"[687.013916015625, 456.20196533203125, 1385.305908203125, 781.39892578125]",0.8650524020195007,voie1,0.7089
753,1,"[687.2884521484375, 456.3858337402344, 1389.0985107421875, 775.1729125976562]",0.865092933177948,voie1,0.7049
754,1,"[688.5068359375, 456.4903564453125, 1387.6947021484375, 771.367431640625]",0.8658812046051025,voie1,0.7101
755,1,"[688.3063354492188, 456.07562255859375, 1391.7799072265625, 771.5313720703125]",0.8658759593963623,voie1,0.7061
756,1,"[692.3967895507812, 456.5143127441406, 1389.2890625, 772.6851196289062]",0.8654618263244629,voie1,0.7198
757,1,"[693.207275390625, 455.4684753417969, 1392.6551513671875, 774.5562744140625]",0.8655442595481873,voie1,0.716
758,1,"[695.3560180664062, 455.15191650390625, 1382.852294921875, 779.177978515625]",0.8476999402046204,voie1,0.7209
759,1,"[696.7500610351562, 455.04754638671875, 1384.8582763671875, 783.3591918945312]",0.8476703763008118,voie1,0.7183
760,1,"[695.791259765625, 455.991943359375, 1379.10400390625, 787.8355712890625]",0.854995846748352,voie1,0.7247
761,1,"[695.3927001953125, 455.21270751953125, 1382.2921142578125, 790.5894775390625]",0.8549280762672424,voie1,0.7215
762,1,"[693.5349731445312, 455.7855529785156, 1376.5662841796875, 797.9094848632812]",0.8476952910423279,voie1,0.7503
763,1,"[692.8278198242188, 454.79193115234375, 1379.620361328125, 802.2444458007812]",0.8476854562759399,voie1,0.7472
764,1,"[691.8110961914062, 454.9075927734375, 1375.530517578125, 807.09326171875]",0.851428747177124,voie1,0.7345
765,1,"[692.1693115234375, 453.70501708984375, 1380.25341796875, 810.0672607421875]",0.8514087200164795,voie1,0.7293
766,1,"[688.455322265625, 456.1827392578125, 1374.7491455078125, 808.8897705078125]",0.8498099446296692,voie1,0.7323
767,1,"[687.9318237304688, 454.9471130371094, 1378.925537109375, 809.22216796875]",0.8497710824012756,voie1,0.728
768,1,"[688.5435791015625, 453.9263000488281, 1374.5087890625, 807.9971923828125]",0.8503461480140686,voie1,0.7543
769,1,"[688.2958984375, 452.7157287597656, 1377.5018310546875, 809.291015625]",0.8502554297447205,voie1,0.7512
770,1,"[690.4200439453125, 450.8256530761719, 1375.26904296875, 804.4924926757812]",0.8460581302642822,voie1,0.7528
771,1,"[691.1310424804688, 449.6835021972656, 1379.34619140625, 805.1347045898438]",0.846079409122467,voie1,0.7481
772,1,"[693.3941040039062, 447.80584716796875, 1382.6290283203125, 801.2164916992188]",0.8505406975746155,voie1,0.7611
773,1,"[693.0104370117188, 446.98492431640625, 1387.6761474609375, 802.2637329101562]",0.8505010008811951,voie1,0.7557
774,1,"[693.0267944335938, 447.7229919433594, 1385.640869140625, 798.94384765625]",0.8503050804138184,voie1,0.7493
775,1,"[692.351318359375, 446.8529052734375, 1389.3963623046875, 799.1041870117188]",0.8503604531288147,voie1,0.7455
776,1,"[693.147705078125, 442.776123046875, 1388.84814453125, 793.9058837890625]",0.8460822701454163,voie1,0.7587
777,1,"[692.9891357421875, 441.3587646484375, 1392.8306884765625, 794.6431884765625]",0.8459489941596985,voie1,0.7545
778,1,"[693.370361328125, 440.9822692871094, 1393.7442626953125, 794.6853637695312]",0.8473101854324341,voie1,0.7534
779,1,"[693.4505615234375, 439.5130310058594, 1399.313720703125, 795.3721923828125]",0.847516655921936,voie1,0.7431
780,1,"[692.5078735351562, 438.1054382324219, 1398.9552001953125, 793.0188598632812]",0.848131537437439,voie1,0.7523
781,1,"[692.6724243164062, 436.8623046875, 1404.505615234375, 793.9950561523438]",0.8475356698036194,voie1,0.7464
782,1,"[691.9039916992188, 436.15869140625, 1398.650634765625, 793.5857543945312]",0.8445777297019958,voie1,0.7571
783,1,"[690.4981689453125, 435.0328063964844, 1401.3076171875, 794.9932861328125]",0.8446483016014099,voie1,0.7548
784,1,"[696.0385131835938, 434.468017578125, 1396.33544921875, 793.09912109375]",0.8410680890083313,voie1,0.7796
785,1,"[697.2293090820312, 433.804931640625, 1399.018310546875, 794.579833984375]",0.8410800099372864,voie1,0.7763
786,1,"[693.486083984375, 434.0470275878906, 1390.5078125, 791.9878540039062]",0.8373661637306213,voie1,0.7869
787,1,"[692.8243408203125, 432.6677551269531, 1393.813720703125, 792.5164184570312]",0.8372898101806641,voie1,0.7834
788,1,"[692.79052734375, 433.574462890625, 1393.91259765625, 791.47314453125]",0.8402067422866821,voie1,0.7833
789,1,"[692.7554931640625, 432.744140625, 1398.801025390625, 792.41162109375]",0.8402564525604248,voie1,0.7779
790,1,"[696.7258911132812, 430.3697814941406, 1405.2513427734375, 784.3833618164062]",0.8561561107635498,voie1,0.7654
791,1,"[697.5003051757812, 429.6157531738281, 1412.608642578125, 783.6720581054688]",0.8563631772994995,voie1,0.7572
792,1,"[696.3275146484375, 429.8844909667969, 1412.4755859375, 780.546630859375]",0.8624061942100525,voie1,0.7536
793,1,"[695.6493530273438, 429.22479248046875, 1417.4129638671875, 781.1453247070312]",0.8623483180999756,voie1,0.7487
794,1,"[696.365966796875, 428.85931396484375, 1418.8995361328125, 778.7261352539062]",0.8631361722946167,voie1,0.7718
795,1,"[696.3164672851562, 427.85595703125, 1423.7735595703125, 779.4249267578125]",0.8630926609039307,voie1,0.7666
796,1,"[702.3672485351562, 424.61004638671875, 1422.35400390625, 773.3753051757812]",0.8630582094192505,voie1,0.762
797,1,"[703.8306884765625, 424.699462890625, 1426.615966796875, 773.8591918945312]",0.863072395324707,voie1,0.757
798,1,"[707.5541381835938, 422.38983154296875, 1427.2615966796875, 768.0638427734375]",0.8579809069633484,voie1,0.7634
799,1,"[708.0696411132812, 421.61224365234375, 1431.08740234375, 768.1007080078125]",0.8580121397972107,voie1,0.7592
800,1,"[706.99951171875, 415.6310119628906, 1432.5284423828125, 768.4197998046875]",0.8550015091896057,voie1,0.7663
801,1,"[706.528076171875, 412.3941650390625, 1437.9932861328125, 770.9088134765625]",0.8554667830467224,voie1,0.7608
802,1,"[711.1892700195312, 408.99945068359375, 1434.126953125, 782.3832397460938]",0.8421592712402344,voie1,0.7674
803,1,"[711.0584106445312, 406.9761962890625, 1436.7713623046875, 788.334716796875]",0.8408377170562744,voie1,0.7647
804,1,"[711.7646484375, 409.3565368652344, 1444.3592529296875, 787.9889526367188]",0.8409441709518433,voie1,0.7483
805,1,"[712.690673828125, 407.73260498046875, 1453.2598876953125, 788.4947509765625]",0.8408623337745667,voie1,0.739
806,1,"[704.3373413085938, 407.4045715332031, 1470.265625, 785.3637084960938]",0.8344292044639587,voie1,0.7216
807,1,"[702.1262817382812, 405.809814453125, 1480.925537109375, 784.3964233398438]",0.8342248201370239,voie1,0.7125
808,1,"[705.9210815429688, 399.1774597167969, 1493.7965087890625, 792.6228637695312]",0.8404352068901062,voie1,0.6994
809,1,"[706.8194580078125, 396.3773193359375, 1501.032470703125, 796.043212890625]",0.8402764797210693,voie1,0.6927
810,1,"[703.2960815429688, 395.86737060546875, 1499.390380859375, 803.2769165039062]",0.8484019041061401,voie1,0.6918
811,1,"[703.0501098632812, 394.63983154296875, 1502.2183837890625, 806.2897338867188]",0.8484682440757751,voie1,0.6894
812,1,"[697.3358764648438, 394.5751953125, 1512.891845703125, 805.3753662109375]",0.8470864295959473,voie1,0.6973
813,1,"[695.513916015625, 394.1111145019531, 1518.95947265625, 805.3277587890625]",0.8470506072044373,voie1,0.6928
814,1,"[706.1203002929688, 393.0213317871094, 1531.897705078125, 814.7186279296875]",0.8603532910346985,voie1,0.6707
815,1,"[706.7703857421875, 393.0914611816406, 1534.2056884765625, 818.2617797851562]",0.8603652715682983,voie1,0.6686
816,1,"[706.3742065429688, 392.03497314453125, 1553.112060546875, 819.679931640625]",0.8627957701683044,voie1,0.6538
817,1,"[707.0244750976562, 391.7331848144531, 1561.3626708984375, 820.2716064453125]",0.8626050353050232,voie1,0.6473
818,1,"[698.3391723632812, 387.8268737792969, 1567.3853759765625, 822.8986206054688]",0.856207549571991,voie1,0.6532
819,1,"[697.461669921875, 386.62005615234375, 1572.1201171875, 823.4190063476562]",0.8558900952339172,voie1,0.65
820,1,"[701.220458984375, 379.9455871582031, 1613.46728515625, 822.791748046875]",0.8587645292282104,voie1,0.6027
821,1,"[704.171142578125, 378.2298278808594, 1630.8875732421875, 823.33349609375]",0.8587137460708618,voie1,0.5901
822,1,"[701.6483154296875, 376.3853454589844, 1661.6910400390625, 830.2410278320312]",0.8623669147491455,voie1,0.5753
823,1,"[702.1009521484375, 375.35797119140625, 1674.27685546875, 832.6487426757812]",0.862327516078949,voie1,0.5677
824,1,"[690.8812255859375, 372.0693054199219, 1695.4158935546875, 842.5419921875]",0.8685497641563416,voie1,0.5486
825,1,"[688.0553588867188, 371.0433349609375, 1704.80322265625, 846.344970703125]",0.8687581419944763,voie1,0.5448
826,1,"[681.1466064453125, 354.6964111328125, 1738.57275390625, 849.6305541992188]",0.853105902671814,voie1,0.5247
827,1,"[680.48583984375, 348.39166259765625, 1753.1270751953125, 850.8046264648438]",0.8531528115272522,voie1,0.5179
828,1,"[675.745849609375, 332.92279052734375, 1779.7333984375, 855.3418579101562]",0.8554732203483582,voie1,0.5048
829,1,"[676.294921875, 327.32525634765625, 1791.5811767578125, 857.3447265625]",0.855744481086731,voie1,0.4992
830,1,"[670.4073486328125, 316.5649108886719, 1822.9029541015625, 885.0825805664062]",0.8583318591117859,voie1,0.496
831,1,"[670.1978759765625, 312.626953125, 1836.2532958984375, 895.4411010742188]",0.8583831787109375,voie1,0.4904
832,1,"[665.0413818359375, 297.13775634765625, 1845.978271484375, 910.0842895507812]",0.8750725388526917,voie1,0.4886
833,1,"[665.381103515625, 291.6096496582031, 1851.1998291015625, 915.9942626953125]",0.874674916267395,voie1,0.4863
834,1,"[658.1104736328125, 285.9063415527344, 1884.936767578125, 929.054931640625]",0.8830636143684387,voie1,0.4613
835,1,"[658.0140991210938, 284.20831298828125, 1899.570068359375, 934.171142578125]",0.8828628659248352,voie1,0.4559
836,1,"[650.348388671875, 279.4635009765625, 1915.2781982421875, 939.7931518554688]",0.8956742882728577,voie1,0.4582
837,1,"[650.5665893554688, 278.0249328613281, 1920.0, 941.6143798828125]",0.8955823183059692,voie1,0.4565
838,1,"[641.1439208984375, 280.230712890625, 1920.0, 944.5606689453125]",0.8946630954742432,voie1,0.4511
839,1,"[640.7772827148438, 281.7723693847656, 1920.0, 945.8582153320312]",0.8948299288749695,voie1,0.4512
840,1,"[631.1637573242188, 255.2801513671875, 1920.0, 947.3849487304688]",0.8974831700325012,voie1,0.446
841,1,"[631.0145263671875, 242.68370056152344, 1920.0, 947.5845947265625]",0.8974900841712952,voie1,0.4461
842,1,"[624.03515625, 193.39535522460938, 1920.0, 946.2384033203125]",0.8862395882606506,voie1,0.4352
843,1,"[625.1714477539062, 176.0144500732422, 1920.0, 945.6077270507812]",0.8861063718795776,voie1,0.4347
844,1,"[609.7760620117188, 172.40478515625, 1920.0, 950.7088623046875]",0.8857581615447998,voie1,0.4367
845,1,"[607.947509765625, 171.6434326171875, 1920.0, 952.5963745117188]",0.8856291174888611,voie1,0.4375
846,1,"[597.6239013671875, 176.1212615966797, 1918.8382568359375, 947.4559936523438]",0.8902960419654846,voie1,0.4309
847,1,"[597.697021484375, 177.70262145996094, 1920.0, 945.091796875]",0.8903900980949402,voie1,0.4305
848,1,"[586.0960693359375, 162.85585021972656, 1916.7803955078125, 945.18505859375]",0.8946112990379333,voie1,0.4298
849,1,"[586.1514282226562, 158.00901794433594, 1919.3587646484375, 945.0902099609375]",0.8944993019104004,voie1,0.4289
850,1,"[577.6952514648438, 157.4244384765625, 1914.5155029296875, 943.378662109375]",0.8898840546607971,voie1,0.4341
851,1,"[580.6535034179688, 157.6453857421875, 1918.847412109375, 942.5003662109375]",0.8899143934249878,voie1,0.4314
852,1,"[546.8291015625, 156.83120727539062, 1912.8988037109375, 940.94775390625]",0.882364809513092,voie1,0.4298
853,1,"[543.5662231445312, 157.25148010253906, 1920.0, 940.70751953125]",0.8823506236076355,voie1,0.429
854,1,"[521.4373779296875, 152.79061889648438, 1913.3505859375, 941.6512451171875]",0.9140675067901611,voie1,0.4228
855,1,"[523.2054443359375, 151.48411560058594, 1920.0, 941.570068359375]",0.9140921235084534,voie1,0.4201
856,1,"[493.41351318359375, 146.640625, 1913.326904296875, 943.9248657226562]",0.9163735508918762,voie1,0.4047
857,1,"[493.1761779785156, 144.92115783691406, 1920.0, 944.5819702148438]",0.915962278842926,voie1,0.4029
858,1,"[478.1349182128906, 141.85293579101562, 1912.06494140625, 946.262939453125]",0.9170445203781128,voie1,0.3988
859,1,"[483.4273681640625, 140.65586853027344, 1920.0, 947.5720825195312]",0.917079508304596,voie1,0.3944
860,1,"[437.8683776855469, 140.31942749023438, 1910.036376953125, 953.12451171875]",0.9083395004272461,voie1,0.3995
861,1,"[433.3115234375, 140.30345153808594, 1919.748779296875, 955.3038330078125]",0.9082744121551514,voie1,0.3987
862,1,"[398.6951599121094, 140.17042541503906, 1909.1859130859375, 960.1679077148438]",0.906261682510376,voie1,0.3815
863,1,"[398.525146484375, 140.09725952148438, 1919.8380126953125, 962.2970581054688]",0.9061545729637146,voie1,0.3789
864,1,"[375.54248046875, 140.27061462402344, 1906.5418701171875, 961.4984130859375]",0.9036766290664673,voie1,0.372
865,1,"[380.5382385253906, 140.02040100097656, 1917.4100341796875, 961.4918212890625]",0.9038591384887695,voie1,0.3673
866,1,"[318.5137939453125, 139.46795654296875, 1903.1900634765625, 964.1002807617188]",0.8739395141601562,voie1,0.3707
867,1,"[309.7892150878906, 139.9507293701172, 1914.8026123046875, 964.7533569335938]",0.8739298582077026,voie1,0.3715
868,1,"[266.8989562988281, 143.1337432861328, 1904.2874755859375, 963.6463012695312]",0.8676125407218933,voie1,0.3683
869,1,"[264.5156555175781, 144.1138153076172, 1917.649658203125, 963.819091796875]",0.8683935403823853,voie1,0.3663
870,1,"[216.09654235839844, 139.26922607421875, 1909.680908203125, 968.3008422851562]",0.8769680261611938,voie1,0.3648
871,1,"[212.0459747314453, 137.7029571533203, 1920.0, 970.5265502929688]",0.8769022226333618,voie1,0.3642
872,1,"[169.9043426513672, 136.77857971191406, 1912.007080078125, 970.1915283203125]",0.877657949924469,voie1,0.3537
873,1,"[169.45079040527344, 137.370849609375, 1920.0, 969.5853271484375]",0.8776519894599915,voie1,0.3522
874,1,"[131.22894287109375, 140.26052856445312, 1914.376708984375, 970.5087890625]",0.8646945953369141,voie1,0.3537
875,1,"[130.41712951660156, 141.01406860351562, 1920.0, 970.7667846679688]",0.8643633127212524,voie1,0.3529
876,1,"[99.05644226074219, 136.62612915039062, 1915.6953125, 978.5247192382812]",0.8843235969543457,voie1,0.3418
877,1,"[99.95789337158203, 135.5465087890625, 1920.0, 980.9652709960938]",0.8841701745986938,voie1,0.3407
878,1,"[42.60280990600586, 129.54873657226562, 1914.2564697265625, 979.13671875]",0.86445152759552,voie1,0.3427
879,1,"[34.55461502075195, 127.5567398071289, 1920.0, 977.8508911132812]",0.8643144369125366,voie1,0.3445
880,1,"[0.0, 129.30587768554688, 1912.9854736328125, 983.86083984375]",0.8820058703422546,voie1,0.3356
881,1,"[0.0, 130.50714111328125, 1920.0, 984.2845458984375]",0.882125735282898,voie1,0.3344
882,1,"[0.0, 128.2655029296875, 1912.6683349609375, 978.934326171875]",0.8699237108230591,voie1,0.3074
883,1,"[0.0, 128.14651489257812, 1920.0, 975.6116943359375]",0.8695675134658813,voie1,0.3063
884,1,"[0.0, 128.55809020996094, 1910.204345703125, 979.2338256835938]",0.8376067280769348,,0.2772
885,1,"[0.0, 128.9604034423828, 1920.0, 979.6643676757812]",0.8358107805252075,,0.2762
886,1,"[0.0, 117.65614318847656, 1909.6419677734375, 985.9415283203125]",0.8644827604293823,,0.2137
887,1,"[0.0, 114.7781753540039, 1920.0, 985.0857543945312]",0.8641729354858398,,0.2113
888,1,"[0.0, 103.49339294433594, 1908.8704833984375, 987.3475341796875]",0.8419454097747803,,0.1561
889,1,"[0.0, 99.43049621582031, 1920.0, 986.8448486328125]",0.8416076302528381,,0.1542
890,1,"[0.0, 92.27751159667969, 1908.7138671875, 996.6560668945312]",0.7549602389335632,,0.096
891,1,"[0.0, 90.80656433105469, 1920.0, 997.8633422851562]",0.7511468529701233,,0.0959
892,1,"[0.0, 52.281742095947266, 1907.1324462890625, 1002.7901611328125]",0.7878128290176392,,0.0449
893,1,"[3.1543283462524414, 39.10104751586914, 1920.0, 1001.22021484375]",0.7895994782447815,,0.043
894,1,"[0.0, 29.630615234375, 1906.5474853515625, 1015.48291015625]",0.7766477465629578,,0.0147
895,1,"[3.182145118713379, 27.927820205688477, 1920.0, 1016.4226684570312]",0.7746803760528564,,0.0145
896,1,"[0.0, 24.99714469909668, 1905.87841796875, 1031.2017822265625]",0.7608194351196289,,0.0
897,1,"[3.6068646907806396, 26.255720138549805, 1920.0, 1031.93408203125]",0.7544196844100952,,0.0
898,1,"[0.0, 18.31034278869629, 1904.989013671875, 1040.6337890625]",0.821894109249115,,0.0
899,1,"[4.239083290100098, 18.005369186401367, 1920.0, 1036.845458984375]",0.8229403495788574,,0.0
900,1,"[0.0, 22.89107894897461, 1902.2332763671875, 1051.767822265625]",0.8462908864021301,,0.0
901,1,"[5.7159857749938965, 29.017127990722656, 1920.0, 1048.3519287109375]",0.8459857702255249,,0.0
902,1,"[0.0, 23.445768356323242, 1894.95458984375, 1053.8604736328125]",0.8572627902030945,,0.0
903,1,"[7.302105903625488, 24.947650909423828, 1920.0, 1048.250244140625]",0.8566771149635315,,0.0
904,1,"[0.0, 5.494261264801025, 1894.2249755859375, 1061.6551513671875]",0.8445848226547241,,0.0
905,1,"[8.098642349243164, 2.0054352283477783, 1920.0, 1060.383544921875]",0.8450053334236145,,0.0
906,1,"[0.0, 0.0, 1894.488525390625, 1062.710205078125]",0.8529313802719116,,0.0
907,1,"[8.950460433959961, 0.0, 1920.0, 1054.570556640625]",0.8540895581245422,,0.0
908,1,"[0.0, 10.151899337768555, 1897.0234375, 1066.056640625]",0.8162713050842285,,0.0
909,1,"[9.871438026428223, 19.66768455505371, 1920.0, 1057.722900390625]",0.8175467252731323,,0.0
910,1,"[0.0, 24.71543312072754, 1898.9814453125, 1062.0745849609375]",0.8393253087997437,,0.0
911,1,"[10.81088924407959, 32.8638916015625, 1920.0, 1046.970947265625]",0.8391607403755188,,0.0
912,1,"[0.0, 11.796854972839355, 1890.3179931640625, 1049.947998046875]",0.835955023765564,,0.0
913,1,"[11.327152252197266, 9.207549095153809, 1920.0, 1036.155029296875]",0.8363069891929626,,0.0
914,1,"[0.0, 0.3085139989852905, 1906.639404296875, 1055.7691650390625]",0.822003185749054,,0.0
915,1,"[13.403963088989258, 2.8609118461608887, 1920.0, 1036.36279296875]",0.8219718933105469,,0.0
916,1,"[0.0, 0.0, 1900.0916748046875, 1036.536865234375]",0.7794314622879028,,0.0
917,1,"[16.768953323364258, 2.8470864295959473, 1920.0, 1018.1513061523438]",0.7803449034690857,,0.0
918,1,"[0.0, 0.0, 1885.248779296875, 1004.3112182617188]",0.3458946645259857,,0.0
919,1,"[17.495208740234375, 3.2290661334991455, 1913.1407470703125, 976.1099243164062]",0.32874080538749695,,0.0
920,1,"[0.0, 0.35604408383369446, 1878.78369140625, 919.8916625976562]",0.7310242056846619,,0.0
921,1,"[23.513900756835938, 3.6183669567108154, 1920.0, 897.788818359375]",0.7313130497932434,,0.0
922,1,"[55.31319808959961, 0.0, 1920.0, 883.2399291992188]",0.4557875096797943,,0.0
923,1,"[42.65747833251953, 2.935426950454712, 1920.0, 871.7008666992188]",0.46491265296936035,,0.0
924,1,"[65.9917221069336, 9.197169303894043, 1920.0, 888.4797973632812]",0.5062572956085205,,0.0
925,1,"[45.100704193115234, 13.229572296142578, 1920.0, 892.607421875]",0.5194581151008606,,0.0
926,1,"[56.95317459106445, 9.257503509521484, 1920.0, 898.1417236328125]",0.5246710777282715,,0.0
927,1,"[28.421140670776367, 7.009216785430908, 1920.0, 899.14404296875]",0.5292834043502808,,0.0
928,1,"[53.3756217956543, 28.59847068786621, 1920.0, 872.421875]",0.4544006288051605,,0.0
929,1,"[26.615161895751953, 32.412109375, 1920.0, 863.4703369140625]",0.45597219467163086,,0.0
930,1,"[280.0409240722656, 52.82908248901367, 1920.0, 845.1240234375]",0.6930480003356934,,0.0
931,1,"[343.4035949707031, 55.68583297729492, 1916.0069580078125, 841.0604248046875]",0.6933393478393555,,0.0
932,1,"[366.0352478027344, 70.9896240234375, 1920.0, 853.0274658203125]",0.6101975440979004,,0.0
933,1,"[344.05401611328125, 69.75032043457031, 1919.8656005859375, 857.869873046875]",0.6011930704116821,,0.0
934,1,"[346.1339416503906, 72.0784683227539, 1913.260986328125, 997.3551635742188]",0.6429141163825989,,0.0
935,1,"[313.99755859375, 64.00318145751953, 1918.5301513671875, 1051.922119140625]",0.6561768651008606,,0.0
936,1,"[375.3689270019531, 108.15019226074219, 1909.18994140625, 1051.392578125]",0.719904899597168,,0.0
937,1,"[372.2079772949219, 108.32936096191406, 1917.8568115234375, 1067.97607421875]",0.715137243270874,,0.0
938,1,"[308.5267028808594, 145.7009735107422, 1903.5316162109375, 1036.0782470703125]",0.8480759859085083,,0.0
939,1,"[272.7229919433594, 143.30575561523438, 1916.384521484375, 1045.01513671875]",0.8482698798179626,,0.0
940,1,"[270.7465515136719, 154.81549072265625, 1910.1356201171875, 1039.6507568359375]",0.7950594425201416,,0.0167
941,1,"[261.8595886230469, 151.66079711914062, 1917.098876953125, 1043.00927734375]",0.8013430237770081,,0.0188
942,1,"[507.9280700683594, 150.4709930419922, 1906.6416015625, 987.5349731445312]",0.8460025787353516,,0.0
943,1,"[591.0028076171875, 140.46934509277344, 1917.572265625, 974.0891723632812]",0.8468068838119507,,0.0
944,1,"[661.6964721679688, 162.18167114257812, 1909.427978515625, 975.914794921875]",0.8734925985336304,,0.0
945,2,"[0.0, 63.09569549560547, 669.85498046875, 1056.9625244140625]",0.5196113586425781,,0.1161
945,1,"[680.9542846679688, 161.76797485351562, 1920.0, 983.22314453125]",0.8735608458518982,,0.0
946,1,"[706.4695434570312, 142.7339630126953, 1902.2059326171875, 980.6969604492188]",0.8173211216926575,,0.0
947,1,"[711.1376342773438, 124.92801666259766, 1914.805908203125, 987.0145874023438]",0.8160812854766846,,0.0
948,2,"[7.230610370635986, 73.56574249267578, 723.7587280273438, 1042.09765625]",0.8355531096458435,voie1,0.5515
948,1,"[736.4881591796875, 177.10488891601562, 1852.4168701171875, 966.885986328125]",0.8413398265838623,,0.0
949,2,"[0.0, 66.29704284667969, 726.6334228515625, 1049.721923828125]",0.8377272486686707,voie1,0.541
949,1,"[737.700439453125, 182.39976501464844, 1869.67822265625, 973.1195678710938]",0.8418576717376709,,0.0
950,1,"[273.2118835449219, 146.91351318359375, 1787.78466796875, 981.8388671875]",0.8604148626327515,,0.0902
951,1,"[107.31282043457031, 117.27296447753906, 1793.4481201171875, 1001.517333984375]",0.860721230506897,,0.0881
952,1,"[53.028072357177734, 122.92374420166016, 1702.2579345703125, 982.5721435546875]",0.8591160774230957,,0.1263
953,1,"[1.1458135843276978, 102.08565521240234, 1702.0552978515625, 995.864013671875]",0.8585168123245239,,0.1244
954,2,"[15.240052223205566, 109.86023712158203, 760.5927734375, 978.1397094726562]",0.8231555819511414,,0.0
954,1,"[9.980854988098145, 116.88298034667969, 1653.8839111328125, 985.0505981445312]",0.7959417104721069,,0.1625
955,2,"[0.43826207518577576, 101.56590270996094, 760.536865234375, 980.8334350585938]",0.8227924704551697,,0.0
955,1,"[0.0, 110.5417709350586, 1669.2681884765625, 991.4857177734375]",0.7968150973320007,,0.1716
956,1,"[0.0, 120.59121704101562, 1586.2615966796875, 969.76220703125]",0.8778294324874878,,0.1943
957,1,"[0.0, 107.6535415649414, 1580.047607421875, 972.0150756835938]",0.877498984336853,,0.1912
958,1,"[6.121068477630615, 120.42221069335938, 1512.3009033203125, 957.5166625976562]",0.8941559195518494,,0.1914
959,1,"[0.0, 112.82149505615234, 1512.8612060546875, 962.4752197265625]",0.8952681422233582,,0.1909
960,1,"[0.0, 113.83810424804688, 1464.083984375, 954.5422973632812]",0.8870086073875427,,0.2173
961,1,"[0.0, 115.45065307617188, 1471.145263671875, 950.97802734375]",0.8867051005363464,,0.221
962,1,"[0.0, 118.98321533203125, 1408.610107421875, 950.714599609375]",0.8762754797935486,,0.2184
963,1,"[0.0, 120.85772705078125, 1406.671875, 945.6219482421875]",0.8765405416488647,,0.2173
964,1,"[0.0, 121.25984191894531, 1372.30126953125, 965.915771484375]",0.8745772838592529,,0.2305
965,1,"[0.0, 122.62350463867188, 1376.420166015625, 972.93115234375]",0.8744670748710632,,0.2328
966,1,"[0.0, 128.93576049804688, 1316.329345703125, 990.8385009765625]",0.9004083275794983,,0.2388
967,1,"[0.0, 132.32266235351562, 1310.84326171875, 997.9296264648438]",0.9002560377120972,,0.2356
968,1,"[0.0, 134.15684509277344, 1269.9033203125, 999.56884765625]",0.8943707346916199,,0.2488
969,1,"[0.0, 136.2632293701172, 1270.7384033203125, 999.3914794921875]",0.8951637148857117,,0.2493
970,1,"[0.0, 131.99227905273438, 1225.8048095703125, 1002.4918823242188]",0.8758054375648499,,0.2511
971,1,"[0.0, 131.3264617919922, 1220.2935791015625, 1002.7825317382812]",0.8807557225227356,,0.2477
972,1,"[0.0, 134.5372772216797, 1173.76708984375, 1008.8532104492188]",0.8822290897369385,,0.2486
973,1,"[0.5212942957878113, 134.34336853027344, 1170.76220703125, 1010.449951171875]",0.8809733390808105,,0.2416
974,1,"[0.0, 138.72132873535156, 1132.2265625, 1012.6730346679688]",0.8953626751899719,,0.2316
975,1,"[1.9502949714660645, 137.7314910888672, 1131.35498046875, 1012.0790405273438]",0.8960142135620117,,0.2314
976,1,"[0.0, 140.68287658691406, 1105.962158203125, 1002.7931518554688]",0.9019933938980103,,0.2568
977,1,"[3.8312177658081055, 139.34298706054688, 1107.3150634765625, 999.2738037109375]",0.9018478393554688,,0.2586
978,1,"[1.4270650148391724, 141.5181427001953, 1105.483154296875, 1003.0042114257812]",0.8952739834785461,,0.2676
979,1,"[4.701023101806641, 141.61459350585938, 1109.736328125, 1004.0051879882812]",0.8954228758811951,,0.2712
980,1,"[2.516240119934082, 147.1759490966797, 1102.237060546875, 996.8411254882812]",0.8988372683525085,,0.2766
981,1,"[4.7749857902526855, 149.05368041992188, 1103.61669921875, 993.698974609375]",0.8989948630332947,,0.2781
982,1,"[3.9198570251464844, 150.51271057128906, 1103.2655029296875, 989.4602661132812]",0.8987557888031006,,0.2777
983,1,"[5.008727073669434, 150.48345947265625, 1104.92236328125, 987.2552490234375]",0.8989700078964233,,0.279
984,1,"[5.835707187652588, 151.5257110595703, 1107.6412353515625, 992.4486694335938]",0.9078433513641357,,0.281
985,1,"[4.842038631439209, 152.14219665527344, 1108.0152587890625, 994.6168212890625]",0.9077408909797668,,0.281
986,1,"[5.4555511474609375, 150.43023681640625, 1110.024658203125, 991.9055786132812]",0.9084771275520325,,0.2825
987,1,"[4.392157554626465, 150.46031188964844, 1110.4224853515625, 990.6150512695312]",0.9085113406181335,,0.2825
988,1,"[2.5040841102600098, 142.62371826171875, 1129.857666015625, 987.866455078125]",0.8900677561759949,,0.2944
989,1,"[2.054053783416748, 140.6770477294922, 1137.4677734375, 986.0385131835938]",0.8904964327812195,,0.299
990,1,"[2.2628865242004395, 131.9297332763672, 1157.9144287109375, 998.3657836914062]",0.8904427886009216,voie1,0.3114
991,1,"[1.674131989479065, 128.3989715576172, 1164.6737060546875, 1002.2973022460938]",0.8906223177909851,voie1,0.3153
992,1,"[2.5276591777801514, 132.2035675048828, 1161.983154296875, 1013.8468017578125]",0.8900220990180969,voie1,0.3139
993,1,"[1.4604874849319458, 133.97328186035156, 1159.90869140625, 1017.7523193359375]",0.8899460434913635,voie1,0.3124
994,1,"[1.8071156740188599, 130.62384033203125, 1170.833251953125, 1016.1403198242188]",0.8922296166419983,voie1,0.3189
995,1,"[0.9907560348510742, 129.78358459472656, 1174.6497802734375, 1015.4290771484375]",0.8923581838607788,voie1,0.3209
996,1,"[0.2354813516139984, 136.18612670898438, 1174.8734130859375, 1012.6802368164062]",0.8861249089241028,voie1,0.3208
997,1,"[0.3650013208389282, 138.84642028808594, 1175.09716796875, 1010.9100341796875]",0.8861862421035767,voie1,0.321
998,1,"[0.0, 133.65328979492188, 1180.275146484375, 1001.0198364257812]",0.8866453170776367,voie1,0.3239
999,1,"[0.2578420341014862, 131.68653869628906, 1182.1807861328125, 997.1768188476562]",0.8862905502319336,voie1,0.325
1000,1,"[1.0992977619171143, 134.29202270507812, 1185.454833984375, 998.6156005859375]",0.894939124584198,voie1,0.317
1001,1,"[0.5373292565345764, 134.73492431640625, 1185.3099365234375, 998.5081176757812]",0.8949334025382996,voie1,0.3168
1002,1,"[0.0, 139.7960205078125, 1183.6810302734375, 997.0645751953125]",0.8949742317199707,voie1,0.3258
1003,1,"[0.055374033749103546, 142.0452880859375, 1183.388427734375, 996.050048828125]",0.8948746919631958,voie1,0.3257
1004,1,"[0.0, 143.655029296875, 1186.8780517578125, 990.51220703125]",0.8969705104827881,voie1,0.3276
1005,1,"[0.45476460456848145, 144.03466796875, 1189.205322265625, 988.075439453125]",0.8968467712402344,voie1,0.3291
1006,1,"[6.734463214874268, 150.06785583496094, 1194.1292724609375, 998.6060791015625]",0.8948661684989929,voie1,0.3336
1007,1,"[8.56351375579834, 151.87826538085938, 1196.4281005859375, 1002.1924438476562]",0.8953362703323364,voie1,0.3354
1008,1,"[4.4847235679626465, 148.56655883789062, 1197.304443359375, 997.446044921875]",0.892350971698761,voie1,0.3348
1009,1,"[4.067398548126221, 147.53770446777344, 1198.63134765625, 996.1553344726562]",0.8920329213142395,voie1,0.3354
1010,1,"[0.11396493762731552, 154.8454132080078, 1196.981689453125, 1001.7005615234375]",0.8960576057434082,voie1,0.3434
1011,1,"[0.34632769227027893, 156.73538208007812, 1197.302734375, 1003.2117919921875]",0.8959460258483887,voie1,0.3436
1012,1,"[0.0, 160.13714599609375, 1199.431396484375, 1001.9443359375]",0.898652970790863,voie1,0.3447
1013,1,"[0.15958651900291443, 160.75804138183594, 1200.697265625, 1001.7083740234375]",0.8988412618637085,voie1,0.3454
1014,1,"[0.3020191490650177, 148.82289123535156, 1200.3834228515625, 996.1561889648438]",0.8974466323852539,voie1,0.3453
1015,1,"[0.38750046491622925, 144.4739227294922, 1200.125244140625, 994.2311401367188]",0.8974888920783997,voie1,0.3452
1016,1,"[0.20347532629966736, 144.8590850830078, 1200.8428955078125, 998.1884155273438]",0.9007207751274109,voie1,0.3455
1017,1,"[0.3106098473072052, 145.0460968017578, 1200.9345703125, 1000.0297241210938]",0.9004522562026978,voie1,0.3456
1018,1,"[0.0, 152.39755249023438, 1199.6973876953125, 1002.612060546875]",0.8936415910720825,voie1,0.3448
1019,1,"[0.014485429041087627, 154.23696899414062, 1199.380615234375, 1003.3679809570312]",0.8924179077148438,voie1,0.3447
1020,1,"[12.307907104492188, 150.22215270996094, 1201.3360595703125, 998.4322509765625]",0.9049059152603149,voie1,0.3493
1021,1,"[16.524555206298828, 148.67245483398438, 1201.4658203125, 996.0051879882812]",0.9048702716827393,voie1,0.3506
1022,1,"[7.981818675994873, 152.18716430664062, 1202.9493408203125, 988.7726440429688]",0.9015571475028992,voie1,0.3389
1023,1,"[4.1824846267700195, 153.06698608398438, 1202.3873291015625, 985.8176879882812]",0.9015876054763794,voie1,0.3375
1024,1,"[4.7022576332092285, 155.6407470703125, 1203.5283203125, 978.49560546875]",0.9033465385437012,voie1,0.3383
1025,1,"[5.869955539703369, 156.6547393798828, 1203.9403076171875, 976.1163330078125]",0.9030349850654602,voie1,0.3388
1026,1,"[1.5232192277908325, 152.150390625, 1205.7325439453125, 979.9548950195312]",0.9097463488578796,voie1,0.3386
1027,1,"[0.6097100377082825, 150.60433959960938, 1206.6993408203125, 981.6644287109375]",0.9095726013183594,voie1,0.3389
1028,1,"[0.3831809461116791, 151.01573181152344, 1209.344482421875, 993.7811279296875]",0.902918815612793,voie1,0.3402
1029,1,"[0.15019455552101135, 150.549072265625, 1209.6280517578125, 997.9520874023438]",0.9029847979545593,voie1,0.3403
1030,1,"[0.0, 152.24449157714844, 1216.0455322265625, 998.256591796875]",0.9047502279281616,voie1,0.3438
1031,1,"[0.0, 152.44871520996094, 1218.8614501953125, 998.5323486328125]",0.9048724174499512,voie1,0.3453
1032,1,"[0.0, 155.77200317382812, 1217.33740234375, 1000.8634643554688]",0.9017844200134277,voie1,0.3543
1033,1,"[0.0, 156.936279296875, 1217.6884765625, 1001.29150390625]",0.9016289710998535,voie1,0.3545
1034,1,"[0.0, 154.0694122314453, 1219.001953125, 1004.9932861328125]",0.8978273272514343,voie1,0.3454
1035,1,"[0.09401708841323853, 152.09481811523438, 1219.143798828125, 1006.3489990234375]",0.8977270126342773,voie1,0.3455
1036,1,"[0.6447994112968445, 150.1941680908203, 1223.8546142578125, 1010.6688842773438]",0.900490939617157,voie1,0.3481
1037,1,"[0.36585521697998047, 149.45103454589844, 1224.0928955078125, 1011.9987182617188]",0.900660514831543,voie1,0.3482
1038,1,"[0.2006811499595642, 147.30560302734375, 1226.4661865234375, 1010.5416259765625]",0.901053786277771,voie1,0.3494
1039,1,"[0.1735135018825531, 146.4041748046875, 1226.76025390625, 1010.0003051757812]",0.9010963439941406,voie1,0.3496
1040,1,"[0.5284718871116638, 148.6669921875, 1237.20263671875, 1013.8704223632812]",0.9037296772003174,voie1,0.3551
1041,1,"[0.23555955290794373, 149.5797576904297, 1240.885498046875, 1015.33935546875]",0.9035943150520325,voie1,0.357
1042,1,"[0.14082425832748413, 154.203125, 1246.4232177734375, 1015.5659790039062]",0.9037008881568909,voie1,0.3502
1043,1,"[0.07501185685396194, 155.64425659179688, 1247.630126953125, 1015.2132568359375]",0.9037437438964844,voie1,0.3508
1044,1,"[0.39314743876457214, 158.31411743164062, 1248.39501953125, 1010.0904541015625]",0.9026634693145752,voie1,0.3513
1045,1,"[0.12727434933185577, 159.52755737304688, 1247.9437255859375, 1008.4710083007812]",0.9025081992149353,voie1,0.351
1046,1,"[0.4108600318431854, 158.20957946777344, 1245.085693359375, 1003.1107177734375]",0.9071372151374817,voie1,0.3496
1047,1,"[0.3068774938583374, 157.7568359375, 1243.5283203125, 1000.8595581054688]",0.9070050120353699,voie1,0.3487
1048,1,"[0.06086864322423935, 162.55404663085938, 1247.7471923828125, 998.003662109375]",0.9036087989807129,voie1,0.3508
1049,1,"[0.0, 163.5446014404297, 1248.7943115234375, 996.5747680664062]",0.9035410284996033,voie1,0.3514
1050,1,"[0.4375106692314148, 160.39930725097656, 1261.0562744140625, 987.1197509765625]",0.897140383720398,voie1,0.3578
1051,1,"[0.08812697231769562, 159.27923583984375, 1265.46875, 983.82568359375]",0.897037148475647,voie1,0.3599
1052,1,"[0.0, 163.63137817382812, 1265.3199462890625, 987.1359252929688]",0.9016262292861938,voie1,0.3598
1053,1,"[0.0, 165.266845703125, 1264.8992919921875, 987.5765991210938]",0.9017778635025024,voie1,0.3596
1054,1,"[0.0, 171.7421417236328, 1254.8194580078125, 997.9528198242188]",0.90083247423172,voie1,0.3449
1055,1,"[0.0, 173.57485961914062, 1250.5233154296875, 1001.93017578125]",0.9008288383483887,voie1,0.3427
1056,1,"[0.48088014125823975, 167.85267639160156, 1273.032470703125, 995.0620727539062]",0.9011722803115845,voie1,0.3639
1057,1,"[0.1572149246931076, 165.6678466796875, 1280.5008544921875, 992.7550659179688]",0.9012657999992371,voie1,0.3675
1058,1,"[0.25104883313179016, 173.205322265625, 1270.4373779296875, 1002.1060180664062]",0.9034756422042847,voie1,0.353
1059,1,"[0.04794611781835556, 175.55807495117188, 1265.881103515625, 1005.5692138671875]",0.9034928679466248,voie1,0.3507
1060,1,"[0.0, 174.0409393310547, 1265.939208984375, 1007.2526245117188]",0.9023693799972534,voie1,0.3507
1061,1,"[0.0, 173.37448120117188, 1265.7916259765625, 1008.008056640625]",0.902357816696167,voie1,0.3506
1062,1,"[0.0, 174.50791931152344, 1269.683837890625, 1011.0753173828125]",0.9034830331802368,voie1,0.3526
1063,1,"[0.0, 173.90992736816406, 1270.8653564453125, 1012.3129272460938]",0.903596043586731,voie1,0.3532
1064,1,"[0.0, 177.2220001220703, 1273.1552734375, 1015.5924682617188]",0.9038422703742981,voie1,0.3544
1065,1,"[0.0, 178.05551147460938, 1273.458251953125, 1017.10009765625]",0.9037949442863464,voie1,0.3545
1066,1,"[0.0, 178.93911743164062, 1272.99267578125, 1019.7916259765625]",0.9021804332733154,voie1,0.3543
1067,1,"[0.0, 178.91140747070312, 1272.5577392578125, 1021.09716796875]",0.9021698236465454,voie1,0.3541
1068,1,"[0.0, 179.16053771972656, 1270.8509521484375, 1020.992919921875]",0.9054804444313049,voie1,0.3532
1069,1,"[0.00906333327293396, 179.2682342529297, 1270.5284423828125, 1020.7677001953125]",0.905507504940033,voie1,0.353
1070,1,"[0.0, 178.44189453125, 1270.396240234375, 1018.9136962890625]",0.9028043746948242,voie1,0.3624
1071,1,"[0.0, 178.58023071289062, 1271.118408203125, 1018.3983154296875]",0.9029665589332581,voie1,0.3628
1072,1,"[0.0, 179.91017150878906, 1270.581298828125, 1015.8359985351562]",0.9042908549308777,voie1,0.3531
1073,1,"[0.14415234327316284, 179.95852661132812, 1270.618896484375, 1014.6331787109375]",0.9042086005210876,voie1,0.3531
1074,1,"[0.7407364249229431, 179.4332733154297, 1273.1854248046875, 1010.8479614257812]",0.9095442295074463,voie1,0.3546
1075,1,"[0.4214659631252289, 179.5010528564453, 1273.350341796875, 1009.6844482421875]",0.9095427393913269,voie1,0.3546
1076,1,"[0.2601810693740845, 179.172607421875, 1274.5750732421875, 1014.1504516601562]",0.9099661707878113,voie1,0.3646
1077,1,"[0.20849673449993134, 179.0498046875, 1275.39697265625, 1015.9158935546875]",0.9100123643875122,voie1,0.365
1078,1,"[0.0, 180.3941650390625, 1274.349853515625, 1016.058837890625]",0.9101570248603821,voie1,0.3644
1079,1,"[0.0, 180.9363555908203, 1274.4840087890625, 1016.1539306640625]",0.9101500511169434,voie1,0.3644
1080,1,"[0.09938950836658478, 180.9990997314453, 1275.4991455078125, 1016.389892578125]",0.9088500738143921,voie1,0.365
1081,1,"[0.20120707154273987, 180.8280487060547, 1275.551025390625, 1016.3636474609375]",0.9088758826255798,voie1,0.365
1082,1,"[0.22179679572582245, 180.78025817871094, 1275.350830078125, 1016.2322998046875]",0.9089460968971252,voie1,0.3649
1083,1,"[0.21195538341999054, 180.76339721679688, 1275.260498046875, 1016.1564331054688]",0.9089507460594177,voie1,0.3649
1084,1,"[0.0, 181.0770263671875, 1274.9869384765625, 1017.1181030273438]",0.9086390137672424,voie1,0.3741
1085,1,"[0.0, 181.28546142578125, 1275.584228515625, 1017.9965209960938]",0.9084826111793518,voie1,0.3744
1086,1,"[1.5433039665222168, 178.7965545654297, 1284.779052734375, 1015.351318359375]",0.9114473462104797,voie1,0.3793
1087,1,"[2.7531654834747314, 178.247314453125, 1288.73779296875, 1014.3405151367188]",0.9113126993179321,voie1,0.3816
1088,1,"[3.4512035846710205, 178.05264282226562, 1290.2257080078125, 1013.9551391601562]",0.9111961126327515,voie1,0.3825
1089,1,"[3.646416187286377, 177.97372436523438, 1290.71630859375, 1013.7971801757812]",0.9111974835395813,voie1,0.3828
1090,1,"[0.7256969213485718, 179.33709716796875, 1289.4669189453125, 1020.796875]",0.9118555784225464,voie1,0.3814
1091,1,"[0.5015835165977478, 180.60452270507812, 1290.984130859375, 1022.9908447265625]",0.9119016528129578,voie1,0.382
1092,1,"[0.0, 182.71463012695312, 1280.6112060546875, 1025.56689453125]",0.9099937081336975,voie1,0.3769
1093,1,"[0.13845059275627136, 183.99288940429688, 1277.4609375, 1026.351318359375]",0.9099940061569214,voie1,0.3754
1094,1,"[0.2749681770801544, 184.44415283203125, 1276.239013671875, 1026.619384765625]",0.910003125667572,voie1,0.3748
1095,1,"[0.3011099696159363, 184.58322143554688, 1275.7664794921875, 1026.6859130859375]",0.9100059866905212,voie1,0.3746
1096,1,"[0.0, 182.3649139404297, 1269.936279296875, 1024.0968017578125]",0.9097667336463928,voie1,0.3811
1097,1,"[0.0, 182.42108154296875, 1269.6837158203125, 1022.869873046875]",0.9095656871795654,voie1,0.3809
1098,1,"[0.17334002256393433, 183.03097534179688, 1271.055419921875, 1024.046875]",0.9112072587013245,voie1,0.3817
1099,1,"[0.3224582374095917, 183.03628540039062, 1271.626953125, 1024.400390625]",0.9112019538879395,voie1,0.382
1100,1,"[0.35019442439079285, 183.11569213867188, 1271.8311767578125, 1024.4393310546875]",0.9112021327018738,voie1,0.3821
1101,1,"[0.3333171010017395, 183.1373748779297, 1271.9053955078125, 1024.4422607421875]",0.9111992716789246,voie1,0.3821
1102,1,"[0.04479069635272026, 177.00039672851562, 1284.1947021484375, 1021.09814453125]",0.9140133261680603,voie1,0.388
1103,1,"[0.20332983136177063, 175.25657653808594, 1288.777099609375, 1020.0840454101562]",0.9138988256454468,voie1,0.3902
1104,1,"[0.24248404800891876, 174.6523895263672, 1290.490234375, 1019.5380859375]",0.9139332175254822,voie1,0.391
1105,1,"[0.23828639090061188, 174.4359130859375, 1291.06787109375, 1019.3257446289062]",0.9139316082000732,voie1,0.3913
1106,1,"[0.4560626447200775, 180.82752990722656, 1284.2349853515625, 1020.3308715820312]",0.9099462628364563,voie1,0.3881
1107,1,"[0.2598686218261719, 183.72091674804688, 1281.319580078125, 1020.9672241210938]",0.9099457859992981,voie1,0.3866
1108,1,"[0.7404438257217407, 182.9750518798828, 1282.134765625, 1021.1217041015625]",0.9075068831443787,voie1,0.3872
1109,1,"[0.28391778469085693, 182.53529357910156, 1281.421875, 1021.0274658203125]",0.9075364470481873,voie1,0.3867
1110,1,"[0.10823025554418564, 182.29718017578125, 1281.1123046875, 1021.0072021484375]",0.9074956178665161,voie1,0.3865
1111,1,"[0.04103808477520943, 182.17955017089844, 1280.973388671875, 1020.9915771484375]",0.9074923396110535,voie1,0.3864
1112,1,"[0.8323850035667419, 183.31666564941406, 1285.375244140625, 1022.066650390625]",0.9078356027603149,voie1,0.3888
1113,1,"[0.22354991734027863, 183.5572052001953, 1286.010498046875, 1022.3353271484375]",0.9078679084777832,voie1,0.3889
1114,1,"[0.019219622015953064, 182.7739715576172, 1287.2952880859375, 1018.558837890625]",0.9131042957305908,voie1,0.3894
1115,1,"[0.0, 182.54962158203125, 1287.459716796875, 1017.6509399414062]",0.9130302667617798,voie1,0.3895
1116,1,"[0.0, 182.4435272216797, 1287.556884765625, 1017.2909545898438]",0.9130187630653381,voie1,0.3895
1117,1,"[0.0, 182.3907928466797, 1287.5980224609375, 1017.1609497070312]",0.9130215048789978,voie1,0.3896
1118,1,"[0.30831456184387207, 177.1057891845703, 1298.050537109375, 1015.4529418945312]",0.9166844487190247,voie1,0.3946
1119,1,"[0.02448229491710663, 174.83616638183594, 1301.4730224609375, 1014.4982299804688]",0.916694164276123,voie1,0.3961
1120,1,"[0.4614640176296234, 181.4568328857422, 1295.7059326171875, 1013.2481689453125]",0.9140467047691345,voie1,0.3843
1121,1,"[0.04156773164868355, 184.05723571777344, 1292.645263671875, 1012.8348999023438]",0.9139994382858276,voie1,0.3827
1122,1,"[1.184112310409546, 182.9495849609375, 1294.70947265625, 1011.3785400390625]",0.9135041236877441,voie1,0.384
1123,1,"[0.1977909952402115, 183.21343994140625, 1294.6190185546875, 1010.8441162109375]",0.9133958220481873,voie1,0.3837
1124,1,"[0.0, 178.7747039794922, 1294.47412109375, 1007.2623291015625]",0.9134026765823364,voie1,0.3835
1125,1,"[0.0, 171.97927856445312, 1309.2100830078125, 1002.74609375]",0.9133782982826233,voie1,0.3905
1126,1,"[0.21263086795806885, 174.51620483398438, 1301.0042724609375, 1000.697998046875]",0.9133259057998657,voie1,0.3867
1127,1,"[0.0, 175.82974243164062, 1297.4088134765625, 1000.2290649414062]",0.9133226275444031,voie1,0.3849
1128,1,"[0.39099904894828796, 175.16958618164062, 1297.371826171875, 998.0648193359375]",0.9172034859657288,voie1,0.385
1129,1,"[0.0, 175.0245819091797, 1296.42333984375, 997.3428344726562]",0.9171876311302185,voie1,0.3845
1130,1,"[0.38225364685058594, 175.84796142578125, 1297.90087890625, 1003.984130859375]",0.919609785079956,voie1,0.3853
1131,1,"[0.0, 176.1497802734375, 1297.6063232421875, 1006.310302734375]",0.919579029083252,voie1,0.385
1132,1,"[0.34056442975997925, 175.3295440673828, 1297.9854736328125, 1006.7022705078125]",0.9179595112800598,voie1,0.3853
1133,1,"[0.0, 175.61151123046875, 1297.421630859375, 1007.2413940429688]",0.9179936051368713,voie1,0.3849
1134,1,"[0.18033193051815033, 177.7850341796875, 1297.400146484375, 1005.8643798828125]",0.9209179282188416,voie1,0.3757
1135,1,"[0.0, 178.31210327148438, 1296.8353271484375, 1005.1939697265625]",0.9209669232368469,voie1,0.3754
1136,1,"[0.5129094123840332, 176.2141571044922, 1298.0718994140625, 1002.2134399414062]",0.9199615716934204,voie1,0.3761
1137,1,"[0.0, 175.68641662597656, 1297.498779296875, 1001.2467041015625]",0.9199762344360352,voie1,0.3757
1138,1,"[0.0, 173.6719207763672, 1297.935302734375, 1002.8886108398438]",0.9219703674316406,voie1,0.3759
1139,1,"[0.0, 173.2438201904297, 1297.8173828125, 1003.7689819335938]",0.9219719767570496,voie1,0.3759
1140,1,"[0.0, 177.50469970703125, 1296.45556640625, 1007.7427368164062]",0.9217659831047058,voie1,0.3752
1141,1,"[0.0, 178.82342529296875, 1296.8203125, 1008.7161865234375]",0.9217690229415894,voie1,0.3754
1142,1,"[0.0, 178.03726196289062, 1297.29833984375, 1004.9349975585938]",0.9202908873558044,voie1,0.3849
1143,1,"[0.0, 178.09197998046875, 1297.25634765625, 1004.0325317382812]",0.9202364087104797,voie1,0.3849
1144,1,"[0.0, 179.5002899169922, 1298.23583984375, 1000.2769775390625]",0.9268243908882141,voie1,0.3853
1145,1,"[0.0, 180.1363983154297, 1298.5966796875, 998.8662109375]",0.9267898797988892,voie1,0.3855
1146,1,"[0.0, 177.61439514160156, 1297.929443359375, 1000.031982421875]",0.9289846420288086,voie1,0.3852
1147,1,"[0.0, 176.75173950195312, 1297.9117431640625, 1000.6918334960938]",0.92894446849823,voie1,0.3852
1148,1,"[0.0, 174.26963806152344, 1296.9892578125, 1006.3287353515625]",0.9232897162437439,voie1,0.3847
1149,1,"[0.0, 173.7901611328125, 1297.6005859375, 1008.5795288085938]",0.923366904258728,voie1,0.385
1150,1,"[0.0, 174.18045043945312, 1297.7733154296875, 1006.1533813476562]",0.9161476492881775,voie1,0.3851
1151,1,"[0.0, 174.20208740234375, 1297.5350341796875, 1004.8623046875]",0.9162456393241882,voie1,0.385
1152,1,"[0.0, 173.82870483398438, 1296.9031982421875, 1012.220458984375]",0.9207225441932678,voie1,0.3847
1153,1,"[0.0, 174.02499389648438, 1297.3336181640625, 1014.7356567382812]",0.9206817150115967,voie1,0.3849
1154,1,"[0.12485698610544205, 173.32351684570312, 1298.068115234375, 1016.3152465820312]",0.9200150370597839,voie1,0.3853
1155,1,"[0.09200020134449005, 172.7458038330078, 1298.181884765625, 1016.7142333984375]",0.9199526906013489,voie1,0.3853
1156,1,"[0.22128553688526154, 171.46343994140625, 1299.58642578125, 1016.6337890625]",0.9178472757339478,voie1,0.386
1157,1,"[0.10207127779722214, 171.20579528808594, 1299.6390380859375, 1016.83447265625]",0.9178311824798584,voie1,0.386
1158,1,"[0.7223283052444458, 174.85189819335938, 1300.974365234375, 1014.2614135742188]",0.9191185832023621,voie1,0.3868
1159,1,"[0.21244148910045624, 176.30799865722656, 1300.8809814453125, 1012.71533203125]",0.9190846681594849,voie1,0.3866
1160,1,"[1.1151227951049805, 178.03651428222656, 1304.12744140625, 1016.4823608398438]",0.9177982211112976,voie1,0.3792
1161,1,"[0.24966031312942505, 178.67605590820312, 1304.03662109375, 1017.9780883789062]",0.9177310466766357,voie1,0.3789
1162,1,"[0.20165008306503296, 177.78953552246094, 1306.0838623046875, 1019.0691528320312]",0.916503369808197,voie1,0.3799
1163,1,"[0.0, 177.52117919921875, 1306.6597900390625, 1019.6588134765625]",0.916428804397583,voie1,0.3801
1164,1,"[0.32717764377593994, 177.79673767089844, 1313.5628662109375, 1016.2259521484375]",0.9132071733474731,voie1,0.3835
1165,1,"[0.0, 177.97596740722656, 1315.4190673828125, 1015.2259521484375]",0.9131523370742798,voie1,0.3842
1166,1,"[0.2696678936481476, 180.7244110107422, 1323.2567138671875, 1015.4530029296875]",0.9140539169311523,voie1,0.388
1167,1,"[0.0, 181.4435577392578, 1325.4578857421875, 1015.3616943359375]",0.914064347743988,voie1,0.3889
1168,1,"[0.0, 182.14920043945312, 1328.9315185546875, 1016.2816162109375]",0.9161369800567627,voie1,0.3905
1169,1,"[0.0, 182.17706298828125, 1329.4873046875, 1017.0322875976562]",0.9162145853042603,voie1,0.3907
1170,1,"[0.0, 183.82057189941406, 1332.142822265625, 1020.3151245117188]",0.9169212579727173,voie1,0.392
1171,1,"[0.0, 183.72406005859375, 1332.59228515625, 1021.7686767578125]",0.9168871641159058,voie1,0.3922
1172,1,"[0.0, 187.5012969970703, 1335.2332763671875, 1021.5383911132812]",0.9161953926086426,voie1,0.3934
1173,1,"[0.0, 188.6320037841797, 1336.2841796875, 1021.4959106445312]",0.9160909056663513,voie1,0.3938
1174,1,"[0.07799798995256424, 189.9553985595703, 1337.5120849609375, 1024.234619140625]",0.9179936051368713,voie1,0.3944
1175,1,"[0.0, 190.41551208496094, 1337.55517578125, 1025.48779296875]",0.9180030226707458,voie1,0.3944
1176,1,"[0.0, 188.65487670898438, 1336.3466796875, 1025.9732666015625]",0.9172050356864929,voie1,0.3939
1177,1,"[0.0, 188.23098754882812, 1335.6998291015625, 1026.4959716796875]",0.9171637296676636,voie1,0.3936
1178,1,"[0.17975033819675446, 188.5870361328125, 1338.1376953125, 1024.10009765625]",0.9183403253555298,voie1,0.3947
1179,1,"[0.006437511648982763, 188.97622680664062, 1339.041748046875, 1023.1188354492188]",0.9183322787284851,voie1,0.3951
1180,1,"[0.0, 186.52723693847656, 1342.5908203125, 1024.8636474609375]",0.9166121482849121,voie1,0.3967
1181,1,"[0.0, 185.31301879882812, 1343.6187744140625, 1025.53955078125]",0.9166770577430725,voie1,0.3972
1182,1,"[0.23942607641220093, 182.95608520507812, 1346.830810546875, 1022.6447143554688]",0.9143668413162231,voie1,0.3987
1183,1,"[0.015359856188297272, 182.20513916015625, 1347.64306640625, 1021.61181640625]",0.9143365621566772,voie1,0.399
1184,1,"[0.0, 185.6676483154297, 1341.8739013671875, 1024.053466796875]",0.9188525080680847,voie1,0.3964
1185,1,"[0.0, 186.2136688232422, 1339.685546875, 1025.0867919921875]",0.9189071655273438,voie1,0.3954
1186,1,"[0.0, 185.83555603027344, 1343.925048828125, 1023.8160400390625]",0.916784942150116,voie1,0.3973
1187,1,"[0.0, 186.02561950683594, 1345.0888671875, 1023.627685546875]",0.9167948961257935,voie1,0.3978
1188,1,"[0.0, 188.42572021484375, 1343.5745849609375, 1021.0977783203125]",0.9158374667167664,voie1,0.3971
1189,1,"[0.0, 188.9894561767578, 1342.9912109375, 1019.9839477539062]",0.9158108234405518,voie1,0.3969
1190,1,"[0.0, 189.05259704589844, 1344.0386962890625, 1019.932861328125]",0.9158024191856384,voie1,0.3973
1191,1,"[0.0, 188.95806884765625, 1344.45849609375, 1020.003173828125]",0.915673553943634,voie1,0.3975
1192,1,"[0.11333239078521729, 189.7304229736328, 1346.051513671875, 1015.4075927734375]",0.9082391858100891,voie1,0.3894
1193,1,"[0.01365724578499794, 189.65086364746094, 1346.7947998046875, 1013.61865234375]",0.9081315994262695,voie1,0.3897
1194,1,"[0.0, 191.46853637695312, 1348.325439453125, 1012.2899169921875]",0.9126657843589783,voie1,0.3904
1195,1,"[0.0, 192.25808715820312, 1348.88232421875, 1012.1253662109375]",0.9126043319702148,voie1,0.3906
1196,1,"[0.2219286859035492, 189.62884521484375, 1352.2200927734375, 1015.3670043945312]",0.913300633430481,voie1,0.4011
1197,1,"[0.054679278284311295, 188.61984252929688, 1353.242431640625, 1016.6593627929688]",0.9132863283157349,voie1,0.4015
1198,1,"[0.0, 188.9040069580078, 1350.6248779296875, 1017.4982299804688]",0.9114617109298706,voie1,0.4003
1199,1,"[0.0, 188.73556518554688, 1349.622802734375, 1017.7022094726562]",0.9114229083061218,voie1,0.3998
1200,1,"[0.19100750982761383, 189.5223388671875, 1353.2620849609375, 1020.5629272460938]",0.9087793827056885,voie1,0.3926
1201,1,"[0.036845121532678604, 190.01780700683594, 1354.35107421875, 1021.7228393554688]",0.908665657043457,voie1,0.3931
1202,1,"[0.012670950032770634, 189.2822723388672, 1353.662109375, 1022.9584350585938]",0.9089498519897461,voie1,0.3928
1203,1,"[0.0, 189.09507751464844, 1352.0836181640625, 1022.936767578125]",0.9092451930046082,voie1,0.392
1204,1,"[0.3483040928840637, 189.21365356445312, 1357.5565185546875, 1023.1928100585938]",0.9078607559204102,voie1,0.3946
1205,1,"[0.06336132436990738, 188.89141845703125, 1359.5137939453125, 1023.0507202148438]",0.907821774482727,voie1,0.3954
1206,1,"[0.0, 187.99990844726562, 1359.6318359375, 1024.26953125]",0.9095195531845093,voie1,0.3954
1207,1,"[0.0, 187.928955078125, 1359.8441162109375, 1025.0767822265625]",0.9094935059547424,voie1,0.3955
1208,1,"[0.0, 188.4194793701172, 1360.4832763671875, 1029.0911865234375]",0.9115087985992432,voie1,0.3958
1209,1,"[0.0, 188.14012145996094, 1360.633544921875, 1030.2381591796875]",0.9114968180656433,voie1,0.3959
1210,1,"[0.068475641310215, 188.84681701660156, 1361.1546630859375, 1027.96875]",0.9125159978866577,voie1,0.3961
1211,1,"[0.0, 189.36862182617188, 1361.1749267578125, 1027.2655029296875]",0.9125412106513977,voie1,0.3961
1212,1,"[0.410613477230072, 189.45616149902344, 1362.852783203125, 1024.678955078125]",0.9105825424194336,voie1,0.397
1213,1,"[0.07778622955083847, 189.36788940429688, 1363.0732421875, 1023.6322631835938]",0.9105201959609985,voie1,0.397
1214,1,"[0.2546607553958893, 189.06491088867188, 1363.562255859375, 1025.58984375]",0.9110808372497559,voie1,0.3972
1215,1,"[0.0007922291988506913, 188.69960021972656, 1363.5294189453125, 1026.0667724609375]",0.9111225605010986,voie1,0.3972
1216,1,"[0.0305524542927742, 189.0425567626953, 1363.182373046875, 1026.7218017578125]",0.9126244187355042,voie1,0.397
1217,1,"[0.0, 189.33511352539062, 1363.1456298828125, 1027.2705078125]",0.9125644564628601,voie1,0.397
1218,1,"[0.6821779608726501, 187.91537475585938, 1363.478515625, 1022.152099609375]",0.9103970527648926,voie1,0.3973
1219,1,"[0.09902682900428772, 188.1558837890625, 1362.953857421875, 1020.1709594726562]",0.910329282283783,voie1,0.3969
1220,1,"[0.01552023645490408, 188.45053100585938, 1364.1507568359375, 1022.199951171875]",0.9104037880897522,voie1,0.3974
1221,1,"[0.0, 188.40707397460938, 1364.555419921875, 1022.6292114257812]",0.9103192090988159,voie1,0.3976
1222,1,"[0.2132091522216797, 186.28240966796875, 1366.0994873046875, 1026.1669921875]",0.9112749099731445,voie1,0.3983
1223,1,"[0.0, 185.47332763671875, 1366.4549560546875, 1027.4493408203125]",0.9112786650657654,voie1,0.3984
1224,1,"[0.0, 186.4579620361328, 1367.8663330078125, 1025.1246337890625]",0.9147405624389648,voie1,0.3991
1225,1,"[0.0, 186.95370483398438, 1368.0413818359375, 1024.2135009765625]",0.9147557020187378,voie1,0.3991
1226,1,"[0.4404969811439514, 186.7781219482422, 1368.06396484375, 1023.5700073242188]",0.9092551469802856,voie1,0.3993
1227,1,"[0.0, 187.26431274414062, 1367.9034423828125, 1023.0963134765625]",0.9092092514038086,voie1,0.3991
