frame,time_s,voie,occupied,train_track_ids
0,0.000,voie1,0,
0,0.000,voie2,1,1
0,0.000,voie3,0,
0,0.000,voie4,0,
0,0.000,voie5,0,
0,0.000,voie6,0,
1,0.017,voie1,0,
1,0.017,voie2,1,1
1,0.017,voie3,0,
1,0.017,voie4,0,
1,0.017,voie5,0,
1,0.017,voie6,0,
2,0.033,voie1,0,
2,0.033,voie2,0,
2,0.033,voie3,0,
2,0.033,voie4,0,
2,0.033,voie5,0,
2,0.033,voie6,0,
3,0.050,voie1,0,
3,0.050,voie2,0,
3,0.050,voie3,0,
3,0.050,voie4,0,
3,0.050,voie5,0,
3,0.050,voie6,0,
4,0.067,voie1,0,
4,0.067,voie2,1,1
4,0.067,voie3,0,
4,0.067,voie4,0,
4,0.067,voie5,0,
4,0.067,voie6,0,
5,0.083,voie1,0,
5,0.083,voie2,1,1
5,0.083,voie3,0,
5,0.083,voie4,0,
5,0.083,voie5,0,
5,0.083,voie6,0,
6,0.100,voie1,0,
6,0.100,voie2,1,1
6,0.100,voie3,0,
6,0.100,voie4,0,
6,0.100,voie5,0,
6,0.100,voie6,0,
7,0.117,voie1,0,
7,0.117,voie2,1,1
7,0.117,voie3,0,
7,0.117,voie4,0,
7,0.117,voie5,0,
7,0.117,voie6,0,
8,0.133,voie1,0,
8,0.133,voie2,1,1
8,0.133,voie3,0,
8,0.133,voie4,0,
8,0.133,voie5,0,
8,0.133,voie6,0,
9,0.150,voie1,0,
9,0.150,voie2,1,1
9,0.150,voie3,0,
9,0.150,voie4,0,
9,0.150,voie5,0,
9,0.150,voie6,0,
10,0.167,voie1,0,
10,0.167,voie2,1,1
10,0.167,voie3,0,
10,0.167,voie4,0,
10,0.167,voie5,0,
10,0.167,voie6,0,
11,0.183,voie1,0,
11,0.183,voie2,1,1
11,0.183,voie3,0,
11,0.183,voie4,0,
11,0.183,voie5,0,
11,0.183,voie6,0,
12,0.200,voie1,0,
12,0.200,voie2,1,1
12,0.200,voie3,0,
12,0.200,voie4,0,
12,0.200,voie5,0,
12,0.200,voie6,0,
13,0.217,voie1,0,
13,0.217,voie2,1,1
13,0.217,voie3,0,
13,0.217,voie4,0,
13,0.217,voie5,0,
13,0.217,voie6,0,
14,0.233,voie1,0,
14,0.233,voie2,1,1
14,0.233,voie3,0,
14,0.233,voie4,0,
14,0.233,voie5,0,
14,0.233,voie6,0,
15,0.250,voie1,0,
15,0.250,voie2,0,
15,0.250,voie3,0,
15,0.250,voie4,0,
15,0.250,voie5,0,
15,0.250,voie6,0,
16,0.267,voie1,0,
16,0.267,voie2,1,1
16,0.267,voie3,0,
16,0.267,voie4,0,
16,0.267,voie5,0,
16,0.267,voie6,0,
17,0.283,voie1,0,
17,0.283,voie2,1,1
17,0.283,voie3,0,
17,0.283,voie4,0,
17,0.283,voie5,0,
17,0.283,voie6,0,
18,0.300,voie1,0,
18,0.300,voie2,1,1
18,0.300,voie3,0,
18,0.300,voie4,0,
18,0.300,voie5,0,
18,0.300,voie6,0,
19,0.317,voie1,0,
19,0.317,voie2,1,1
19,0.317,voie3,0,
19,0.317,voie4,0,
19,0.317,voie5,0,
19,0.317,voie6,0,
20,0.333,voie1,0,
20,0.333,voie2,0,
20,0.333,voie3,0,
20,0.333,voie4,0,
20,0.333,voie5,0,
20,0.333,voie6,0,
21,0.350,voie1,0,
21,0.350,voie2,0,
21,0.350,voie3,0,
21,0.350,voie4,0,
21,0.350,voie5,0,
21,0.350,voie6,0,
22,0.367,voie1,0,
22,0.367,voie2,0,
22,0.367,voie3,0,
22,0.367,voie4,0,
22,0.367,voie5,0,
22,0.367,voie6,0,
23,0.383,voie1,0,
23,0.383,voie2,0,
23,0.383,voie3,0,
23,0.383,voie4,0,
23,0.383,voie5,0,
23,0.383,voie6,0,
24,0.400,voie1,0,
24,0.400,voie2,0,
24,0.400,voie3,0,
24,0.400,voie4,0,
24,0.400,voie5,0,
24,0.400,voie6,0,
25,0.417,voie1,0,
25,0.417,voie2,0,
25,0.417,voie3,0,
25,0.417,voie4,0,
25,0.417,voie5,0,
25,0.417,voie6,0,
26,0.433,voie1,0,
26,0.433,voie2,0,
26,0.433,voie3,0,
26,0.433,voie4,0,
26,0.433,voie5,0,
26,0.433,voie6,0,
27,0.450,voie1,0,
27,0.450,voie2,0,
27,0.450,voie3,0,
27,0.450,voie4,0,
27,0.450,voie5,0,
27,0.450,voie6,0,
28,0.467,voie1,0,
28,0.467,voie2,0,
28,0.467,voie3,0,
28,0.467,voie4,0,
28,0.467,voie5,0,
28,0.467,voie6,0,
29,0.483,voie1,0,
29,0.483,voie2,0,
29,0.483,voie3,0,
29,0.483,voie4,0,
29,0.483,voie5,0,
29,0.483,voie6,0,
30,0.500,voie1,0,
30,0.500,voie2,1,1
30,0.500,voie3,0,
30,0.500,voie4,0,
30,0.500,voie5,0,
30,0.500,voie6,0,
31,0.517,voie1,0,
31,0.517,voie2,1,1
31,0.517,voie3,0,
31,0.517,voie4,0,
31,0.517,voie5,0,
31,0.517,voie6,0,
32,0.533,voie1,0,
32,0.533,voie2,0,
32,0.533,voie3,0,
32,0.533,voie4,0,
32,0.533,voie5,0,
32,0.533,voie6,0,
33,0.550,voie1,0,
33,0.550,voie2,0,
33,0.550,voie3,0,
33,0.550,voie4,0,
33,0.550,voie5,0,
33,0.550,voie6,0,
34,0.567,voie1,0,
34,0.567,voie2,0,
34,0.567,voie3,0,
34,0.567,voie4,0,
34,0.567,voie5,0,
34,0.567,voie6,0,
35,0.583,voie1,0,
35,0.583,voie2,0,
35,0.583,voie3,0,
35,0.583,voie4,0,
35,0.583,voie5,0,
35,0.583,voie6,0,
36,0.600,voie1,0,
36,0.600,voie2,0,
36,0.600,voie3,0,
36,0.600,voie4,0,
36,0.600,voie5,0,
36,0.600,voie6,0,
37,0.617,voie1,0,
37,0.617,voie2,0,
37,0.617,voie3,0,
37,0.617,voie4,0,
37,0.617,voie5,0,
37,0.617,voie6,0,
38,0.633,voie1,0,
38,0.633,voie2,0,
38,0.633,voie3,0,
38,0.633,voie4,0,
38,0.633,voie5,0,
38,0.633,voie6,0,
39,0.650,voie1,0,
39,0.650,voie2,0,
39,0.650,voie3,0,
39,0.650,voie4,0,
39,0.650,voie5,0,
39,0.650,voie6,0,
40,0.667,voie1,0,
40,0.667,voie2,0,
40,0.667,voie3,0,
40,0.667,voie4,0,
40,0.667,voie5,0,
40,0.667,voie6,0,
41,0.683,voie1,0,
41,0.683,voie2,0,
41,0.683,voie3,0,
41,0.683,voie4,0,
41,0.683,voie5,0,
41,0.683,voie6,0,
42,0.700,voie1,0,
42,0.700,voie2,0,
42,0.700,voie3,0,
42,0.700,voie4,0,
42,0.700,voie5,0,
42,0.700,voie6,0,
43,0.717,voie1,0,
43,0.717,voie2,0,
43,0.717,voie3,0,
43,0.717,voie4,0,
43,0.717,voie5,0,
43,0.717,voie6,0,
44,0.733,voie1,0,
44,0.733,voie2,0,
44,0.733,voie3,0,
44,0.733,voie4,0,
44,0.733,voie5,0,
44,0.733,voie6,0,
45,0.750,voie1,0,
45,0.750,voie2,0,
45,0.750,voie3,0,
45,0.750,voie4,0,
45,0.750,voie5,0,
45,0.750,voie6,0,
46,0.767,voie1,0,
46,0.767,voie2,0,
46,0.767,voie3,0,
46,0.767,voie4,0,
46,0.767,voie5,0,
46,0.767,voie6,0,
47,0.783,voie1,0,
47,0.783,voie2,0,
47,0.783,voie3,0,
47,0.783,voie4,0,
47,0.783,voie5,0,
47,0.783,voie6,0,
48,0.800,voie1,0,
48,0.800,voie2,0,
48,0.800,voie3,0,
48,0.800,voie4,0,
48,0.800,voie5,0,
48,0.800,voie6,0,
49,0.817,voie1,0,
49,0.817,voie2,0,
49,0.817,voie3,0,
49,0.817,voie4,0,
49,0.817,voie5,0,
49,0.817,voie6,0,
50,0.833,voie1,0,
50,0.833,voie2,0,
50,0.833,voie3,0,
50,0.833,voie4,0,
50,0.833,voie5,0,
50,0.833,voie6,0,
51,0.850,voie1,0,
51,0.850,voie2,0,
51,0.850,voie3,0,
51,0.850,voie4,0,
51,0.850,voie5,0,
51,0.850,voie6,0,
52,0.867,voie1,0,
52,0.867,voie2,0,
52,0.867,voie3,0,
52,0.867,voie4,0,
52,0.867,voie5,0,
52,0.867,voie6,0,
53,0.883,voie1,0,
53,0.883,voie2,0,
53,0.883,voie3,0,
53,0.883,voie4,0,
53,0.883,voie5,0,
53,0.883,voie6,0,
54,0.900,voie1,0,
54,0.900,voie2,0,
54,0.900,voie3,0,
54,0.900,voie4,0,
54,0.900,voie5,0,
54,0.900,voie6,0,
55,0.917,voie1,0,
55,0.917,voie2,0,
55,0.917,voie3,0,
55,0.917,voie4,0,
55,0.917,voie5,0,
55,0.917,voie6,0,
56,0.933,voie1,0,
56,0.933,voie2,0,
56,0.933,voie3,0,
56,0.933,voie4,0,
56,0.933,voie5,0,
56,0.933,voie6,0,
57,0.950,voie1,0,
57,0.950,voie2,0,
57,0.950,voie3,0,
57,0.950,voie4,0,
57,0.950,voie5,0,
57,0.950,voie6,0,
58,0.967,voie1,0,
58,0.967,voie2,0,
58,0.967,voie3,0,
58,0.967,voie4,0,
58,0.967,voie5,0,
58,0.967,voie6,0,
59,0.983,voie1,0,
59,0.983,voie2,0,
59,0.983,voie3,0,
59,0.983,voie4,0,
59,0.983,voie5,0,
59,0.983,voie6,0,
60,1.000,voie1,0,
60,1.000,voie2,0,
60,1.000,voie3,0,
60,1.000,voie4,0,
60,1.000,voie5,0,
60,1.000,voie6,0,
61,1.017,voie1,0,
61,1.017,voie2,0,
61,1.017,voie3,0,
61,1.017,voie4,0,
61,1.017,voie5,0,
61,1.017,voie6,0,
62,1.033,voie1,0,
62,1.033,voie2,0,
62,1.033,voie3,0,
62,1.033,voie4,0,
62,1.033,voie5,0,
62,1.033,voie6,0,
63,1.050,voie1,0,
63,1.050,voie2,0,
63,1.050,voie3,0,
63,1.050,voie4,0,
63,1.050,voie5,0,
63,1.050,voie6,0,
64,1.067,voie1,0,
64,1.067,voie2,0,
64,1.067,voie3,0,
64,1.067,voie4,0,
64,1.067,voie5,0,
64,1.067,voie6,0,
65,1.083,voie1,0,
65,1.083,voie2,0,
65,1.083,voie3,0,
65,1.083,voie4,0,
65,1.083,voie5,0,
65,1.083,voie6,0,
66,1.100,voie1,0,
66,1.100,voie2,0,
66,1.100,voie3,0,
66,1.100,voie4,0,
66,1.100,voie5,0,
66,1.100,voie6,0,
67,1.117,voie1,0,
67,1.117,voie2,0,
67,1.117,voie3,0,
67,1.117,voie4,0,
67,1.117,voie5,0,
67,1.117,voie6,0,
68,1.133,voie1,0,
68,1.133,voie2,0,
68,1.133,voie3,0,
68,1.133,voie4,0,
68,1.133,voie5,0,
68,1.133,voie6,0,
69,1.150,voie1,0,
69,1.150,voie2,0,
69,1.150,voie3,0,
69,1.150,voie4,0,
69,1.150,voie5,0,
69,1.150,voie6,0,
70,1.167,voie1,0,
70,1.167,voie2,0,
70,1.167,voie3,0,
70,1.167,voie4,0,
70,1.167,voie5,0,
70,1.167,voie6,0,
71,1.183,voie1,0,
71,1.183,voie2,0,
71,1.183,voie3,0,
71,1.183,voie4,0,
71,1.183,voie5,0,
71,1.183,voie6,0,
72,1.200,voie1,0,
72,1.200,voie2,0,
72,1.200,voie3,0,
72,1.200,voie4,0,
72,1.200,voie5,0,
72,1.200,voie6,0,
73,1.217,voie1,0,
73,1.217,voie2,0,
73,1.217,voie3,0,
73,1.217,voie4,0,
73,1.217,voie5,0,
73,1.217,voie6,0,
74,1.233,voie1,0,
74,1.233,voie2,0,
74,1.233,voie3,0,
74,1.233,voie4,0,
74,1.233,voie5,0,
74,1.233,voie6,0,
75,1.250,voie1,0,
75,1.250,voie2,0,
75,1.250,voie3,0,
75,1.250,voie4,0,
75,1.250,voie5,0,
75,1.250,voie6,0,
76,1.267,voie1,0,
76,1.267,voie2,0,
76,1.267,voie3,0,
76,1.267,voie4,0,
76,1.267,voie5,0,
76,1.267,voie6,0,
77,1.283,voie1,0,
77,1.283,voie2,0,
77,1.283,voie3,0,
77,1.283,voie4,0,
77,1.283,voie5,0,
77,1.283,voie6,0,
78,1.300,voie1,0,
78,1.300,voie2,0,
78,1.300,voie3,0,
78,1.300,voie4,0,
78,1.300,voie5,0,
78,1.300,voie6,0,
79,1.317,voie1,0,
79,1.317,voie2,0,
79,1.317,voie3,0,
79,1.317,voie4,0,
79,1.317,voie5,0,
79,1.317,voie6,0,
80,1.333,voie1,0,
80,1.333,voie2,0,
80,1.333,voie3,0,
80,1.333,voie4,0,
80,1.333,voie5,0,
80,1.333,voie6,0,
81,1.350,voie1,0,
81,1.350,voie2,0,
81,1.350,voie3,0,
81,1.350,voie4,0,
81,1.350,voie5,0,
81,1.350,voie6,0,
82,1.367,voie1,0,
82,1.367,voie2,0,
82,1.367,voie3,0,
82,1.367,voie4,0,
82,1.367,voie5,0,
82,1.367,voie6,0,
83,1.383,voie1,0,
83,1.383,voie2,0,
83,1.383,voie3,0,
83,1.383,voie4,0,
83,1.383,voie5,0,
83,1.383,voie6,0,
84,1.400,voie1,0,
84,1.400,voie2,0,
84,1.400,voie3,0,
84,1.400,voie4,0,
84,1.400,voie5,0,
84,1.400,voie6,0,
85,1.417,voie1,0,
85,1.417,voie2,0,
85,1.417,voie3,0,
85,1.417,voie4,0,
85,1.417,voie5,0,
85,1.417,voie6,0,
86,1.433,voie1,0,
86,1.433,voie2,0,
86,1.433,voie3,0,
86,1.433,voie4,0,
86,1.433,voie5,0,
86,1.433,voie6,0,
87,1.450,voie1,0,
87,1.450,voie2,0,
87,1.450,voie3,0,
87,1.450,voie4,0,
87,1.450,voie5,0,
87,1.450,voie6,0,
88,1.467,voie1,0,
88,1.467,voie2,0,
88,1.467,voie3,0,
88,1.467,voie4,0,
88,1.467,voie5,0,
88,1.467,voie6,0,
89,1.483,voie1,0,
89,1.483,voie2,0,
89,1.483,voie3,0,
89,1.483,voie4,0,
89,1.483,voie5,0,
89,1.483,voie6,0,
90,1.500,voie1,0,
90,1.500,voie2,0,
90,1.500,voie3,0,
90,1.500,voie4,0,
90,1.500,voie5,0,
90,1.500,voie6,0,
91,1.517,voie1,0,
91,1.517,voie2,0,
91,1.517,voie3,0,
91,1.517,voie4,0,
91,1.517,voie5,0,
91,1.517,voie6,0,
92,1.533,voie1,0,
92,1.533,voie2,0,
92,1.533,voie3,0,
92,1.533,voie4,0,
92,1.533,voie5,0,
92,1.533,voie6,0,
93,1.550,voie1,0,
93,1.550,voie2,0,
93,1.550,voie3,0,
93,1.550,voie4,0,
93,1.550,voie5,0,
93,1.550,voie6,0,
94,1.567,voie1,0,
94,1.567,voie2,0,
94,1.567,voie3,0,
94,1.567,voie4,0,
94,1.567,voie5,0,
94,1.567,voie6,0,
95,1.583,voie1,0,
95,1.583,voie2,0,
95,1.583,voie3,0,
95,1.583,voie4,0,
95,1.583,voie5,0,
95,1.583,voie6,0,
96,1.600,voie1,0,
96,1.600,voie2,0,
96,1.600,voie3,0,
96,1.600,voie4,0,
96,1.600,voie5,0,
96,1.600,voie6,0,
97,1.617,voie1,0,
97,1.617,voie2,0,
97,1.617,voie3,0,
97,1.617,voie4,0,
97,1.617,voie5,0,
97,1.617,voie6,0,
98,1.633,voie1,0,
98,1.633,voie2,0,
98,1.633,voie3,0,
98,1.633,voie4,0,
98,1.633,voie5,0,
98,1.633,voie6,0,
99,1.650,voie1,0,
99,1.650,voie2,0,
99,1.650,voie3,0,
99,1.650,voie4,0,
99,1.650,voie5,0,
99,1.650,voie6,0,
100,1.667,voie1,0,
100,1.667,voie2,0,
100,1.667,voie3,0,
100,1.667,voie4,0,
100,1.667,voie5,0,
100,1.667,voie6,0,
101,1.683,voie1,0,
101,1.683,voie2,0,
101,1.683,voie3,0,
101,1.683,voie4,0,
101,1.683,voie5,0,
101,1.683,voie6,0,
102,1.700,voie1,0,
102,1.700,voie2,0,
102,1.700,voie3,0,
102,1.700,voie4,0,
102,1.700,voie5,0,
102,1.700,voie6,0,
103,1.717,voie1,0,
103,1.717,voie2,0,
103,1.717,voie3,0,
103,1.717,voie4,0,
103,1.717,voie5,0,
103,1.717,voie6,0,
104,1.733,voie1,0,
104,1.733,voie2,0,
104,1.733,voie3,0,
104,1.733,voie4,0,
104,1.733,voie5,0,
104,1.733,voie6,0,
105,1.750,voie1,0,
105,1.750,voie2,0,
105,1.750,voie3,0,
105,1.750,voie4,0,
105,1.750,voie5,0,
105,1.750,voie6,0,
106,1.767,voie1,0,
106,1.767,voie2,0,
106,1.767,voie3,0,
106,1.767,voie4,0,
106,1.767,voie5,0,
106,1.767,voie6,0,
107,1.783,voie1,0,
107,1.783,voie2,0,
107,1.783,voie3,0,
107,1.783,voie4,0,
107,1.783,voie5,0,
107,1.783,voie6,0,
108,1.800,voie1,0,
108,1.800,voie2,0,
108,1.800,voie3,0,
108,1.800,voie4,0,
108,1.800,voie5,0,
108,1.800,voie6,0,
109,1.817,voie1,0,
109,1.817,voie2,0,
109,1.817,voie3,0,
109,1.817,voie4,0,
109,1.817,voie5,0,
109,1.817,voie6,0,
110,1.833,voie1,0,
110,1.833,voie2,0,
110,1.833,voie3,0,
110,1.833,voie4,0,
110,1.833,voie5,0,
110,1.833,voie6,0,
111,1.850,voie1,0,
111,1.850,voie2,0,
111,1.850,voie3,0,
111,1.850,voie4,0,
111,1.850,voie5,0,
111,1.850,voie6,0,
112,1.867,voie1,0,
112,1.867,voie2,0,
112,1.867,voie3,0,
112,1.867,voie4,0,
112,1.867,voie5,0,
112,1.867,voie6,0,
113,1.883,voie1,0,
113,1.883,voie2,0,
113,1.883,voie3,0,
113,1.883,voie4,0,
113,1.883,voie5,0,
113,1.883,voie6,0,
114,1.900,voie1,0,
114,1.900,voie2,0,
114,1.900,voie3,0,
114,1.900,voie4,0,
114,1.900,voie5,0,
114,1.900,voie6,0,
115,1.917,voie1,0,
115,1.917,voie2,0,
115,1.917,voie3,0,
115,1.917,voie4,0,
115,1.917,voie5,0,
115,1.917,voie6,0,
116,1.933,voie1,0,
116,1.933,voie2,0,
116,1.933,voie3,0,
116,1.933,voie4,0,
116,1.933,voie5,0,
116,1.933,voie6,0,
117,1.950,voie1,0,
117,1.950,voie2,0,
117,1.950,voie3,0,
117,1.950,voie4,0,
117,1.950,voie5,0,
117,1.950,voie6,0,
118,1.967,voie1,0,
118,1.967,voie2,0,
118,1.967,voie3,0,
118,1.967,voie4,0,
118,1.967,voie5,0,
118,1.967,voie6,0,
119,1.983,voie1,0,
119,1.983,voie2,0,
119,1.983,voie3,0,
119,1.983,voie4,0,
119,1.983,voie5,0,
119,1.983,voie6,0,
120,2.000,voie1,0,
120,2.000,voie2,0,
120,2.000,voie3,0,
120,2.000,voie4,0,
120,2.000,voie5,0,
120,2.000,voie6,0,
121,2.017,voie1,0,
121,2.017,voie2,0,
121,2.017,voie3,0,
121,2.017,voie4,0,
121,2.017,voie5,0,
121,2.017,voie6,0,
122,2.033,voie1,0,
122,2.033,voie2,0,
122,2.033,voie3,0,
122,2.033,voie4,0,
122,2.033,voie5,0,
122,2.033,voie6,0,
123,2.050,voie1,0,
123,2.050,voie2,0,
123,2.050,voie3,0,
123,2.050,voie4,0,
123,2.050,voie5,0,
123,2.050,voie6,0,
124,2.067,voie1,0,
124,2.067,voie2,0,
124,2.067,voie3,0,
124,2.067,voie4,0,
124,2.067,voie5,0,
124,2.067,voie6,0,
125,2.083,voie1,0,
125,2.083,voie2,0,
125,2.083,voie3,0,
125,2.083,voie4,0,
125,2.083,voie5,0,
125,2.083,voie6,0,
126,2.100,voie1,0,
126,2.100,voie2,0,
126,2.100,voie3,0,
126,2.100,voie4,0,
126,2.100,voie5,0,
126,2.100,voie6,0,
127,2.117,voie1,0,
127,2.117,voie2,0,
127,2.117,voie3,0,
127,2.117,voie4,0,
127,2.117,voie5,0,
127,2.117,voie6,0,
128,2.133,voie1,0,
128,2.133,voie2,0,
128,2.133,voie3,0,
128,2.133,voie4,0,
128,2.133,voie5,0,
128,2.133,voie6,0,
129,2.150,voie1,0,
129,2.150,voie2,0,
129,2.150,voie3,0,
129,2.150,voie4,0,
129,2.150,voie5,0,
129,2.150,voie6,0,
130,2.167,voie1,0,
130,2.167,voie2,0,
130,2.167,voie3,0,
130,2.167,voie4,0,
130,2.167,voie5,0,
130,2.167,voie6,0,
131,2.183,voie1,0,
131,2.183,voie2,0,
131,2.183,voie3,0,
131,2.183,voie4,0,
131,2.183,voie5,0,
131,2.183,voie6,0,
132,2.200,voie1,0,
132,2.200,voie2,0,
132,2.200,voie3,0,
132,2.200,voie4,0,
132,2.200,voie5,0,
132,2.200,voie6,0,
133,2.217,voie1,0,
133,2.217,voie2,0,
133,2.217,voie3,0,
133,2.217,voie4,0,
133,2.217,voie5,0,
133,2.217,voie6,0,
134,2.233,voie1,0,
134,2.233,voie2,0,
134,2.233,voie3,0,
134,2.233,voie4,0,
134,2.233,voie5,0,
134,2.233,voie6,0,
135,2.250,voie1,0,
135,2.250,voie2,0,
135,2.250,voie3,0,
135,2.250,voie4,0,
135,2.250,voie5,0,
135,2.250,voie6,0,
136,2.267,voie1,0,
136,2.267,voie2,0,
136,2.267,voie3,0,
136,2.267,voie4,0,
136,2.267,voie5,0,
136,2.267,voie6,0,
137,2.283,voie1,0,
137,2.283,voie2,0,
137,2.283,voie3,0,
137,2.283,voie4,0,
137,2.283,voie5,0,
137,2.283,voie6,0,
138,2.300,voie1,0,
138,2.300,voie2,0,
138,2.300,voie3,0,
138,2.300,voie4,0,
138,2.300,voie5,0,
138,2.300,voie6,0,
139,2.317,voie1,0,
139,2.317,voie2,0,
139,2.317,voie3,0,
139,2.317,voie4,0,
139,2.317,voie5,0,
139,2.317,voie6,0,
140,2.333,voie1,0,
140,2.333,voie2,0,
140,2.333,voie3,0,
140,2.333,voie4,0,
140,2.333,voie5,0,
140,2.333,voie6,0,
141,2.350,voie1,0,
141,2.350,voie2,0,
141,2.350,voie3,0,
141,2.350,voie4,0,
141,2.350,voie5,0,
141,2.350,voie6,0,
142,2.367,voie1,0,
142,2.367,voie2,0,
142,2.367,voie3,0,
142,2.367,voie4,0,
142,2.367,voie5,0,
142,2.367,voie6,0,
143,2.383,voie1,0,
143,2.383,voie2,0,
143,2.383,voie3,0,
143,2.383,voie4,0,
143,2.383,voie5,0,
143,2.383,voie6,0,
144,2.400,voie1,0,
144,2.400,voie2,0,
144,2.400,voie3,0,
144,2.400,voie4,0,
144,2.400,voie5,0,
144,2.400,voie6,0,
145,2.417,voie1,0,
145,2.417,voie2,0,
145,2.417,voie3,0,
145,2.417,voie4,0,
145,2.417,voie5,0,
145,2.417,voie6,0,
146,2.433,voie1,0,
146,2.433,voie2,0,
146,2.433,voie3,0,
146,2.433,voie4,0,
146,2.433,voie5,0,
146,2.433,voie6,0,
147,2.450,voie1,0,
147,2.450,voie2,0,
147,2.450,voie3,0,
147,2.450,voie4,0,
147,2.450,voie5,0,
147,2.450,voie6,0,
148,2.467,voie1,0,
148,2.467,voie2,0,
148,2.467,voie3,0,
148,2.467,voie4,0,
148,2.467,voie5,0,
148,2.467,voie6,0,
149,2.483,voie1,0,
149,2.483,voie2,0,
149,2.483,voie3,0,
149,2.483,voie4,0,
149,2.483,voie5,0,
149,2.483,voie6,0,
150,2.500,voie1,0,
150,2.500,voie2,0,
150,2.500,voie3,0,
150,2.500,voie4,0,
150,2.500,voie5,0,
150,2.500,voie6,0,
151,2.517,voie1,0,
151,2.517,voie2,0,
151,2.517,voie3,0,
151,2.517,voie4,0,
151,2.517,voie5,0,
151,2.517,voie6,0,
152,2.533,voie1,0,
152,2.533,voie2,0,
152,2.533,voie3,0,
152,2.533,voie4,0,
152,2.533,voie5,0,
152,2.533,voie6,0,
153,2.550,voie1,0,
153,2.550,voie2,0,
153,2.550,voie3,0,
153,2.550,voie4,0,
153,2.550,voie5,0,
153,2.550,voie6,0,
154,2.567,voie1,0,
154,2.567,voie2,0,
154,2.567,voie3,0,
154,2.567,voie4,0,
154,2.567,voie5,0,
154,2.567,voie6,0,
155,2.583,voie1,0,
155,2.583,voie2,0,
155,2.583,voie3,0,
155,2.583,voie4,0,
155,2.583,voie5,0,
155,2.583,voie6,0,
156,2.600,voie1,0,
156,2.600,voie2,0,
156,2.600,voie3,0,
156,2.600,voie4,0,
156,2.600,voie5,0,
156,2.600,voie6,0,
157,2.617,voie1,0,
157,2.617,voie2,0,
157,2.617,voie3,0,
157,2.617,voie4,0,
157,2.617,voie5,0,
157,2.617,voie6,0,
158,2.633,voie1,0,
158,2.633,voie2,0,
158,2.633,voie3,0,
158,2.633,voie4,0,
158,2.633,voie5,0,
158,2.633,voie6,0,
159,2.650,voie1,0,
159,2.650,voie2,0,
159,2.650,voie3,0,
159,2.650,voie4,0,
159,2.650,voie5,0,
159,2.650,voie6,0,
160,2.667,voie1,0,
160,2.667,voie2,0,
160,2.667,voie3,0,
160,2.667,voie4,0,
160,2.667,voie5,0,
160,2.667,voie6,0,
161,2.683,voie1,0,
161,2.683,voie2,0,
161,2.683,voie3,0,
161,2.683,voie4,0,
161,2.683,voie5,0,
161,2.683,voie6,0,
162,2.700,voie1,0,
162,2.700,voie2,0,
162,2.700,voie3,0,
162,2.700,voie4,0,
162,2.700,voie5,0,
162,2.700,voie6,0,
163,2.717,voie1,0,
163,2.717,voie2,0,
163,2.717,voie3,0,
163,2.717,voie4,0,
163,2.717,voie5,0,
163,2.717,voie6,0,
164,2.733,voie1,0,
164,2.733,voie2,0,
164,2.733,voie3,0,
164,2.733,voie4,0,
164,2.733,voie5,0,
164,2.733,voie6,0,
165,2.750,voie1,0,
165,2.750,voie2,0,
165,2.750,voie3,0,
165,2.750,voie4,0,
165,2.750,voie5,0,
165,2.750,voie6,0,
166,2.767,voie1,0,
166,2.767,voie2,0,
166,2.767,voie3,0,
166,2.767,voie4,0,
166,2.767,voie5,0,
166,2.767,voie6,0,
167,2.783,voie1,0,
167,2.783,voie2,0,
167,2.783,voie3,0,
167,2.783,voie4,0,
167,2.783,voie5,0,
167,2.783,voie6,0,
168,2.800,voie1,0,
168,2.800,voie2,0,
168,2.800,voie3,0,
168,2.800,voie4,0,
168,2.800,voie5,0,
168,2.800,voie6,0,
169,2.817,voie1,0,
169,2.817,voie2,0,
169,2.817,voie3,0,
169,2.817,voie4,0,
169,2.817,voie5,0,
169,2.817,voie6,0,
170,2.833,voie1,0,
170,2.833,voie2,0,
170,2.833,voie3,0,
170,2.833,voie4,0,
170,2.833,voie5,0,
170,2.833,voie6,0,
171,2.850,voie1,0,
171,2.850,voie2,0,
171,2.850,voie3,0,
171,2.850,voie4,0,
171,2.850,voie5,0,
171,2.850,voie6,0,
172,2.867,voie1,0,
172,2.867,voie2,0,
172,2.867,voie3,0,
172,2.867,voie4,0,
172,2.867,voie5,0,
172,2.867,voie6,0,
173,2.883,voie1,0,
173,2.883,voie2,0,
173,2.883,voie3,0,
173,2.883,voie4,0,
173,2.883,voie5,0,
173,2.883,voie6,0,
174,2.900,voie1,0,
174,2.900,voie2,0,
174,2.900,voie3,0,
174,2.900,voie4,0,
174,2.900,voie5,0,
174,2.900,voie6,0,
175,2.917,voie1,0,
175,2.917,voie2,0,
175,2.917,voie3,0,
175,2.917,voie4,0,
175,2.917,voie5,0,
175,2.917,voie6,0,
176,2.933,voie1,0,
176,2.933,voie2,0,
176,2.933,voie3,0,
176,2.933,voie4,0,
176,2.933,voie5,0,
176,2.933,voie6,0,
177,2.950,voie1,0,
177,2.950,voie2,0,
177,2.950,voie3,0,
177,2.950,voie4,0,
177,2.950,voie5,0,
177,2.950,voie6,0,
178,2.967,voie1,0,
178,2.967,voie2,0,
178,2.967,voie3,0,
178,2.967,voie4,0,
178,2.967,voie5,0,
178,2.967,voie6,0,
179,2.983,voie1,0,
179,2.983,voie2,0,
179,2.983,voie3,0,
179,2.983,voie4,0,
179,2.983,voie5,0,
179,2.983,voie6,0,
180,3.000,voie1,0,
180,3.000,voie2,0,
180,3.000,voie3,0,
180,3.000,voie4,0,
180,3.000,voie5,0,
180,3.000,voie6,0,
181,3.017,voie1,0,
181,3.017,voie2,0,
181,3.017,voie3,0,
181,3.017,voie4,0,
181,3.017,voie5,0,
181,3.017,voie6,0,
182,3.033,voie1,0,
182,3.033,voie2,0,
182,3.033,voie3,0,
182,3.033,voie4,0,
182,3.033,voie5,0,
182,3.033,voie6,0,
183,3.050,voie1,0,
183,3.050,voie2,0,
183,3.050,voie3,0,
183,3.050,voie4,0,
183,3.050,voie5,0,
183,3.050,voie6,0,
184,3.067,voie1,0,
184,3.067,voie2,0,
184,3.067,voie3,0,
184,3.067,voie4,0,
184,3.067,voie5,0,
184,3.067,voie6,0,
185,3.083,voie1,0,
185,3.083,voie2,0,
185,3.083,voie3,0,
185,3.083,voie4,0,
185,3.083,voie5,0,
185,3.083,voie6,0,
186,3.100,voie1,0,
186,3.100,voie2,0,
186,3.100,voie3,0,
186,3.100,voie4,0,
186,3.100,voie5,0,
186,3.100,voie6,0,
187,3.117,voie1,0,
187,3.117,voie2,0,
187,3.117,voie3,0,
187,3.117,voie4,0,
187,3.117,voie5,0,
187,3.117,voie6,0,
188,3.133,voie1,0,
188,3.133,voie2,0,
188,3.133,voie3,0,
188,3.133,voie4,0,
188,3.133,voie5,0,
188,3.133,voie6,0,
189,3.150,voie1,0,
189,3.150,voie2,0,
189,3.150,voie3,0,
189,3.150,voie4,0,
189,3.150,voie5,0,
189,3.150,voie6,0,
190,3.167,voie1,0,
190,3.167,voie2,0,
190,3.167,voie3,0,
190,3.167,voie4,0,
190,3.167,voie5,0,
190,3.167,voie6,0,
191,3.183,voie1,0,
191,3.183,voie2,0,
191,3.183,voie3,0,
191,3.183,voie4,0,
191,3.183,voie5,0,
191,3.183,voie6,0,
192,3.200,voie1,0,
192,3.200,voie2,0,
192,3.200,voie3,0,
192,3.200,voie4,0,
192,3.200,voie5,0,
192,3.200,voie6,0,
193,3.217,voie1,0,
193,3.217,voie2,0,
193,3.217,voie3,0,
193,3.217,voie4,0,
193,3.217,voie5,0,
193,3.217,voie6,0,
194,3.233,voie1,0,
194,3.233,voie2,0,
194,3.233,voie3,0,
194,3.233,voie4,0,
194,3.233,voie5,0,
194,3.233,voie6,0,
195,3.250,voie1,0,
195,3.250,voie2,0,
195,3.250,voie3,0,
195,3.250,voie4,0,
195,3.250,voie5,0,
195,3.250,voie6,0,
196,3.267,voie1,0,
196,3.267,voie2,0,
196,3.267,voie3,0,
196,3.267,voie4,0,
196,3.267,voie5,0,
196,3.267,voie6,0,
197,3.283,voie1,0,
197,3.283,voie2,0,
197,3.283,voie3,0,
197,3.283,voie4,0,
197,3.283,voie5,0,
197,3.283,voie6,0,
198,3.300,voie1,0,
198,3.300,voie2,0,
198,3.300,voie3,0,
198,3.300,voie4,0,
198,3.300,voie5,0,
198,3.300,voie6,0,
199,3.317,voie1,0,
199,3.317,voie2,0,
199,3.317,voie3,0,
199,3.317,voie4,0,
199,3.317,voie5,0,
199,3.317,voie6,0,
200,3.333,voie1,0,
200,3.333,voie2,0,
200,3.333,voie3,0,
200,3.333,voie4,0,
200,3.333,voie5,0,
200,3.333,voie6,0,
201,3.350,voie1,0,
201,3.350,voie2,0,
201,3.350,voie3,0,
201,3.350,voie4,0,
201,3.350,voie5,0,
201,3.350,voie6,0,
202,3.367,voie1,0,
202,3.367,voie2,0,
202,3.367,voie3,0,
202,3.367,voie4,0,
202,3.367,voie5,0,
202,3.367,voie6,0,
203,3.383,voie1,0,
203,3.383,voie2,0,
203,3.383,voie3,0,
203,3.383,voie4,0,
203,3.383,voie5,0,
203,3.383,voie6,0,
204,3.400,voie1,0,
204,3.400,voie2,0,
204,3.400,voie3,0,
204,3.400,voie4,0,
204,3.400,voie5,0,
204,3.400,voie6,0,
205,3.417,voie1,0,
205,3.417,voie2,0,
205,3.417,voie3,0,
205,3.417,voie4,0,
205,3.417,voie5,0,
205,3.417,voie6,0,
206,3.433,voie1,0,
206,3.433,voie2,0,
206,3.433,voie3,0,
206,3.433,voie4,0,
206,3.433,voie5,0,
206,3.433,voie6,0,
207,3.450,voie1,0,
207,3.450,voie2,0,
207,3.450,voie3,0,
207,3.450,voie4,0,
207,3.450,voie5,0,
207,3.450,voie6,0,
208,3.467,voie1,0,
208,3.467,voie2,0,
208,3.467,voie3,0,
208,3.467,voie4,0,
208,3.467,voie5,0,
208,3.467,voie6,0,
209,3.483,voie1,0,
209,3.483,voie2,0,
209,3.483,voie3,0,
209,3.483,voie4,0,
209,3.483,voie5,0,
209,3.483,voie6,0,
210,3.500,voie1,0,
210,3.500,voie2,0,
210,3.500,voie3,0,
210,3.500,voie4,0,
210,3.500,voie5,0,
210,3.500,voie6,0,
211,3.517,voie1,0,
211,3.517,voie2,0,
211,3.517,voie3,0,
211,3.517,voie4,0,
211,3.517,voie5,0,
211,3.517,voie6,0,
212,3.533,voie1,0,
212,3.533,voie2,0,
212,3.533,voie3,0,
212,3.533,voie4,0,
212,3.533,voie5,0,
212,3.533,voie6,0,
213,3.550,voie1,0,
213,3.550,voie2,0,
213,3.550,voie3,0,
213,3.550,voie4,0,
213,3.550,voie5,0,
213,3.550,voie6,0,
214,3.567,voie1,0,
214,3.567,voie2,0,
214,3.567,voie3,0,
214,3.567,voie4,0,
214,3.567,voie5,0,
214,3.567,voie6,0,
215,3.583,voie1,0,
215,3.583,voie2,0,
215,3.583,voie3,0,
215,3.583,voie4,0,
215,3.583,voie5,0,
215,3.583,voie6,0,
216,3.600,voie1,0,
216,3.600,voie2,0,
216,3.600,voie3,0,
216,3.600,voie4,0,
216,3.600,voie5,0,
216,3.600,voie6,0,
217,3.617,voie1,0,
217,3.617,voie2,0,
217,3.617,voie3,0,
217,3.617,voie4,0,
217,3.617,voie5,0,
217,3.617,voie6,0,
218,3.633,voie1,0,
218,3.633,voie2,0,
218,3.633,voie3,0,
218,3.633,voie4,0,
218,3.633,voie5,0,
218,3.633,voie6,0,
219,3.650,voie1,0,
219,3.650,voie2,0,
219,3.650,voie3,0,
219,3.650,voie4,0,
219,3.650,voie5,0,
219,3.650,voie6,0,
220,3.667,voie1,0,
220,3.667,voie2,0,
220,3.667,voie3,0,
220,3.667,voie4,0,
220,3.667,voie5,0,
220,3.667,voie6,0,
221,3.683,voie1,0,
221,3.683,voie2,0,
221,3.683,voie3,0,
221,3.683,voie4,0,
221,3.683,voie5,0,
221,3.683,voie6,0,
222,3.700,voie1,0,
222,3.700,voie2,0,
222,3.700,voie3,0,
222,3.700,voie4,0,
222,3.700,voie5,0,
222,3.700,voie6,0,
223,3.717,voie1,0,
223,3.717,voie2,0,
223,3.717,voie3,0,
223,3.717,voie4,0,
223,3.717,voie5,0,
223,3.717,voie6,0,
224,3.733,voie1,0,
224,3.733,voie2,0,
224,3.733,voie3,0,
224,3.733,voie4,0,
224,3.733,voie5,0,
224,3.733,voie6,0,
225,3.750,voie1,0,
225,3.750,voie2,0,
225,3.750,voie3,0,
225,3.750,voie4,0,
225,3.750,voie5,0,
225,3.750,voie6,0,
226,3.767,voie1,0,
226,3.767,voie2,0,
226,3.767,voie3,0,
226,3.767,voie4,0,
226,3.767,voie5,0,
226,3.767,voie6,0,
227,3.783,voie1,0,
227,3.783,voie2,0,
227,3.783,voie3,0,
227,3.783,voie4,0,
227,3.783,voie5,0,
227,3.783,voie6,0,
228,3.800,voie1,0,
228,3.800,voie2,0,
228,3.800,voie3,0,
228,3.800,voie4,0,
228,3.800,voie5,0,
228,3.800,voie6,0,
229,3.817,voie1,0,
229,3.817,voie2,0,
229,3.817,voie3,0,
229,3.817,voie4,0,
229,3.817,voie5,0,
229,3.817,voie6,0,
230,3.833,voie1,0,
230,3.833,voie2,0,
230,3.833,voie3,0,
230,3.833,voie4,0,
230,3.833,voie5,0,
230,3.833,voie6,0,
231,3.850,voie1,0,
231,3.850,voie2,0,
231,3.850,voie3,0,
231,3.850,voie4,0,
231,3.850,voie5,0,
231,3.850,voie6,0,
232,3.867,voie1,0,
232,3.867,voie2,0,
232,3.867,voie3,0,
232,3.867,voie4,0,
232,3.867,voie5,0,
232,3.867,voie6,0,
233,3.883,voie1,0,
233,3.883,voie2,0,
233,3.883,voie3,0,
233,3.883,voie4,0,
233,3.883,voie5,0,
233,3.883,voie6,0,
234,3.900,voie1,0,
234,3.900,voie2,0,
234,3.900,voie3,0,
234,3.900,voie4,0,
234,3.900,voie5,0,
234,3.900,voie6,0,
235,3.917,voie1,0,
235,3.917,voie2,0,
235,3.917,voie3,0,
235,3.917,voie4,0,
235,3.917,voie5,0,
235,3.917,voie6,0,
236,3.933,voie1,0,
236,3.933,voie2,0,
236,3.933,voie3,0,
236,3.933,voie4,0,
236,3.933,voie5,0,
236,3.933,voie6,0,
237,3.950,voie1,0,
237,3.950,voie2,0,
237,3.950,voie3,0,
237,3.950,voie4,0,
237,3.950,voie5,0,
237,3.950,voie6,0,
238,3.967,voie1,0,
238,3.967,voie2,0,
238,3.967,voie3,0,
238,3.967,voie4,0,
238,3.967,voie5,0,
238,3.967,voie6,0,
239,3.983,voie1,0,
239,3.983,voie2,0,
239,3.983,voie3,0,
239,3.983,voie4,0,
239,3.983,voie5,0,
239,3.983,voie6,0,
240,4.000,voie1,0,
240,4.000,voie2,0,
240,4.000,voie3,0,
240,4.000,voie4,0,
240,4.000,voie5,0,
240,4.000,voie6,0,
241,4.017,voie1,0,
241,4.017,voie2,0,
241,4.017,voie3,0,
241,4.017,voie4,0,
241,4.017,voie5,0,
241,4.017,voie6,0,
242,4.033,voie1,0,
242,4.033,voie2,0,
242,4.033,voie3,0,
242,4.033,voie4,0,
242,4.033,voie5,0,
242,4.033,voie6,0,
243,4.050,voie1,0,
243,4.050,voie2,0,
243,4.050,voie3,0,
243,4.050,voie4,0,
243,4.050,voie5,0,
243,4.050,voie6,0,
244,4.067,voie1,0,
244,4.067,voie2,0,
244,4.067,voie3,0,
244,4.067,voie4,0,
244,4.067,voie5,0,
244,4.067,voie6,0,
245,4.083,voie1,0,
245,4.083,voie2,0,
245,4.083,voie3,0,
245,4.083,voie4,0,
245,4.083,voie5,0,
245,4.083,voie6,0,
246,4.100,voie1,0,
246,4.100,voie2,0,
246,4.100,voie3,0,
246,4.100,voie4,0,
246,4.100,voie5,0,
246,4.100,voie6,0,
247,4.117,voie1,0,
247,4.117,voie2,0,
247,4.117,voie3,0,
247,4.117,voie4,0,
247,4.117,voie5,0,
247,4.117,voie6,0,
248,4.133,voie1,0,
248,4.133,voie2,0,
248,4.133,voie3,0,
248,4.133,voie4,0,
248,4.133,voie5,0,
248,4.133,voie6,0,
249,4.150,voie1,0,
249,4.150,voie2,0,
249,4.150,voie3,0,
249,4.150,voie4,0,
249,4.150,voie5,0,
249,4.150,voie6,0,
250,4.167,voie1,0,
250,4.167,voie2,0,
250,4.167,voie3,0,
250,4.167,voie4,0,
250,4.167,voie5,0,
250,4.167,voie6,0,
251,4.183,voie1,0,
251,4.183,voie2,0,
251,4.183,voie3,0,
251,4.183,voie4,0,
251,4.183,voie5,0,
251,4.183,voie6,0,
252,4.200,voie1,0,
252,4.200,voie2,0,
252,4.200,voie3,0,
252,4.200,voie4,0,
252,4.200,voie5,0,
252,4.200,voie6,0,
253,4.217,voie1,0,
253,4.217,voie2,0,
253,4.217,voie3,0,
253,4.217,voie4,0,
253,4.217,voie5,0,
253,4.217,voie6,0,
254,4.233,voie1,0,
254,4.233,voie2,0,
254,4.233,voie3,0,
254,4.233,voie4,0,
254,4.233,voie5,0,
254,4.233,voie6,0,
255,4.250,voie1,0,
255,4.250,voie2,0,
255,4.250,voie3,0,
255,4.250,voie4,0,
255,4.250,voie5,0,
255,4.250,voie6,0,
256,4.267,voie1,0,
256,4.267,voie2,0,
256,4.267,voie3,0,
256,4.267,voie4,0,
256,4.267,voie5,0,
256,4.267,voie6,0,
257,4.283,voie1,0,
257,4.283,voie2,0,
257,4.283,voie3,0,
257,4.283,voie4,0,
257,4.283,voie5,0,
257,4.283,voie6,0,
258,4.300,voie1,0,
258,4.300,voie2,0,
258,4.300,voie3,0,
258,4.300,voie4,0,
258,4.300,voie5,0,
258,4.300,voie6,0,
259,4.317,voie1,0,
259,4.317,voie2,0,
259,4.317,voie3,0,
259,4.317,voie4,0,
259,4.317,voie5,0,
259,4.317,voie6,0,
260,4.333,voie1,0,
260,4.333,voie2,0,
260,4.333,voie3,0,
260,4.333,voie4,0,
260,4.333,voie5,0,
260,4.333,voie6,0,
261,4.350,voie1,0,
261,4.350,voie2,0,
261,4.350,voie3,0,
261,4.350,voie4,0,
261,4.350,voie5,0,
261,4.350,voie6,0,
262,4.367,voie1,0,
262,4.367,voie2,0,
262,4.367,voie3,0,
262,4.367,voie4,0,
262,4.367,voie5,0,
262,4.367,voie6,0,
263,4.383,voie1,0,
263,4.383,voie2,0,
263,4.383,voie3,0,
263,4.383,voie4,0,
263,4.383,voie5,0,
263,4.383,voie6,0,
264,4.400,voie1,0,
264,4.400,voie2,0,
264,4.400,voie3,0,
264,4.400,voie4,0,
264,4.400,voie5,0,
264,4.400,voie6,0,
265,4.417,voie1,0,
265,4.417,voie2,0,
265,4.417,voie3,0,
265,4.417,voie4,0,
265,4.417,voie5,0,
265,4.417,voie6,0,
266,4.433,voie1,0,
266,4.433,voie2,0,
266,4.433,voie3,0,
266,4.433,voie4,0,
266,4.433,voie5,0,
266,4.433,voie6,0,
267,4.450,voie1,0,
267,4.450,voie2,0,
267,4.450,voie3,0,
267,4.450,voie4,0,
267,4.450,voie5,0,
267,4.450,voie6,0,
268,4.467,voie1,0,
268,4.467,voie2,0,
268,4.467,voie3,0,
268,4.467,voie4,0,
268,4.467,voie5,0,
268,4.467,voie6,0,
269,4.483,voie1,0,
269,4.483,voie2,0,
269,4.483,voie3,0,
269,4.483,voie4,0,
269,4.483,voie5,0,
269,4.483,voie6,0,
270,4.500,voie1,0,
270,4.500,voie2,0,
270,4.500,voie3,0,
270,4.500,voie4,0,
270,4.500,voie5,0,
270,4.500,voie6,0,
271,4.517,voie1,0,
271,4.517,voie2,0,
271,4.517,voie3,0,
271,4.517,voie4,0,
271,4.517,voie5,0,
271,4.517,voie6,0,
272,4.533,voie1,0,
272,4.533,voie2,0,
272,4.533,voie3,0,
272,4.533,voie4,0,
272,4.533,voie5,0,
272,4.533,voie6,0,
273,4.550,voie1,0,
273,4.550,voie2,0,
273,4.550,voie3,0,
273,4.550,voie4,0,
273,4.550,voie5,0,
273,4.550,voie6,0,
274,4.567,voie1,0,
274,4.567,voie2,0,
274,4.567,voie3,0,
274,4.567,voie4,0,
274,4.567,voie5,0,
274,4.567,voie6,0,
275,4.583,voie1,0,
275,4.583,voie2,0,
275,4.583,voie3,0,
275,4.583,voie4,0,
275,4.583,voie5,0,
275,4.583,voie6,0,
276,4.600,voie1,0,
276,4.600,voie2,0,
276,4.600,voie3,0,
276,4.600,voie4,0,
276,4.600,voie5,0,
276,4.600,voie6,0,
277,4.617,voie1,0,
277,4.617,voie2,0,
277,4.617,voie3,0,
277,4.617,voie4,0,
277,4.617,voie5,0,
277,4.617,voie6,0,
278,4.633,voie1,0,
278,4.633,voie2,0,
278,4.633,voie3,0,
278,4.633,voie4,0,
278,4.633,voie5,0,
278,4.633,voie6,0,
279,4.650,voie1,0,
279,4.650,voie2,0,
279,4.650,voie3,0,
279,4.650,voie4,0,
279,4.650,voie5,0,
279,4.650,voie6,0,
280,4.667,voie1,0,
280,4.667,voie2,0,
280,4.667,voie3,0,
280,4.667,voie4,0,
280,4.667,voie5,0,
280,4.667,voie6,0,
281,4.683,voie1,0,
281,4.683,voie2,0,
281,4.683,voie3,0,
281,4.683,voie4,0,
281,4.683,voie5,0,
281,4.683,voie6,0,
282,4.700,voie1,0,
282,4.700,voie2,0,
282,4.700,voie3,0,
282,4.700,voie4,0,
282,4.700,voie5,0,
282,4.700,voie6,0,
283,4.717,voie1,0,
283,4.717,voie2,0,
283,4.717,voie3,0,
283,4.717,voie4,0,
283,4.717,voie5,0,
283,4.717,voie6,0,
284,4.733,voie1,0,
284,4.733,voie2,0,
284,4.733,voie3,0,
284,4.733,voie4,0,
284,4.733,voie5,0,
284,4.733,voie6,0,
285,4.750,voie1,0,
285,4.750,voie2,0,
285,4.750,voie3,0,
285,4.750,voie4,0,
285,4.750,voie5,0,
285,4.750,voie6,0,
286,4.767,voie1,0,
286,4.767,voie2,0,
286,4.767,voie3,0,
286,4.767,voie4,0,
286,4.767,voie5,0,
286,4.767,voie6,0,
287,4.783,voie1,0,
287,4.783,voie2,0,
287,4.783,voie3,0,
287,4.783,voie4,0,
287,4.783,voie5,0,
287,4.783,voie6,0,
288,4.800,voie1,0,
288,4.800,voie2,0,
288,4.800,voie3,0,
288,4.800,voie4,0,
288,4.800,voie5,0,
288,4.800,voie6,0,
289,4.817,voie1,0,
289,4.817,voie2,0,
289,4.817,voie3,0,
289,4.817,voie4,0,
289,4.817,voie5,0,
289,4.817,voie6,0,
290,4.833,voie1,0,
290,4.833,voie2,0,
290,4.833,voie3,0,
290,4.833,voie4,0,
290,4.833,voie5,0,
290,4.833,voie6,0,
291,4.850,voie1,0,
291,4.850,voie2,0,
291,4.850,voie3,0,
291,4.850,voie4,0,
291,4.850,voie5,0,
291,4.850,voie6,0,
292,4.867,voie1,0,
292,4.867,voie2,0,
292,4.867,voie3,0,
292,4.867,voie4,0,
292,4.867,voie5,0,
292,4.867,voie6,0,
293,4.883,voie1,0,
293,4.883,voie2,0,
293,4.883,voie3,0,
293,4.883,voie4,0,
293,4.883,voie5,0,
293,4.883,voie6,0,
294,4.900,voie1,0,
294,4.900,voie2,0,
294,4.900,voie3,0,
294,4.900,voie4,0,
294,4.900,voie5,0,
294,4.900,voie6,0,
295,4.917,voie1,0,
295,4.917,voie2,0,
295,4.917,voie3,0,
295,4.917,voie4,0,
295,4.917,voie5,0,
295,4.917,voie6,0,
296,4.933,voie1,0,
296,4.933,voie2,0,
296,4.933,voie3,0,
296,4.933,voie4,0,
296,4.933,voie5,0,
296,4.933,voie6,0,
297,4.950,voie1,0,
297,4.950,voie2,0,
297,4.950,voie3,0,
297,4.950,voie4,0,
297,4.950,voie5,0,
297,4.950,voie6,0,
298,4.967,voie1,0,
298,4.967,voie2,0,
298,4.967,voie3,0,
298,4.967,voie4,0,
298,4.967,voie5,0,
298,4.967,voie6,0,
299,4.983,voie1,0,
299,4.983,voie2,0,
299,4.983,voie3,0,
299,4.983,voie4,0,
299,4.983,voie5,0,
299,4.983,voie6,0,
300,5.000,voie1,0,
300,5.000,voie2,0,
300,5.000,voie3,0,
300,5.000,voie4,0,
300,5.000,voie5,0,
300,5.000,voie6,0,
301,5.017,voie1,0,
301,5.017,voie2,0,
301,5.017,voie3,0,
301,5.017,voie4,0,
301,5.017,voie5,0,
301,5.017,voie6,0,
302,5.033,voie1,0,
302,5.033,voie2,0,
302,5.033,voie3,0,
302,5.033,voie4,0,
302,5.033,voie5,0,
302,5.033,voie6,0,
303,5.050,voie1,0,
303,5.050,voie2,0,
303,5.050,voie3,0,
303,5.050,voie4,0,
303,5.050,voie5,0,
303,5.050,voie6,0,
304,5.067,voie1,0,
304,5.067,voie2,0,
304,5.067,voie3,0,
304,5.067,voie4,0,
304,5.067,voie5,0,
304,5.067,voie6,0,
305,5.083,voie1,0,
305,5.083,voie2,0,
305,5.083,voie3,0,
305,5.083,voie4,0,
305,5.083,voie5,0,
305,5.083,voie6,0,
306,5.100,voie1,0,
306,5.100,voie2,0,
306,5.100,voie3,0,
306,5.100,voie4,0,
306,5.100,voie5,0,
306,5.100,voie6,0,
307,5.117,voie1,0,
307,5.117,voie2,0,
307,5.117,voie3,0,
307,5.117,voie4,0,
307,5.117,voie5,0,
307,5.117,voie6,0,
308,5.133,voie1,0,
308,5.133,voie2,0,
308,5.133,voie3,0,
308,5.133,voie4,0,
308,5.133,voie5,0,
308,5.133,voie6,0,
309,5.150,voie1,0,
309,5.150,voie2,0,
309,5.150,voie3,0,
309,5.150,voie4,0,
309,5.150,voie5,0,
309,5.150,voie6,0,
310,5.167,voie1,0,
310,5.167,voie2,0,
310,5.167,voie3,0,
310,5.167,voie4,0,
310,5.167,voie5,0,
310,5.167,voie6,0,
311,5.183,voie1,0,
311,5.183,voie2,0,
311,5.183,voie3,0,
311,5.183,voie4,0,
311,5.183,voie5,0,
311,5.183,voie6,0,
312,5.200,voie1,0,
312,5.200,voie2,0,
312,5.200,voie3,0,
312,5.200,voie4,0,
312,5.200,voie5,0,
312,5.200,voie6,0,
313,5.217,voie1,0,
313,5.217,voie2,0,
313,5.217,voie3,0,
313,5.217,voie4,0,
313,5.217,voie5,0,
313,5.217,voie6,0,
314,5.233,voie1,0,
314,5.233,voie2,0,
314,5.233,voie3,0,
314,5.233,voie4,0,
314,5.233,voie5,0,
314,5.233,voie6,0,
315,5.250,voie1,0,
315,5.250,voie2,0,
315,5.250,voie3,0,
315,5.250,voie4,0,
315,5.250,voie5,0,
315,5.250,voie6,0,
316,5.267,voie1,0,
316,5.267,voie2,0,
316,5.267,voie3,0,
316,5.267,voie4,0,
316,5.267,voie5,0,
316,5.267,voie6,0,
317,5.283,voie1,0,
317,5.283,voie2,0,
317,5.283,voie3,0,
317,5.283,voie4,0,
317,5.283,voie5,0,
317,5.283,voie6,0,
318,5.300,voie1,0,
318,5.300,voie2,0,
318,5.300,voie3,0,
318,5.300,voie4,0,
318,5.300,voie5,0,
318,5.300,voie6,0,
319,5.317,voie1,0,
319,5.317,voie2,0,
319,5.317,voie3,0,
319,5.317,voie4,0,
319,5.317,voie5,0,
319,5.317,voie6,0,
320,5.333,voie1,0,
320,5.333,voie2,0,
320,5.333,voie3,0,
320,5.333,voie4,0,
320,5.333,voie5,0,
320,5.333,voie6,0,
321,5.350,voie1,0,
321,5.350,voie2,0,
321,5.350,voie3,0,
321,5.350,voie4,0,
321,5.350,voie5,0,
321,5.350,voie6,0,
322,5.367,voie1,0,
322,5.367,voie2,0,
322,5.367,voie3,0,
322,5.367,voie4,0,
322,5.367,voie5,0,
322,5.367,voie6,0,
323,5.383,voie1,0,
323,5.383,voie2,0,
323,5.383,voie3,0,
323,5.383,voie4,0,
323,5.383,voie5,0,
323,5.383,voie6,0,
324,5.400,voie1,0,
324,5.400,voie2,0,
324,5.400,voie3,0,
324,5.400,voie4,0,
324,5.400,voie5,0,
324,5.400,voie6,0,
325,5.417,voie1,0,
325,5.417,voie2,0,
325,5.417,voie3,0,
325,5.417,voie4,0,
325,5.417,voie5,0,
325,5.417,voie6,0,
326,5.433,voie1,0,
326,5.433,voie2,0,
326,5.433,voie3,0,
326,5.433,voie4,0,
326,5.433,voie5,0,
326,5.433,voie6,0,
327,5.450,voie1,0,
327,5.450,voie2,0,
327,5.450,voie3,0,
327,5.450,voie4,0,
327,5.450,voie5,0,
327,5.450,voie6,0,
328,5.467,voie1,0,
328,5.467,voie2,0,
328,5.467,voie3,0,
328,5.467,voie4,0,
328,5.467,voie5,0,
328,5.467,voie6,0,
329,5.483,voie1,0,
329,5.483,voie2,0,
329,5.483,voie3,0,
329,5.483,voie4,0,
329,5.483,voie5,0,
329,5.483,voie6,0,
330,5.500,voie1,0,
330,5.500,voie2,0,
330,5.500,voie3,0,
330,5.500,voie4,0,
330,5.500,voie5,0,
330,5.500,voie6,0,
331,5.517,voie1,0,
331,5.517,voie2,0,
331,5.517,voie3,0,
331,5.517,voie4,0,
331,5.517,voie5,0,
331,5.517,voie6,0,
332,5.533,voie1,0,
332,5.533,voie2,0,
332,5.533,voie3,0,
332,5.533,voie4,0,
332,5.533,voie5,0,
332,5.533,voie6,0,
333,5.550,voie1,0,
333,5.550,voie2,0,
333,5.550,voie3,0,
333,5.550,voie4,0,
333,5.550,voie5,0,
333,5.550,voie6,0,
334,5.567,voie1,0,
334,5.567,voie2,0,
334,5.567,voie3,0,
334,5.567,voie4,0,
334,5.567,voie5,0,
334,5.567,voie6,0,
335,5.583,voie1,0,
335,5.583,voie2,0,
335,5.583,voie3,0,
335,5.583,voie4,0,
335,5.583,voie5,0,
335,5.583,voie6,0,
336,5.600,voie1,0,
336,5.600,voie2,0,
336,5.600,voie3,0,
336,5.600,voie4,0,
336,5.600,voie5,0,
336,5.600,voie6,0,
337,5.617,voie1,0,
337,5.617,voie2,0,
337,5.617,voie3,0,
337,5.617,voie4,0,
337,5.617,voie5,0,
337,5.617,voie6,0,
338,5.633,voie1,0,
338,5.633,voie2,0,
338,5.633,voie3,0,
338,5.633,voie4,0,
338,5.633,voie5,0,
338,5.633,voie6,0,
339,5.650,voie1,0,
339,5.650,voie2,0,
339,5.650,voie3,0,
339,5.650,voie4,0,
339,5.650,voie5,0,
339,5.650,voie6,0,
340,5.667,voie1,0,
340,5.667,voie2,0,
340,5.667,voie3,0,
340,5.667,voie4,0,
340,5.667,voie5,0,
340,5.667,voie6,0,
341,5.683,voie1,0,
341,5.683,voie2,0,
341,5.683,voie3,0,
341,5.683,voie4,0,
341,5.683,voie5,0,
341,5.683,voie6,0,
342,5.700,voie1,0,
342,5.700,voie2,0,
342,5.700,voie3,0,
342,5.700,voie4,0,
342,5.700,voie5,0,
342,5.700,voie6,0,
343,5.717,voie1,0,
343,5.717,voie2,0,
343,5.717,voie3,0,
343,5.717,voie4,0,
343,5.717,voie5,0,
343,5.717,voie6,0,
344,5.733,voie1,0,
344,5.733,voie2,0,
344,5.733,voie3,0,
344,5.733,voie4,0,
344,5.733,voie5,0,
344,5.733,voie6,0,
345,5.750,voie1,0,
345,5.750,voie2,0,
345,5.750,voie3,0,
345,5.750,voie4,0,
345,5.750,voie5,0,
345,5.750,voie6,0,
346,5.767,voie1,0,
346,5.767,voie2,0,
346,5.767,voie3,0,
346,5.767,voie4,0,
346,5.767,voie5,0,
346,5.767,voie6,0,
347,5.783,voie1,0,
347,5.783,voie2,0,
347,5.783,voie3,0,
347,5.783,voie4,0,
347,5.783,voie5,0,
347,5.783,voie6,0,
348,5.800,voie1,0,
348,5.800,voie2,0,
348,5.800,voie3,0,
348,5.800,voie4,0,
348,5.800,voie5,0,
348,5.800,voie6,0,
349,5.817,voie1,0,
349,5.817,voie2,0,
349,5.817,voie3,0,
349,5.817,voie4,0,
349,5.817,voie5,0,
349,5.817,voie6,0,
350,5.833,voie1,0,
350,5.833,voie2,0,
350,5.833,voie3,0,
350,5.833,voie4,0,
350,5.833,voie5,0,
350,5.833,voie6,0,
351,5.850,voie1,0,
351,5.850,voie2,0,
351,5.850,voie3,0,
351,5.850,voie4,0,
351,5.850,voie5,0,
351,5.850,voie6,0,
352,5.867,voie1,0,
352,5.867,voie2,0,
352,5.867,voie3,0,
352,5.867,voie4,0,
352,5.867,voie5,0,
352,5.867,voie6,0,
353,5.883,voie1,0,
353,5.883,voie2,0,
353,5.883,voie3,0,
353,5.883,voie4,0,
353,5.883,voie5,0,
353,5.883,voie6,0,
354,5.900,voie1,0,
354,5.900,voie2,0,
354,5.900,voie3,0,
354,5.900,voie4,0,
354,5.900,voie5,0,
354,5.900,voie6,0,
355,5.917,voie1,0,
355,5.917,voie2,0,
355,5.917,voie3,0,
355,5.917,voie4,0,
355,5.917,voie5,0,
355,5.917,voie6,0,
356,5.933,voie1,0,
356,5.933,voie2,0,
356,5.933,voie3,0,
356,5.933,voie4,0,
356,5.933,voie5,0,
356,5.933,voie6,0,
357,5.950,voie1,0,
357,5.950,voie2,0,
357,5.950,voie3,0,
357,5.950,voie4,0,
357,5.950,voie5,0,
357,5.950,voie6,0,
358,5.967,voie1,0,
358,5.967,voie2,0,
358,5.967,voie3,0,
358,5.967,voie4,0,
358,5.967,voie5,0,
358,5.967,voie6,0,
359,5.983,voie1,0,
359,5.983,voie2,0,
359,5.983,voie3,0,
359,5.983,voie4,0,
359,5.983,voie5,0,
359,5.983,voie6,0,
360,6.000,voie1,0,
360,6.000,voie2,0,
360,6.000,voie3,0,
360,6.000,voie4,0,
360,6.000,voie5,0,
360,6.000,voie6,0,
361,6.017,voie1,0,
361,6.017,voie2,0,
361,6.017,voie3,0,
361,6.017,voie4,0,
361,6.017,voie5,0,
361,6.017,voie6,0,
362,6.033,voie1,0,
362,6.033,voie2,0,
362,6.033,voie3,0,
362,6.033,voie4,0,
362,6.033,voie5,0,
362,6.033,voie6,0,
363,6.050,voie1,0,
363,6.050,voie2,0,
363,6.050,voie3,0,
363,6.050,voie4,0,
363,6.050,voie5,0,
363,6.050,voie6,0,
364,6.067,voie1,0,
364,6.067,voie2,0,
364,6.067,voie3,0,
364,6.067,voie4,0,
364,6.067,voie5,0,
364,6.067,voie6,0,
365,6.083,voie1,0,
365,6.083,voie2,0,
365,6.083,voie3,0,
365,6.083,voie4,0,
365,6.083,voie5,0,
365,6.083,voie6,0,
366,6.100,voie1,0,
366,6.100,voie2,0,
366,6.100,voie3,0,
366,6.100,voie4,0,
366,6.100,voie5,0,
366,6.100,voie6,0,
367,6.117,voie1,0,
367,6.117,voie2,0,
367,6.117,voie3,0,
367,6.117,voie4,0,
367,6.117,voie5,0,
367,6.117,voie6,0,
368,6.133,voie1,0,
368,6.133,voie2,0,
368,6.133,voie3,0,
368,6.133,voie4,0,
368,6.133,voie5,0,
368,6.133,voie6,0,
369,6.150,voie1,0,
369,6.150,voie2,0,
369,6.150,voie3,0,
369,6.150,voie4,0,
369,6.150,voie5,0,
369,6.150,voie6,0,
370,6.167,voie1,0,
370,6.167,voie2,0,
370,6.167,voie3,0,
370,6.167,voie4,0,
370,6.167,voie5,0,
370,6.167,voie6,0,
371,6.183,voie1,0,
371,6.183,voie2,0,
371,6.183,voie3,0,
371,6.183,voie4,0,
371,6.183,voie5,0,
371,6.183,voie6,0,
372,6.200,voie1,0,
372,6.200,voie2,0,
372,6.200,voie3,0,
372,6.200,voie4,0,
372,6.200,voie5,0,
372,6.200,voie6,0,
373,6.217,voie1,0,
373,6.217,voie2,0,
373,6.217,voie3,0,
373,6.217,voie4,0,
373,6.217,voie5,0,
373,6.217,voie6,0,
374,6.233,voie1,0,
374,6.233,voie2,0,
374,6.233,voie3,0,
374,6.233,voie4,0,
374,6.233,voie5,0,
374,6.233,voie6,0,
375,6.250,voie1,0,
375,6.250,voie2,0,
375,6.250,voie3,0,
375,6.250,voie4,0,
375,6.250,voie5,0,
375,6.250,voie6,0,
376,6.267,voie1,0,
376,6.267,voie2,0,
376,6.267,voie3,0,
376,6.267,voie4,0,
376,6.267,voie5,0,
376,6.267,voie6,0,
377,6.283,voie1,0,
377,6.283,voie2,0,
377,6.283,voie3,0,
377,6.283,voie4,0,
377,6.283,voie5,0,
377,6.283,voie6,0,
378,6.300,voie1,0,
378,6.300,voie2,0,
378,6.300,voie3,0,
378,6.300,voie4,0,
378,6.300,voie5,0,
378,6.300,voie6,0,
379,6.317,voie1,0,
379,6.317,voie2,0,
379,6.317,voie3,0,
379,6.317,voie4,0,
379,6.317,voie5,0,
379,6.317,voie6,0,
380,6.333,voie1,0,
380,6.333,voie2,0,
380,6.333,voie3,0,
380,6.333,voie4,0,
380,6.333,voie5,0,
380,6.333,voie6,0,
381,6.350,voie1,0,
381,6.350,voie2,0,
381,6.350,voie3,0,
381,6.350,voie4,0,
381,6.350,voie5,0,
381,6.350,voie6,0,
382,6.367,voie1,0,
382,6.367,voie2,0,
382,6.367,voie3,0,
382,6.367,voie4,0,
382,6.367,voie5,0,
382,6.367,voie6,0,
383,6.383,voie1,0,
383,6.383,voie2,0,
383,6.383,voie3,0,
383,6.383,voie4,0,
383,6.383,voie5,0,
383,6.383,voie6,0,
384,6.400,voie1,0,
384,6.400,voie2,0,
384,6.400,voie3,0,
384,6.400,voie4,0,
384,6.400,voie5,0,
384,6.400,voie6,0,
385,6.417,voie1,0,
385,6.417,voie2,0,
385,6.417,voie3,0,
385,6.417,voie4,0,
385,6.417,voie5,0,
385,6.417,voie6,0,
386,6.433,voie1,0,
386,6.433,voie2,0,
386,6.433,voie3,0,
386,6.433,voie4,0,
386,6.433,voie5,0,
386,6.433,voie6,0,
387,6.450,voie1,0,
387,6.450,voie2,0,
387,6.450,voie3,0,
387,6.450,voie4,0,
387,6.450,voie5,0,
387,6.450,voie6,0,
388,6.467,voie1,0,
388,6.467,voie2,0,
388,6.467,voie3,0,
388,6.467,voie4,0,
388,6.467,voie5,0,
388,6.467,voie6,0,
389,6.483,voie1,0,
389,6.483,voie2,0,
389,6.483,voie3,0,
389,6.483,voie4,0,
389,6.483,voie5,0,
389,6.483,voie6,0,
390,6.500,voie1,0,
390,6.500,voie2,0,
390,6.500,voie3,0,
390,6.500,voie4,0,
390,6.500,voie5,0,
390,6.500,voie6,0,
391,6.517,voie1,0,
391,6.517,voie2,0,
391,6.517,voie3,0,
391,6.517,voie4,0,
391,6.517,voie5,0,
391,6.517,voie6,0,
392,6.533,voie1,0,
392,6.533,voie2,0,
392,6.533,voie3,0,
392,6.533,voie4,0,
392,6.533,voie5,0,
392,6.533,voie6,0,
393,6.550,voie1,0,
393,6.550,voie2,0,
393,6.550,voie3,0,
393,6.550,voie4,0,
393,6.550,voie5,0,
393,6.550,voie6,0,
394,6.567,voie1,0,
394,6.567,voie2,0,
394,6.567,voie3,0,
394,6.567,voie4,0,
394,6.567,voie5,0,
394,6.567,voie6,0,
395,6.583,voie1,0,
395,6.583,voie2,0,
395,6.583,voie3,0,
395,6.583,voie4,0,
395,6.583,voie5,0,
395,6.583,voie6,0,
396,6.600,voie1,0,
396,6.600,voie2,0,
396,6.600,voie3,0,
396,6.600,voie4,0,
396,6.600,voie5,0,
396,6.600,voie6,0,
397,6.617,voie1,0,
397,6.617,voie2,0,
397,6.617,voie3,0,
397,6.617,voie4,0,
397,6.617,voie5,0,
397,6.617,voie6,0,
398,6.633,voie1,0,
398,6.633,voie2,0,
398,6.633,voie3,0,
398,6.633,voie4,0,
398,6.633,voie5,0,
398,6.633,voie6,0,
399,6.650,voie1,0,
399,6.650,voie2,0,
399,6.650,voie3,0,
399,6.650,voie4,0,
399,6.650,voie5,0,
399,6.650,voie6,0,
400,6.667,voie1,0,
400,6.667,voie2,0,
400,6.667,voie3,0,
400,6.667,voie4,0,
400,6.667,voie5,0,
400,6.667,voie6,0,
401,6.683,voie1,0,
401,6.683,voie2,0,
401,6.683,voie3,0,
401,6.683,voie4,0,
401,6.683,voie5,0,
401,6.683,voie6,0,
402,6.700,voie1,0,
402,6.700,voie2,0,
402,6.700,voie3,0,
402,6.700,voie4,0,
402,6.700,voie5,0,
402,6.700,voie6,0,
403,6.717,voie1,0,
403,6.717,voie2,0,
403,6.717,voie3,0,
403,6.717,voie4,0,
403,6.717,voie5,0,
403,6.717,voie6,0,
404,6.733,voie1,0,
404,6.733,voie2,0,
404,6.733,voie3,0,
404,6.733,voie4,0,
404,6.733,voie5,0,
404,6.733,voie6,0,
405,6.750,voie1,0,
405,6.750,voie2,0,
405,6.750,voie3,0,
405,6.750,voie4,0,
405,6.750,voie5,0,
405,6.750,voie6,0,
406,6.767,voie1,0,
406,6.767,voie2,0,
406,6.767,voie3,0,
406,6.767,voie4,0,
406,6.767,voie5,0,
406,6.767,voie6,0,
407,6.783,voie1,0,
407,6.783,voie2,0,
407,6.783,voie3,0,
407,6.783,voie4,0,
407,6.783,voie5,0,
407,6.783,voie6,0,
408,6.800,voie1,0,
408,6.800,voie2,0,
408,6.800,voie3,0,
408,6.800,voie4,0,
408,6.800,voie5,0,
408,6.800,voie6,0,
409,6.817,voie1,0,
409,6.817,voie2,0,
409,6.817,voie3,0,
409,6.817,voie4,0,
409,6.817,voie5,0,
409,6.817,voie6,0,
410,6.833,voie1,0,
410,6.833,voie2,0,
410,6.833,voie3,0,
410,6.833,voie4,0,
410,6.833,voie5,0,
410,6.833,voie6,0,
411,6.850,voie1,0,
411,6.850,voie2,0,
411,6.850,voie3,0,
411,6.850,voie4,0,
411,6.850,voie5,0,
411,6.850,voie6,0,
412,6.867,voie1,0,
412,6.867,voie2,0,
412,6.867,voie3,0,
412,6.867,voie4,0,
412,6.867,voie5,0,
412,6.867,voie6,0,
413,6.883,voie1,0,
413,6.883,voie2,0,
413,6.883,voie3,0,
413,6.883,voie4,0,
413,6.883,voie5,0,
413,6.883,voie6,0,
414,6.900,voie1,0,
414,6.900,voie2,0,
414,6.900,voie3,0,
414,6.900,voie4,0,
414,6.900,voie5,0,
414,6.900,voie6,0,
415,6.917,voie1,0,
415,6.917,voie2,0,
415,6.917,voie3,0,
415,6.917,voie4,0,
415,6.917,voie5,0,
415,6.917,voie6,0,
416,6.933,voie1,0,
416,6.933,voie2,0,
416,6.933,voie3,0,
416,6.933,voie4,0,
416,6.933,voie5,0,
416,6.933,voie6,0,
417,6.950,voie1,0,
417,6.950,voie2,0,
417,6.950,voie3,0,
417,6.950,voie4,0,
417,6.950,voie5,0,
417,6.950,voie6,0,
418,6.967,voie1,0,
418,6.967,voie2,0,
418,6.967,voie3,0,
418,6.967,voie4,0,
418,6.967,voie5,0,
418,6.967,voie6,0,
419,6.983,voie1,0,
419,6.983,voie2,0,
419,6.983,voie3,0,
419,6.983,voie4,0,
419,6.983,voie5,0,
419,6.983,voie6,0,
420,7.000,voie1,0,
420,7.000,voie2,0,
420,7.000,voie3,0,
420,7.000,voie4,0,
420,7.000,voie5,0,
420,7.000,voie6,0,
421,7.017,voie1,0,
421,7.017,voie2,0,
421,7.017,voie3,0,
421,7.017,voie4,0,
421,7.017,voie5,0,
421,7.017,voie6,0,
422,7.033,voie1,0,
422,7.033,voie2,0,
422,7.033,voie3,0,
422,7.033,voie4,0,
422,7.033,voie5,0,
422,7.033,voie6,0,
423,7.050,voie1,0,
423,7.050,voie2,0,
423,7.050,voie3,0,
423,7.050,voie4,0,
423,7.050,voie5,0,
423,7.050,voie6,0,
424,7.067,voie1,0,
424,7.067,voie2,0,
424,7.067,voie3,0,
424,7.067,voie4,0,
424,7.067,voie5,0,
424,7.067,voie6,0,
425,7.083,voie1,0,
425,7.083,voie2,0,
425,7.083,voie3,0,
425,7.083,voie4,0,
425,7.083,voie5,0,
425,7.083,voie6,0,
426,7.100,voie1,0,
426,7.100,voie2,0,
426,7.100,voie3,0,
426,7.100,voie4,0,
426,7.100,voie5,0,
426,7.100,voie6,0,
427,7.117,voie1,0,
427,7.117,voie2,0,
427,7.117,voie3,0,
427,7.117,voie4,0,
427,7.117,voie5,0,
427,7.117,voie6,0,
428,7.133,voie1,0,
428,7.133,voie2,0,
428,7.133,voie3,0,
428,7.133,voie4,0,
428,7.133,voie5,0,
428,7.133,voie6,0,
429,7.150,voie1,0,
429,7.150,voie2,0,
429,7.150,voie3,0,
429,7.150,voie4,0,
429,7.150,voie5,0,
429,7.150,voie6,0,
430,7.167,voie1,0,
430,7.167,voie2,0,
430,7.167,voie3,0,
430,7.167,voie4,0,
430,7.167,voie5,0,
430,7.167,voie6,0,
431,7.183,voie1,0,
431,7.183,voie2,0,
431,7.183,voie3,0,
431,7.183,voie4,0,
431,7.183,voie5,0,
431,7.183,voie6,0,
432,7.200,voie1,0,
432,7.200,voie2,0,
432,7.200,voie3,0,
432,7.200,voie4,0,
432,7.200,voie5,0,
432,7.200,voie6,0,
433,7.217,voie1,0,
433,7.217,voie2,0,
433,7.217,voie3,0,
433,7.217,voie4,0,
433,7.217,voie5,0,
433,7.217,voie6,0,
434,7.233,voie1,0,
434,7.233,voie2,0,
434,7.233,voie3,0,
434,7.233,voie4,0,
434,7.233,voie5,0,
434,7.233,voie6,0,
435,7.250,voie1,0,
435,7.250,voie2,0,
435,7.250,voie3,0,
435,7.250,voie4,0,
435,7.250,voie5,0,
435,7.250,voie6,0,
436,7.267,voie1,0,
436,7.267,voie2,0,
436,7.267,voie3,0,
436,7.267,voie4,0,
436,7.267,voie5,0,
436,7.267,voie6,0,
437,7.283,voie1,0,
437,7.283,voie2,0,
437,7.283,voie3,0,
437,7.283,voie4,0,
437,7.283,voie5,0,
437,7.283,voie6,0,
438,7.300,voie1,0,
438,7.300,voie2,0,
438,7.300,voie3,0,
438,7.300,voie4,0,
438,7.300,voie5,0,
438,7.300,voie6,0,
439,7.317,voie1,0,
439,7.317,voie2,0,
439,7.317,voie3,0,
439,7.317,voie4,0,
439,7.317,voie5,0,
439,7.317,voie6,0,
440,7.333,voie1,0,
440,7.333,voie2,0,
440,7.333,voie3,0,
440,7.333,voie4,0,
440,7.333,voie5,0,
440,7.333,voie6,0,
441,7.350,voie1,0,
441,7.350,voie2,0,
441,7.350,voie3,0,
441,7.350,voie4,0,
441,7.350,voie5,0,
441,7.350,voie6,0,
442,7.367,voie1,0,
442,7.367,voie2,0,
442,7.367,voie3,0,
442,7.367,voie4,0,
442,7.367,voie5,0,
442,7.367,voie6,0,
443,7.383,voie1,0,
443,7.383,voie2,0,
443,7.383,voie3,0,
443,7.383,voie4,0,
443,7.383,voie5,0,
443,7.383,voie6,0,
444,7.400,voie1,0,
444,7.400,voie2,0,
444,7.400,voie3,0,
444,7.400,voie4,0,
444,7.400,voie5,0,
444,7.400,voie6,0,
445,7.417,voie1,0,
445,7.417,voie2,0,
445,7.417,voie3,0,
445,7.417,voie4,0,
445,7.417,voie5,0,
445,7.417,voie6,0,
446,7.433,voie1,0,
446,7.433,voie2,0,
446,7.433,voie3,0,
446,7.433,voie4,0,
446,7.433,voie5,0,
446,7.433,voie6,0,
447,7.450,voie1,0,
447,7.450,voie2,0,
447,7.450,voie3,0,
447,7.450,voie4,0,
447,7.450,voie5,0,
447,7.450,voie6,0,
448,7.467,voie1,0,
448,7.467,voie2,0,
448,7.467,voie3,0,
448,7.467,voie4,0,
448,7.467,voie5,0,
448,7.467,voie6,0,
449,7.483,voie1,0,
449,7.483,voie2,0,
449,7.483,voie3,0,
449,7.483,voie4,0,
449,7.483,voie5,0,
449,7.483,voie6,0,
450,7.500,voie1,0,
450,7.500,voie2,0,
450,7.500,voie3,0,
450,7.500,voie4,0,
450,7.500,voie5,0,
450,7.500,voie6,0,
451,7.517,voie1,0,
451,7.517,voie2,0,
451,7.517,voie3,0,
451,7.517,voie4,0,
451,7.517,voie5,0,
451,7.517,voie6,0,
452,7.533,voie1,0,
452,7.533,voie2,0,
452,7.533,voie3,0,
452,7.533,voie4,0,
452,7.533,voie5,0,
452,7.533,voie6,0,
453,7.550,voie1,0,
453,7.550,voie2,0,
453,7.550,voie3,0,
453,7.550,voie4,0,
453,7.550,voie5,0,
453,7.550,voie6,0,
454,7.567,voie1,0,
454,7.567,voie2,0,
454,7.567,voie3,0,
454,7.567,voie4,0,
454,7.567,voie5,0,
454,7.567,voie6,0,
455,7.583,voie1,0,
455,7.583,voie2,0,
455,7.583,voie3,0,
455,7.583,voie4,0,
455,7.583,voie5,0,
455,7.583,voie6,0,
456,7.600,voie1,0,
456,7.600,voie2,0,
456,7.600,voie3,0,
456,7.600,voie4,0,
456,7.600,voie5,0,
456,7.600,voie6,0,
457,7.617,voie1,0,
457,7.617,voie2,0,
457,7.617,voie3,0,
457,7.617,voie4,0,
457,7.617,voie5,0,
457,7.617,voie6,0,
458,7.633,voie1,0,
458,7.633,voie2,0,
458,7.633,voie3,0,
458,7.633,voie4,0,
458,7.633,voie5,0,
458,7.633,voie6,0,
459,7.650,voie1,0,
459,7.650,voie2,0,
459,7.650,voie3,0,
459,7.650,voie4,0,
459,7.650,voie5,0,
459,7.650,voie6,0,
460,7.667,voie1,0,
460,7.667,voie2,0,
460,7.667,voie3,0,
460,7.667,voie4,0,
460,7.667,voie5,0,
460,7.667,voie6,0,
461,7.683,voie1,0,
461,7.683,voie2,0,
461,7.683,voie3,0,
461,7.683,voie4,0,
461,7.683,voie5,0,
461,7.683,voie6,0,
462,7.700,voie1,0,
462,7.700,voie2,0,
462,7.700,voie3,0,
462,7.700,voie4,0,
462,7.700,voie5,0,
462,7.700,voie6,0,
463,7.717,voie1,0,
463,7.717,voie2,0,
463,7.717,voie3,0,
463,7.717,voie4,0,
463,7.717,voie5,0,
463,7.717,voie6,0,
464,7.733,voie1,0,
464,7.733,voie2,0,
464,7.733,voie3,0,
464,7.733,voie4,0,
464,7.733,voie5,0,
464,7.733,voie6,0,
465,7.750,voie1,0,
465,7.750,voie2,0,
465,7.750,voie3,0,
465,7.750,voie4,0,
465,7.750,voie5,0,
465,7.750,voie6,0,
466,7.767,voie1,0,
466,7.767,voie2,0,
466,7.767,voie3,0,
466,7.767,voie4,0,
466,7.767,voie5,0,
466,7.767,voie6,0,
467,7.783,voie1,0,
467,7.783,voie2,0,
467,7.783,voie3,0,
467,7.783,voie4,0,
467,7.783,voie5,0,
467,7.783,voie6,0,
468,7.800,voie1,0,
468,7.800,voie2,0,
468,7.800,voie3,0,
468,7.800,voie4,0,
468,7.800,voie5,0,
468,7.800,voie6,0,
469,7.817,voie1,0,
469,7.817,voie2,0,
469,7.817,voie3,0,
469,7.817,voie4,0,
469,7.817,voie5,0,
469,7.817,voie6,0,
470,7.833,voie1,0,
470,7.833,voie2,0,
470,7.833,voie3,0,
470,7.833,voie4,0,
470,7.833,voie5,0,
470,7.833,voie6,0,
471,7.850,voie1,0,
471,7.850,voie2,0,
471,7.850,voie3,0,
471,7.850,voie4,0,
471,7.850,voie5,0,
471,7.850,voie6,0,
472,7.867,voie1,0,
472,7.867,voie2,0,
472,7.867,voie3,0,
472,7.867,voie4,0,
472,7.867,voie5,0,
472,7.867,voie6,0,
473,7.883,voie1,0,
473,7.883,voie2,0,
473,7.883,voie3,0,
473,7.883,voie4,0,
473,7.883,voie5,0,
473,7.883,voie6,0,
474,7.900,voie1,0,
474,7.900,voie2,0,
474,7.900,voie3,0,
474,7.900,voie4,0,
474,7.900,voie5,0,
474,7.900,voie6,0,
475,7.917,voie1,0,
475,7.917,voie2,0,
475,7.917,voie3,0,
475,7.917,voie4,0,
475,7.917,voie5,0,
475,7.917,voie6,0,
476,7.933,voie1,0,
476,7.933,voie2,0,
476,7.933,voie3,0,
476,7.933,voie4,0,
476,7.933,voie5,0,
476,7.933,voie6,0,
477,7.950,voie1,0,
477,7.950,voie2,0,
477,7.950,voie3,0,
477,7.950,voie4,0,
477,7.950,voie5,0,
477,7.950,voie6,0,
478,7.967,voie1,0,
478,7.967,voie2,0,
478,7.967,voie3,0,
478,7.967,voie4,0,
478,7.967,voie5,0,
478,7.967,voie6,0,
479,7.983,voie1,0,
479,7.983,voie2,0,
479,7.983,voie3,0,
479,7.983,voie4,0,
479,7.983,voie5,0,
479,7.983,voie6,0,
480,8.000,voie1,0,
480,8.000,voie2,0,
480,8.000,voie3,0,
480,8.000,voie4,0,
480,8.000,voie5,0,
480,8.000,voie6,0,
481,8.017,voie1,0,
481,8.017,voie2,0,
481,8.017,voie3,0,
481,8.017,voie4,0,
481,8.017,voie5,0,
481,8.017,voie6,0,
482,8.033,voie1,0,
482,8.033,voie2,0,
482,8.033,voie3,0,
482,8.033,voie4,0,
482,8.033,voie5,0,
482,8.033,voie6,0,
483,8.050,voie1,0,
483,8.050,voie2,0,
483,8.050,voie3,0,
483,8.050,voie4,0,
483,8.050,voie5,0,
483,8.050,voie6,0,
484,8.067,voie1,0,
484,8.067,voie2,0,
484,8.067,voie3,0,
484,8.067,voie4,0,
484,8.067,voie5,0,
484,8.067,voie6,0,
485,8.083,voie1,0,
485,8.083,voie2,0,
485,8.083,voie3,0,
485,8.083,voie4,0,
485,8.083,voie5,0,
485,8.083,voie6,0,
486,8.100,voie1,0,
486,8.100,voie2,0,
486,8.100,voie3,0,
486,8.100,voie4,0,
486,8.100,voie5,0,
486,8.100,voie6,0,
487,8.117,voie1,0,
487,8.117,voie2,0,
487,8.117,voie3,0,
487,8.117,voie4,0,
487,8.117,voie5,0,
487,8.117,voie6,0,
488,8.133,voie1,0,
488,8.133,voie2,0,
488,8.133,voie3,0,
488,8.133,voie4,0,
488,8.133,voie5,0,
488,8.133,voie6,0,
489,8.150,voie1,0,
489,8.150,voie2,0,
489,8.150,voie3,0,
489,8.150,voie4,0,
489,8.150,voie5,0,
489,8.150,voie6,0,
490,8.167,voie1,0,
490,8.167,voie2,0,
490,8.167,voie3,0,
490,8.167,voie4,0,
490,8.167,voie5,0,
490,8.167,voie6,0,
491,8.183,voie1,0,
491,8.183,voie2,0,
491,8.183,voie3,0,
491,8.183,voie4,0,
491,8.183,voie5,0,
491,8.183,voie6,0,
492,8.200,voie1,0,
492,8.200,voie2,0,
492,8.200,voie3,0,
492,8.200,voie4,0,
492,8.200,voie5,0,
492,8.200,voie6,0,
493,8.217,voie1,0,
493,8.217,voie2,0,
493,8.217,voie3,0,
493,8.217,voie4,0,
493,8.217,voie5,0,
493,8.217,voie6,0,
494,8.233,voie1,0,
494,8.233,voie2,0,
494,8.233,voie3,0,
494,8.233,voie4,0,
494,8.233,voie5,0,
494,8.233,voie6,0,
495,8.250,voie1,0,
495,8.250,voie2,0,
495,8.250,voie3,0,
495,8.250,voie4,0,
495,8.250,voie5,0,
495,8.250,voie6,0,
496,8.267,voie1,0,
496,8.267,voie2,0,
496,8.267,voie3,0,
496,8.267,voie4,0,
496,8.267,voie5,0,
496,8.267,voie6,0,
497,8.283,voie1,0,
497,8.283,voie2,0,
497,8.283,voie3,0,
497,8.283,voie4,0,
497,8.283,voie5,0,
497,8.283,voie6,0,
498,8.300,voie1,0,
498,8.300,voie2,0,
498,8.300,voie3,0,
498,8.300,voie4,0,
498,8.300,voie5,0,
498,8.300,voie6,0,
499,8.317,voie1,0,
499,8.317,voie2,0,
499,8.317,voie3,0,
499,8.317,voie4,0,
499,8.317,voie5,0,
499,8.317,voie6,0,
500,8.333,voie1,0,
500,8.333,voie2,0,
500,8.333,voie3,0,
500,8.333,voie4,0,
500,8.333,voie5,0,
500,8.333,voie6,0,
501,8.350,voie1,0,
501,8.350,voie2,0,
501,8.350,voie3,0,
501,8.350,voie4,0,
501,8.350,voie5,0,
501,8.350,voie6,0,
502,8.367,voie1,0,
502,8.367,voie2,0,
502,8.367,voie3,0,
502,8.367,voie4,0,
502,8.367,voie5,0,
502,8.367,voie6,0,
503,8.383,voie1,0,
503,8.383,voie2,0,
503,8.383,voie3,0,
503,8.383,voie4,0,
503,8.383,voie5,0,
503,8.383,voie6,0,
504,8.400,voie1,0,
504,8.400,voie2,0,
504,8.400,voie3,0,
504,8.400,voie4,0,
504,8.400,voie5,0,
504,8.400,voie6,0,
505,8.417,voie1,0,
505,8.417,voie2,0,
505,8.417,voie3,0,
505,8.417,voie4,0,
505,8.417,voie5,0,
505,8.417,voie6,0,
506,8.433,voie1,0,
506,8.433,voie2,0,
506,8.433,voie3,0,
506,8.433,voie4,0,
506,8.433,voie5,0,
506,8.433,voie6,0,
507,8.450,voie1,0,
507,8.450,voie2,0,
507,8.450,voie3,0,
507,8.450,voie4,0,
507,8.450,voie5,0,
507,8.450,voie6,0,
508,8.467,voie1,0,
508,8.467,voie2,0,
508,8.467,voie3,0,
508,8.467,voie4,0,
508,8.467,voie5,0,
508,8.467,voie6,0,
509,8.483,voie1,0,
509,8.483,voie2,0,
509,8.483,voie3,0,
509,8.483,voie4,0,
509,8.483,voie5,0,
509,8.483,voie6,0,
510,8.500,voie1,0,
510,8.500,voie2,0,
510,8.500,voie3,0,
510,8.500,voie4,0,
510,8.500,voie5,0,
510,8.500,voie6,0,
511,8.517,voie1,0,
511,8.517,voie2,0,
511,8.517,voie3,0,
511,8.517,voie4,0,
511,8.517,voie5,0,
511,8.517,voie6,0,
512,8.533,voie1,0,
512,8.533,voie2,0,
512,8.533,voie3,0,
512,8.533,voie4,0,
512,8.533,voie5,0,
512,8.533,voie6,0,
513,8.550,voie1,0,
513,8.550,voie2,0,
513,8.550,voie3,0,
513,8.550,voie4,0,
513,8.550,voie5,0,
513,8.550,voie6,0,
514,8.567,voie1,0,
514,8.567,voie2,0,
514,8.567,voie3,0,
514,8.567,voie4,0,
514,8.567,voie5,0,
514,8.567,voie6,0,
515,8.583,voie1,0,
515,8.583,voie2,0,
515,8.583,voie3,0,
515,8.583,voie4,0,
515,8.583,voie5,0,
515,8.583,voie6,0,
516,8.600,voie1,0,
516,8.600,voie2,0,
516,8.600,voie3,0,
516,8.600,voie4,0,
516,8.600,voie5,0,
516,8.600,voie6,0,
517,8.617,voie1,0,
517,8.617,voie2,0,
517,8.617,voie3,0,
517,8.617,voie4,0,
517,8.617,voie5,0,
517,8.617,voie6,0,
518,8.633,voie1,0,
518,8.633,voie2,0,
518,8.633,voie3,0,
518,8.633,voie4,0,
518,8.633,voie5,0,
518,8.633,voie6,0,
519,8.650,voie1,0,
519,8.650,voie2,0,
519,8.650,voie3,0,
519,8.650,voie4,0,
519,8.650,voie5,0,
519,8.650,voie6,0,
520,8.667,voie1,0,
520,8.667,voie2,0,
520,8.667,voie3,0,
520,8.667,voie4,0,
520,8.667,voie5,0,
520,8.667,voie6,0,
521,8.683,voie1,0,
521,8.683,voie2,0,
521,8.683,voie3,0,
521,8.683,voie4,0,
521,8.683,voie5,0,
521,8.683,voie6,0,
522,8.700,voie1,0,
522,8.700,voie2,0,
522,8.700,voie3,0,
522,8.700,voie4,0,
522,8.700,voie5,0,
522,8.700,voie6,0,
523,8.717,voie1,0,
523,8.717,voie2,0,
523,8.717,voie3,0,
523,8.717,voie4,0,
523,8.717,voie5,0,
523,8.717,voie6,0,
524,8.733,voie1,0,
524,8.733,voie2,0,
524,8.733,voie3,0,
524,8.733,voie4,0,
524,8.733,voie5,0,
524,8.733,voie6,0,
525,8.750,voie1,0,
525,8.750,voie2,0,
525,8.750,voie3,0,
525,8.750,voie4,0,
525,8.750,voie5,0,
525,8.750,voie6,0,
526,8.767,voie1,0,
526,8.767,voie2,0,
526,8.767,voie3,0,
526,8.767,voie4,0,
526,8.767,voie5,0,
526,8.767,voie6,0,
527,8.783,voie1,0,
527,8.783,voie2,0,
527,8.783,voie3,0,
527,8.783,voie4,0,
527,8.783,voie5,0,
527,8.783,voie6,0,
528,8.800,voie1,0,
528,8.800,voie2,0,
528,8.800,voie3,0,
528,8.800,voie4,0,
528,8.800,voie5,0,
528,8.800,voie6,0,
529,8.817,voie1,0,
529,8.817,voie2,0,
529,8.817,voie3,0,
529,8.817,voie4,0,
529,8.817,voie5,0,
529,8.817,voie6,0,
530,8.833,voie1,0,
530,8.833,voie2,0,
530,8.833,voie3,0,
530,8.833,voie4,0,
530,8.833,voie5,0,
530,8.833,voie6,0,
531,8.850,voie1,0,
531,8.850,voie2,0,
531,8.850,voie3,0,
531,8.850,voie4,0,
531,8.850,voie5,0,
531,8.850,voie6,0,
532,8.867,voie1,0,
532,8.867,voie2,0,
532,8.867,voie3,0,
532,8.867,voie4,0,
532,8.867,voie5,0,
532,8.867,voie6,0,
533,8.883,voie1,0,
533,8.883,voie2,0,
533,8.883,voie3,0,
533,8.883,voie4,0,
533,8.883,voie5,0,
533,8.883,voie6,0,
534,8.900,voie1,0,
534,8.900,voie2,0,
534,8.900,voie3,0,
534,8.900,voie4,0,
534,8.900,voie5,0,
534,8.900,voie6,0,
535,8.917,voie1,0,
535,8.917,voie2,0,
535,8.917,voie3,0,
535,8.917,voie4,0,
535,8.917,voie5,0,
535,8.917,voie6,0,
536,8.933,voie1,0,
536,8.933,voie2,0,
536,8.933,voie3,0,
536,8.933,voie4,0,
536,8.933,voie5,0,
536,8.933,voie6,0,
537,8.950,voie1,0,
537,8.950,voie2,0,
537,8.950,voie3,0,
537,8.950,voie4,0,
537,8.950,voie5,0,
537,8.950,voie6,0,
538,8.967,voie1,0,
538,8.967,voie2,0,
538,8.967,voie3,0,
538,8.967,voie4,0,
538,8.967,voie5,0,
538,8.967,voie6,0,
539,8.983,voie1,0,
539,8.983,voie2,0,
539,8.983,voie3,0,
539,8.983,voie4,0,
539,8.983,voie5,0,
539,8.983,voie6,0,
540,9.000,voie1,0,
540,9.000,voie2,0,
540,9.000,voie3,0,
540,9.000,voie4,0,
540,9.000,voie5,0,
540,9.000,voie6,0,
541,9.017,voie1,0,
541,9.017,voie2,0,
541,9.017,voie3,0,
541,9.017,voie4,0,
541,9.017,voie5,0,
541,9.017,voie6,0,
542,9.033,voie1,0,
542,9.033,voie2,0,
542,9.033,voie3,0,
542,9.033,voie4,0,
542,9.033,voie5,0,
542,9.033,voie6,0,
543,9.050,voie1,0,
543,9.050,voie2,0,
543,9.050,voie3,0,
543,9.050,voie4,0,
543,9.050,voie5,0,
543,9.050,voie6,0,
544,9.067,voie1,0,
544,9.067,voie2,0,
544,9.067,voie3,0,
544,9.067,voie4,0,
544,9.067,voie5,0,
544,9.067,voie6,0,
545,9.083,voie1,0,
545,9.083,voie2,0,
545,9.083,voie3,0,
545,9.083,voie4,0,
545,9.083,voie5,0,
545,9.083,voie6,0,
546,9.100,voie1,0,
546,9.100,voie2,0,
546,9.100,voie3,0,
546,9.100,voie4,0,
546,9.100,voie5,0,
546,9.100,voie6,0,
547,9.117,voie1,0,
547,9.117,voie2,0,
547,9.117,voie3,0,
547,9.117,voie4,0,
547,9.117,voie5,0,
547,9.117,voie6,0,
548,9.133,voie1,0,
548,9.133,voie2,0,
548,9.133,voie3,0,
548,9.133,voie4,0,
548,9.133,voie5,0,
548,9.133,voie6,0,
549,9.150,voie1,0,
549,9.150,voie2,0,
549,9.150,voie3,0,
549,9.150,voie4,0,
549,9.150,voie5,0,
549,9.150,voie6,0,
550,9.167,voie1,0,
550,9.167,voie2,0,
550,9.167,voie3,0,
550,9.167,voie4,0,
550,9.167,voie5,0,
550,9.167,voie6,0,
551,9.183,voie1,0,
551,9.183,voie2,0,
551,9.183,voie3,0,
551,9.183,voie4,0,
551,9.183,voie5,0,
551,9.183,voie6,0,
552,9.200,voie1,0,
552,9.200,voie2,0,
552,9.200,voie3,0,
552,9.200,voie4,0,
552,9.200,voie5,0,
552,9.200,voie6,0,
553,9.217,voie1,0,
553,9.217,voie2,0,
553,9.217,voie3,0,
553,9.217,voie4,0,
553,9.217,voie5,0,
553,9.217,voie6,0,
554,9.233,voie1,0,
554,9.233,voie2,0,
554,9.233,voie3,0,
554,9.233,voie4,0,
554,9.233,voie5,0,
554,9.233,voie6,0,
555,9.250,voie1,0,
555,9.250,voie2,0,
555,9.250,voie3,0,
555,9.250,voie4,0,
555,9.250,voie5,0,
555,9.250,voie6,0,
556,9.267,voie1,0,
556,9.267,voie2,0,
556,9.267,voie3,0,
556,9.267,voie4,0,
556,9.267,voie5,0,
556,9.267,voie6,0,
557,9.283,voie1,0,
557,9.283,voie2,0,
557,9.283,voie3,0,
557,9.283,voie4,0,
557,9.283,voie5,0,
557,9.283,voie6,0,
558,9.300,voie1,0,
558,9.300,voie2,0,
558,9.300,voie3,0,
558,9.300,voie4,0,
558,9.300,voie5,0,
558,9.300,voie6,0,
559,9.317,voie1,0,
559,9.317,voie2,0,
559,9.317,voie3,0,
559,9.317,voie4,0,
559,9.317,voie5,0,
559,9.317,voie6,0,
560,9.333,voie1,0,
560,9.333,voie2,0,
560,9.333,voie3,0,
560,9.333,voie4,0,
560,9.333,voie5,0,
560,9.333,voie6,0,
561,9.350,voie1,0,
561,9.350,voie2,0,
561,9.350,voie3,0,
561,9.350,voie4,0,
561,9.350,voie5,0,
561,9.350,voie6,0,
562,9.367,voie1,0,
562,9.367,voie2,0,
562,9.367,voie3,0,
562,9.367,voie4,0,
562,9.367,voie5,0,
562,9.367,voie6,0,
563,9.383,voie1,0,
563,9.383,voie2,0,
563,9.383,voie3,0,
563,9.383,voie4,0,
563,9.383,voie5,0,
563,9.383,voie6,0,
564,9.400,voie1,0,
564,9.400,voie2,0,
564,9.400,voie3,0,
564,9.400,voie4,0,
564,9.400,voie5,0,
564,9.400,voie6,0,
565,9.417,voie1,0,
565,9.417,voie2,0,
565,9.417,voie3,0,
565,9.417,voie4,0,
565,9.417,voie5,0,
565,9.417,voie6,0,
566,9.433,voie1,0,
566,9.433,voie2,0,
566,9.433,voie3,0,
566,9.433,voie4,0,
566,9.433,voie5,0,
566,9.433,voie6,0,
567,9.450,voie1,0,
567,9.450,voie2,0,
567,9.450,voie3,0,
567,9.450,voie4,0,
567,9.450,voie5,0,
567,9.450,voie6,0,
568,9.467,voie1,0,
568,9.467,voie2,0,
568,9.467,voie3,0,
568,9.467,voie4,0,
568,9.467,voie5,0,
568,9.467,voie6,0,
569,9.483,voie1,0,
569,9.483,voie2,0,
569,9.483,voie3,0,
569,9.483,voie4,0,
569,9.483,voie5,0,
569,9.483,voie6,0,
570,9.500,voie1,0,
570,9.500,voie2,0,
570,9.500,voie3,0,
570,9.500,voie4,0,
570,9.500,voie5,0,
570,9.500,voie6,0,
571,9.517,voie1,0,
571,9.517,voie2,0,
571,9.517,voie3,0,
571,9.517,voie4,0,
571,9.517,voie5,0,
571,9.517,voie6,0,
572,9.533,voie1,0,
572,9.533,voie2,0,
572,9.533,voie3,0,
572,9.533,voie4,0,
572,9.533,voie5,0,
572,9.533,voie6,0,
573,9.550,voie1,0,
573,9.550,voie2,0,
573,9.550,voie3,0,
573,9.550,voie4,0,
573,9.550,voie5,0,
573,9.550,voie6,0,
574,9.567,voie1,0,
574,9.567,voie2,0,
574,9.567,voie3,0,
574,9.567,voie4,0,
574,9.567,voie5,0,
574,9.567,voie6,0,
575,9.583,voie1,0,
575,9.583,voie2,0,
575,9.583,voie3,0,
575,9.583,voie4,0,
575,9.583,voie5,0,
575,9.583,voie6,0,
576,9.600,voie1,0,
576,9.600,voie2,0,
576,9.600,voie3,0,
576,9.600,voie4,0,
576,9.600,voie5,0,
576,9.600,voie6,0,
577,9.617,voie1,0,
577,9.617,voie2,0,
577,9.617,voie3,0,
577,9.617,voie4,0,
577,9.617,voie5,0,
577,9.617,voie6,0,
578,9.633,voie1,0,
578,9.633,voie2,0,
578,9.633,voie3,0,
578,9.633,voie4,0,
578,9.633,voie5,0,
578,9.633,voie6,0,
579,9.650,voie1,0,
579,9.650,voie2,0,
579,9.650,voie3,0,
579,9.650,voie4,0,
579,9.650,voie5,0,
579,9.650,voie6,0,
580,9.667,voie1,0,
580,9.667,voie2,0,
580,9.667,voie3,0,
580,9.667,voie4,0,
580,9.667,voie5,0,
580,9.667,voie6,0,
581,9.683,voie1,0,
581,9.683,voie2,0,
581,9.683,voie3,0,
581,9.683,voie4,0,
581,9.683,voie5,0,
581,9.683,voie6,0,
582,9.700,voie1,0,
582,9.700,voie2,0,
582,9.700,voie3,0,
582,9.700,voie4,0,
582,9.700,voie5,0,
582,9.700,voie6,0,
583,9.717,voie1,0,
583,9.717,voie2,0,
583,9.717,voie3,0,
583,9.717,voie4,0,
583,9.717,voie5,0,
583,9.717,voie6,0,
584,9.733,voie1,0,
584,9.733,voie2,0,
584,9.733,voie3,0,
584,9.733,voie4,0,
584,9.733,voie5,0,
584,9.733,voie6,0,
585,9.750,voie1,0,
585,9.750,voie2,0,
585,9.750,voie3,0,
585,9.750,voie4,0,
585,9.750,voie5,0,
585,9.750,voie6,0,
586,9.767,voie1,0,
586,9.767,voie2,0,
586,9.767,voie3,0,
586,9.767,voie4,0,
586,9.767,voie5,0,
586,9.767,voie6,0,
587,9.783,voie1,0,
587,9.783,voie2,0,
587,9.783,voie3,0,
587,9.783,voie4,0,
587,9.783,voie5,0,
587,9.783,voie6,0,
588,9.800,voie1,0,
588,9.800,voie2,0,
588,9.800,voie3,0,
588,9.800,voie4,0,
588,9.800,voie5,0,
588,9.800,voie6,0,
589,9.817,voie1,0,
589,9.817,voie2,0,
589,9.817,voie3,0,
589,9.817,voie4,0,
589,9.817,voie5,0,
589,9.817,voie6,0,
590,9.833,voie1,0,
590,9.833,voie2,0,
590,9.833,voie3,0,
590,9.833,voie4,0,
590,9.833,voie5,0,
590,9.833,voie6,0,
591,9.850,voie1,0,
591,9.850,voie2,0,
591,9.850,voie3,0,
591,9.850,voie4,0,
591,9.850,voie5,0,
591,9.850,voie6,0,
592,9.867,voie1,0,
592,9.867,voie2,0,
592,9.867,voie3,0,
592,9.867,voie4,0,
592,9.867,voie5,0,
592,9.867,voie6,0,
593,9.883,voie1,0,
593,9.883,voie2,0,
593,9.883,voie3,0,
593,9.883,voie4,0,
593,9.883,voie5,0,
593,9.883,voie6,0,
594,9.900,voie1,0,
594,9.900,voie2,0,
594,9.900,voie3,0,
594,9.900,voie4,0,
594,9.900,voie5,0,
594,9.900,voie6,0,
595,9.917,voie1,0,
595,9.917,voie2,0,
595,9.917,voie3,0,
595,9.917,voie4,0,
595,9.917,voie5,0,
595,9.917,voie6,0,
596,9.933,voie1,0,
596,9.933,voie2,0,
596,9.933,voie3,0,
596,9.933,voie4,0,
596,9.933,voie5,0,
596,9.933,voie6,0,
597,9.950,voie1,0,
597,9.950,voie2,0,
597,9.950,voie3,0,
597,9.950,voie4,0,
597,9.950,voie5,0,
597,9.950,voie6,0,
598,9.967,voie1,0,
598,9.967,voie2,0,
598,9.967,voie3,0,
598,9.967,voie4,0,
598,9.967,voie5,0,
598,9.967,voie6,0,
599,9.983,voie1,0,
599,9.983,voie2,0,
599,9.983,voie3,0,
599,9.983,voie4,0,
599,9.983,voie5,0,
599,9.983,voie6,0,
600,10.000,voie1,0,
600,10.000,voie2,0,
600,10.000,voie3,0,
600,10.000,voie4,0,
600,10.000,voie5,0,
600,10.000,voie6,0,
601,10.017,voie1,0,
601,10.017,voie2,0,
601,10.017,voie3,0,
601,10.017,voie4,0,
601,10.017,voie5,0,
601,10.017,voie6,0,
602,10.033,voie1,0,
602,10.033,voie2,0,
602,10.033,voie3,0,
602,10.033,voie4,0,
602,10.033,voie5,0,
602,10.033,voie6,0,
603,10.050,voie1,0,
603,10.050,voie2,0,
603,10.050,voie3,0,
603,10.050,voie4,0,
603,10.050,voie5,0,
603,10.050,voie6,0,
604,10.067,voie1,0,
604,10.067,voie2,0,
604,10.067,voie3,0,
604,10.067,voie4,0,
604,10.067,voie5,0,
604,10.067,voie6,0,
605,10.083,voie1,0,
605,10.083,voie2,0,
605,10.083,voie3,0,
605,10.083,voie4,0,
605,10.083,voie5,0,
605,10.083,voie6,0,
606,10.100,voie1,0,
606,10.100,voie2,0,
606,10.100,voie3,0,
606,10.100,voie4,0,
606,10.100,voie5,0,
606,10.100,voie6,0,
607,10.117,voie1,0,
607,10.117,voie2,0,
607,10.117,voie3,0,
607,10.117,voie4,0,
607,10.117,voie5,0,
607,10.117,voie6,0,
608,10.133,voie1,0,
608,10.133,voie2,0,
608,10.133,voie3,0,
608,10.133,voie4,0,
608,10.133,voie5,0,
608,10.133,voie6,0,
609,10.150,voie1,0,
609,10.150,voie2,0,
609,10.150,voie3,0,
609,10.150,voie4,0,
609,10.150,voie5,0,
609,10.150,voie6,0,
610,10.167,voie1,0,
610,10.167,voie2,0,
610,10.167,voie3,0,
610,10.167,voie4,0,
610,10.167,voie5,0,
610,10.167,voie6,0,
611,10.183,voie1,0,
611,10.183,voie2,0,
611,10.183,voie3,0,
611,10.183,voie4,0,
611,10.183,voie5,0,
611,10.183,voie6,0,
612,10.200,voie1,0,
612,10.200,voie2,0,
612,10.200,voie3,0,
612,10.200,voie4,0,
612,10.200,voie5,0,
612,10.200,voie6,0,
613,10.217,voie1,0,
613,10.217,voie2,0,
613,10.217,voie3,0,
613,10.217,voie4,0,
613,10.217,voie5,0,
613,10.217,voie6,0,
614,10.233,voie1,0,
614,10.233,voie2,0,
614,10.233,voie3,0,
614,10.233,voie4,0,
614,10.233,voie5,0,
614,10.233,voie6,0,
615,10.250,voie1,0,
615,10.250,voie2,0,
615,10.250,voie3,0,
615,10.250,voie4,0,
615,10.250,voie5,0,
615,10.250,voie6,0,
616,10.267,voie1,0,
616,10.267,voie2,0,
616,10.267,voie3,0,
616,10.267,voie4,0,
616,10.267,voie5,0,
616,10.267,voie6,0,
617,10.283,voie1,0,
617,10.283,voie2,0,
617,10.283,voie3,0,
617,10.283,voie4,0,
617,10.283,voie5,0,
617,10.283,voie6,0,
618,10.300,voie1,0,
618,10.300,voie2,0,
618,10.300,voie3,0,
618,10.300,voie4,0,
618,10.300,voie5,0,
618,10.300,voie6,0,
619,10.317,voie1,0,
619,10.317,voie2,0,
619,10.317,voie3,0,
619,10.317,voie4,0,
619,10.317,voie5,0,
619,10.317,voie6,0,
620,10.333,voie1,0,
620,10.333,voie2,0,
620,10.333,voie3,0,
620,10.333,voie4,0,
620,10.333,voie5,0,
620,10.333,voie6,0,
621,10.350,voie1,0,
621,10.350,voie2,0,
621,10.350,voie3,0,
621,10.350,voie4,0,
621,10.350,voie5,0,
621,10.350,voie6,0,
622,10.367,voie1,0,
622,10.367,voie2,0,
622,10.367,voie3,0,
622,10.367,voie4,0,
622,10.367,voie5,0,
622,10.367,voie6,0,
623,10.383,voie1,0,
623,10.383,voie2,0,
623,10.383,voie3,0,
623,10.383,voie4,0,
623,10.383,voie5,0,
623,10.383,voie6,0,
624,10.400,voie1,0,
624,10.400,voie2,0,
624,10.400,voie3,0,
624,10.400,voie4,0,
624,10.400,voie5,0,
624,10.400,voie6,0,
625,10.417,voie1,0,
625,10.417,voie2,0,
625,10.417,voie3,0,
625,10.417,voie4,0,
625,10.417,voie5,0,
625,10.417,voie6,0,
626,10.433,voie1,0,
626,10.433,voie2,0,
626,10.433,voie3,0,
626,10.433,voie4,0,
626,10.433,voie5,0,
626,10.433,voie6,0,
627,10.450,voie1,0,
627,10.450,voie2,0,
627,10.450,voie3,0,
627,10.450,voie4,0,
627,10.450,voie5,0,
627,10.450,voie6,0,
628,10.467,voie1,0,
628,10.467,voie2,0,
628,10.467,voie3,0,
628,10.467,voie4,0,
628,10.467,voie5,0,
628,10.467,voie6,0,
629,10.483,voie1,0,
629,10.483,voie2,0,
629,10.483,voie3,0,
629,10.483,voie4,0,
629,10.483,voie5,0,
629,10.483,voie6,0,
630,10.500,voie1,0,
630,10.500,voie2,0,
630,10.500,voie3,0,
630,10.500,voie4,0,
630,10.500,voie5,0,
630,10.500,voie6,0,
631,10.517,voie1,0,
631,10.517,voie2,0,
631,10.517,voie3,0,
631,10.517,voie4,0,
631,10.517,voie5,0,
631,10.517,voie6,0,
632,10.533,voie1,0,
632,10.533,voie2,0,
632,10.533,voie3,0,
632,10.533,voie4,0,
632,10.533,voie5,0,
632,10.533,voie6,0,
633,10.550,voie1,0,
633,10.550,voie2,0,
633,10.550,voie3,0,
633,10.550,voie4,0,
633,10.550,voie5,0,
633,10.550,voie6,0,
634,10.567,voie1,0,
634,10.567,voie2,0,
634,10.567,voie3,0,
634,10.567,voie4,0,
634,10.567,voie5,0,
634,10.567,voie6,0,
635,10.583,voie1,0,
635,10.583,voie2,0,
635,10.583,voie3,0,
635,10.583,voie4,0,
635,10.583,voie5,0,
635,10.583,voie6,0,
636,10.600,voie1,0,
636,10.600,voie2,0,
636,10.600,voie3,0,
636,10.600,voie4,0,
636,10.600,voie5,0,
636,10.600,voie6,0,
637,10.617,voie1,0,
637,10.617,voie2,0,
637,10.617,voie3,0,
637,10.617,voie4,0,
637,10.617,voie5,0,
637,10.617,voie6,0,
638,10.633,voie1,0,
638,10.633,voie2,0,
638,10.633,voie3,0,
638,10.633,voie4,0,
638,10.633,voie5,0,
638,10.633,voie6,0,
639,10.650,voie1,0,
639,10.650,voie2,0,
639,10.650,voie3,0,
639,10.650,voie4,0,
639,10.650,voie5,0,
639,10.650,voie6,0,
640,10.667,voie1,0,
640,10.667,voie2,0,
640,10.667,voie3,0,
640,10.667,voie4,0,
640,10.667,voie5,0,
640,10.667,voie6,0,
641,10.683,voie1,0,
641,10.683,voie2,0,
641,10.683,voie3,0,
641,10.683,voie4,0,
641,10.683,voie5,0,
641,10.683,voie6,0,
642,10.700,voie1,0,
642,10.700,voie2,0,
642,10.700,voie3,0,
642,10.700,voie4,0,
642,10.700,voie5,0,
642,10.700,voie6,0,
643,10.717,voie1,0,
643,10.717,voie2,0,
643,10.717,voie3,0,
643,10.717,voie4,0,
643,10.717,voie5,0,
643,10.717,voie6,0,
644,10.733,voie1,0,
644,10.733,voie2,0,
644,10.733,voie3,0,
644,10.733,voie4,0,
644,10.733,voie5,0,
644,10.733,voie6,0,
645,10.750,voie1,0,
645,10.750,voie2,0,
645,10.750,voie3,0,
645,10.750,voie4,0,
645,10.750,voie5,0,
645,10.750,voie6,0,
646,10.767,voie1,0,
646,10.767,voie2,0,
646,10.767,voie3,0,
646,10.767,voie4,0,
646,10.767,voie5,0,
646,10.767,voie6,0,
647,10.783,voie1,0,
647,10.783,voie2,0,
647,10.783,voie3,0,
647,10.783,voie4,0,
647,10.783,voie5,0,
647,10.783,voie6,0,
648,10.800,voie1,0,
648,10.800,voie2,0,
648,10.800,voie3,0,
648,10.800,voie4,0,
648,10.800,voie5,0,
648,10.800,voie6,0,
649,10.817,voie1,0,
649,10.817,voie2,0,
649,10.817,voie3,0,
649,10.817,voie4,0,
649,10.817,voie5,0,
649,10.817,voie6,0,
650,10.833,voie1,0,
650,10.833,voie2,0,
650,10.833,voie3,0,
650,10.833,voie4,0,
650,10.833,voie5,0,
650,10.833,voie6,0,
651,10.850,voie1,0,
651,10.850,voie2,0,
651,10.850,voie3,0,
651,10.850,voie4,0,
651,10.850,voie5,0,
651,10.850,voie6,0,
652,10.867,voie1,0,
652,10.867,voie2,0,
652,10.867,voie3,0,
652,10.867,voie4,0,
652,10.867,voie5,0,
652,10.867,voie6,0,
653,10.883,voie1,0,
653,10.883,voie2,0,
653,10.883,voie3,0,
653,10.883,voie4,0,
653,10.883,voie5,0,
653,10.883,voie6,0,
654,10.900,voie1,0,
654,10.900,voie2,0,
654,10.900,voie3,0,
654,10.900,voie4,0,
654,10.900,voie5,0,
654,10.900,voie6,0,
655,10.917,voie1,0,
655,10.917,voie2,0,
655,10.917,voie3,0,
655,10.917,voie4,0,
655,10.917,voie5,0,
655,10.917,voie6,0,
656,10.933,voie1,0,
656,10.933,voie2,0,
656,10.933,voie3,0,
656,10.933,voie4,0,
656,10.933,voie5,0,
656,10.933,voie6,0,
657,10.950,voie1,0,
657,10.950,voie2,0,
657,10.950,voie3,0,
657,10.950,voie4,0,
657,10.950,voie5,0,
657,10.950,voie6,0,
658,10.967,voie1,0,
658,10.967,voie2,0,
658,10.967,voie3,0,
658,10.967,voie4,0,
658,10.967,voie5,0,
658,10.967,voie6,0,
659,10.983,voie1,0,
659,10.983,voie2,0,
659,10.983,voie3,0,
659,10.983,voie4,0,
659,10.983,voie5,0,
659,10.983,voie6,0,
660,11.000,voie1,0,
660,11.000,voie2,0,
660,11.000,voie3,0,
660,11.000,voie4,0,
660,11.000,voie5,0,
660,11.000,voie6,0,
661,11.017,voie1,0,
661,11.017,voie2,0,
661,11.017,voie3,0,
661,11.017,voie4,0,
661,11.017,voie5,0,
661,11.017,voie6,0,
662,11.033,voie1,0,
662,11.033,voie2,0,
662,11.033,voie3,0,
662,11.033,voie4,0,
662,11.033,voie5,0,
662,11.033,voie6,0,
663,11.050,voie1,0,
663,11.050,voie2,0,
663,11.050,voie3,0,
663,11.050,voie4,0,
663,11.050,voie5,0,
663,11.050,voie6,0,
664,11.067,voie1,0,
664,11.067,voie2,0,
664,11.067,voie3,0,
664,11.067,voie4,0,
664,11.067,voie5,0,
664,11.067,voie6,0,
665,11.083,voie1,0,
665,11.083,voie2,0,
665,11.083,voie3,0,
665,11.083,voie4,0,
665,11.083,voie5,0,
665,11.083,voie6,0,
666,11.100,voie1,0,
666,11.100,voie2,0,
666,11.100,voie3,0,
666,11.100,voie4,0,
666,11.100,voie5,0,
666,11.100,voie6,0,
667,11.117,voie1,0,
667,11.117,voie2,0,
667,11.117,voie3,0,
667,11.117,voie4,0,
667,11.117,voie5,0,
667,11.117,voie6,0,
668,11.133,voie1,0,
668,11.133,voie2,0,
668,11.133,voie3,0,
668,11.133,voie4,0,
668,11.133,voie5,0,
668,11.133,voie6,0,
669,11.150,voie1,0,
669,11.150,voie2,0,
669,11.150,voie3,0,
669,11.150,voie4,0,
669,11.150,voie5,0,
669,11.150,voie6,0,
670,11.167,voie1,0,
670,11.167,voie2,0,
670,11.167,voie3,0,
670,11.167,voie4,0,
670,11.167,voie5,0,
670,11.167,voie6,0,
671,11.183,voie1,0,
671,11.183,voie2,0,
671,11.183,voie3,0,
671,11.183,voie4,0,
671,11.183,voie5,0,
671,11.183,voie6,0,
672,11.200,voie1,0,
672,11.200,voie2,0,
672,11.200,voie3,0,
672,11.200,voie4,0,
672,11.200,voie5,0,
672,11.200,voie6,0,
673,11.217,voie1,0,
673,11.217,voie2,0,
673,11.217,voie3,0,
673,11.217,voie4,0,
673,11.217,voie5,0,
673,11.217,voie6,0,
674,11.233,voie1,0,
674,11.233,voie2,0,
674,11.233,voie3,0,
674,11.233,voie4,0,
674,11.233,voie5,0,
674,11.233,voie6,0,
675,11.250,voie1,0,
675,11.250,voie2,0,
675,11.250,voie3,0,
675,11.250,voie4,0,
675,11.250,voie5,0,
675,11.250,voie6,0,
676,11.267,voie1,0,
676,11.267,voie2,0,
676,11.267,voie3,0,
676,11.267,voie4,0,
676,11.267,voie5,0,
676,11.267,voie6,0,
677,11.283,voie1,0,
677,11.283,voie2,0,
677,11.283,voie3,0,
677,11.283,voie4,0,
677,11.283,voie5,0,
677,11.283,voie6,0,
678,11.300,voie1,0,
678,11.300,voie2,0,
678,11.300,voie3,0,
678,11.300,voie4,0,
678,11.300,voie5,0,
678,11.300,voie6,0,
679,11.317,voie1,0,
679,11.317,voie2,0,
679,11.317,voie3,0,
679,11.317,voie4,0,
679,11.317,voie5,0,
679,11.317,voie6,0,
680,11.333,voie1,0,
680,11.333,voie2,0,
680,11.333,voie3,0,
680,11.333,voie4,0,
680,11.333,voie5,0,
680,11.333,voie6,0,
681,11.350,voie1,0,
681,11.350,voie2,0,
681,11.350,voie3,0,
681,11.350,voie4,0,
681,11.350,voie5,0,
681,11.350,voie6,0,
682,11.367,voie1,0,
682,11.367,voie2,0,
682,11.367,voie3,0,
682,11.367,voie4,0,
682,11.367,voie5,0,
682,11.367,voie6,0,
683,11.383,voie1,0,
683,11.383,voie2,0,
683,11.383,voie3,0,
683,11.383,voie4,0,
683,11.383,voie5,0,
683,11.383,voie6,0,
684,11.400,voie1,0,
684,11.400,voie2,0,
684,11.400,voie3,0,
684,11.400,voie4,0,
684,11.400,voie5,0,
684,11.400,voie6,0,
685,11.417,voie1,0,
685,11.417,voie2,0,
685,11.417,voie3,0,
685,11.417,voie4,0,
685,11.417,voie5,0,
685,11.417,voie6,0,
686,11.433,voie1,0,
686,11.433,voie2,0,
686,11.433,voie3,0,
686,11.433,voie4,0,
686,11.433,voie5,0,
686,11.433,voie6,0,
687,11.450,voie1,0,
687,11.450,voie2,0,
687,11.450,voie3,0,
687,11.450,voie4,0,
687,11.450,voie5,0,
687,11.450,voie6,0,
688,11.467,voie1,0,
688,11.467,voie2,0,
688,11.467,voie3,0,
688,11.467,voie4,0,
688,11.467,voie5,0,
688,11.467,voie6,0,
689,11.483,voie1,0,
689,11.483,voie2,0,
689,11.483,voie3,0,
689,11.483,voie4,0,
689,11.483,voie5,0,
689,11.483,voie6,0,
690,11.500,voie1,0,
690,11.500,voie2,0,
690,11.500,voie3,0,
690,11.500,voie4,0,
690,11.500,voie5,0,
690,11.500,voie6,0,
691,11.517,voie1,0,
691,11.517,voie2,0,
691,11.517,voie3,0,
691,11.517,voie4,0,
691,11.517,voie5,0,
691,11.517,voie6,0,
692,11.533,voie1,0,
692,11.533,voie2,0,
692,11.533,voie3,0,
692,11.533,voie4,0,
692,11.533,voie5,0,
692,11.533,voie6,0,
693,11.550,voie1,0,
693,11.550,voie2,0,
693,11.550,voie3,0,
693,11.550,voie4,0,
693,11.550,voie5,0,
693,11.550,voie6,0,
694,11.567,voie1,0,
694,11.567,voie2,0,
694,11.567,voie3,0,
694,11.567,voie4,0,
694,11.567,voie5,0,
694,11.567,voie6,0,
695,11.583,voie1,0,
695,11.583,voie2,0,
695,11.583,voie3,0,
695,11.583,voie4,0,
695,11.583,voie5,0,
695,11.583,voie6,0,
696,11.600,voie1,0,
696,11.600,voie2,0,
696,11.600,voie3,0,
696,11.600,voie4,0,
696,11.600,voie5,0,
696,11.600,voie6,0,
697,11.617,voie1,0,
697,11.617,voie2,0,
697,11.617,voie3,0,
697,11.617,voie4,0,
697,11.617,voie5,0,
697,11.617,voie6,0,
698,11.633,voie1,0,
698,11.633,voie2,0,
698,11.633,voie3,0,
698,11.633,voie4,0,
698,11.633,voie5,0,
698,11.633,voie6,0,
699,11.650,voie1,0,
699,11.650,voie2,0,
699,11.650,voie3,0,
699,11.650,voie4,0,
699,11.650,voie5,0,
699,11.650,voie6,0,
700,11.667,voie1,0,
700,11.667,voie2,0,
700,11.667,voie3,0,
700,11.667,voie4,0,
700,11.667,voie5,0,
700,11.667,voie6,0,
701,11.683,voie1,0,
701,11.683,voie2,0,
701,11.683,voie3,0,
701,11.683,voie4,0,
701,11.683,voie5,0,
701,11.683,voie6,0,
702,11.700,voie1,0,
702,11.700,voie2,0,
702,11.700,voie3,0,
702,11.700,voie4,0,
702,11.700,voie5,0,
702,11.700,voie6,0,
703,11.717,voie1,0,
703,11.717,voie2,0,
703,11.717,voie3,0,
703,11.717,voie4,0,
703,11.717,voie5,0,
703,11.717,voie6,0,
704,11.733,voie1,0,
704,11.733,voie2,0,
704,11.733,voie3,0,
704,11.733,voie4,0,
704,11.733,voie5,0,
704,11.733,voie6,0,
705,11.750,voie1,0,
705,11.750,voie2,0,
705,11.750,voie3,0,
705,11.750,voie4,0,
705,11.750,voie5,0,
705,11.750,voie6,0,
706,11.767,voie1,0,
706,11.767,voie2,0,
706,11.767,voie3,0,
706,11.767,voie4,0,
706,11.767,voie5,0,
706,11.767,voie6,0,
707,11.783,voie1,0,
707,11.783,voie2,0,
707,11.783,voie3,0,
707,11.783,voie4,0,
707,11.783,voie5,0,
707,11.783,voie6,0,
708,11.800,voie1,0,
708,11.800,voie2,0,
708,11.800,voie3,0,
708,11.800,voie4,0,
708,11.800,voie5,0,
708,11.800,voie6,0,
709,11.817,voie1,0,
709,11.817,voie2,0,
709,11.817,voie3,0,
709,11.817,voie4,0,
709,11.817,voie5,0,
709,11.817,voie6,0,
710,11.833,voie1,0,
710,11.833,voie2,0,
710,11.833,voie3,0,
710,11.833,voie4,0,
710,11.833,voie5,0,
710,11.833,voie6,0,
711,11.850,voie1,0,
711,11.850,voie2,0,
711,11.850,voie3,0,
711,11.850,voie4,0,
711,11.850,voie5,0,
711,11.850,voie6,0,
712,11.867,voie1,0,
712,11.867,voie2,0,
712,11.867,voie3,0,
712,11.867,voie4,0,
712,11.867,voie5,0,
712,11.867,voie6,0,
713,11.883,voie1,0,
713,11.883,voie2,0,
713,11.883,voie3,0,
713,11.883,voie4,0,
713,11.883,voie5,0,
713,11.883,voie6,0,
714,11.900,voie1,0,
714,11.900,voie2,0,
714,11.900,voie3,0,
714,11.900,voie4,0,
714,11.900,voie5,0,
714,11.900,voie6,0,
715,11.917,voie1,0,
715,11.917,voie2,0,
715,11.917,voie3,0,
715,11.917,voie4,0,
715,11.917,voie5,0,
715,11.917,voie6,0,
716,11.933,voie1,0,
716,11.933,voie2,0,
716,11.933,voie3,0,
716,11.933,voie4,0,
716,11.933,voie5,0,
716,11.933,voie6,0,
717,11.950,voie1,0,
717,11.950,voie2,0,
717,11.950,voie3,0,
717,11.950,voie4,0,
717,11.950,voie5,0,
717,11.950,voie6,0,
718,11.967,voie1,0,
718,11.967,voie2,0,
718,11.967,voie3,0,
718,11.967,voie4,0,
718,11.967,voie5,0,
718,11.967,voie6,0,
719,11.983,voie1,0,
719,11.983,voie2,0,
719,11.983,voie3,0,
719,11.983,voie4,0,
719,11.983,voie5,0,
719,11.983,voie6,0,
720,12.000,voie1,0,
720,12.000,voie2,0,
720,12.000,voie3,0,
720,12.000,voie4,0,
720,12.000,voie5,0,
720,12.000,voie6,0,
721,12.017,voie1,0,
721,12.017,voie2,0,
721,12.017,voie3,0,
721,12.017,voie4,0,
721,12.017,voie5,0,
721,12.017,voie6,0,
722,12.033,voie1,0,
722,12.033,voie2,0,
722,12.033,voie3,0,
722,12.033,voie4,0,
722,12.033,voie5,0,
722,12.033,voie6,0,
723,12.050,voie1,0,
723,12.050,voie2,0,
723,12.050,voie3,0,
723,12.050,voie4,0,
723,12.050,voie5,0,
723,12.050,voie6,0,
724,12.067,voie1,0,
724,12.067,voie2,0,
724,12.067,voie3,0,
724,12.067,voie4,0,
724,12.067,voie5,0,
724,12.067,voie6,0,
725,12.083,voie1,0,
725,12.083,voie2,0,
725,12.083,voie3,0,
725,12.083,voie4,0,
725,12.083,voie5,0,
725,12.083,voie6,0,
726,12.100,voie1,0,
726,12.100,voie2,0,
726,12.100,voie3,0,
726,12.100,voie4,0,
726,12.100,voie5,0,
726,12.100,voie6,0,
727,12.117,voie1,0,
727,12.117,voie2,0,
727,12.117,voie3,0,
727,12.117,voie4,0,
727,12.117,voie5,0,
727,12.117,voie6,0,
728,12.133,voie1,0,
728,12.133,voie2,0,
728,12.133,voie3,0,
728,12.133,voie4,0,
728,12.133,voie5,0,
728,12.133,voie6,0,
729,12.150,voie1,0,
729,12.150,voie2,0,
729,12.150,voie3,0,
729,12.150,voie4,0,
729,12.150,voie5,0,
729,12.150,voie6,0,
730,12.167,voie1,0,
730,12.167,voie2,0,
730,12.167,voie3,0,
730,12.167,voie4,0,
730,12.167,voie5,0,
730,12.167,voie6,0,
731,12.183,voie1,0,
731,12.183,voie2,0,
731,12.183,voie3,0,
731,12.183,voie4,0,
731,12.183,voie5,0,
731,12.183,voie6,0,
732,12.200,voie1,0,
732,12.200,voie2,0,
732,12.200,voie3,0,
732,12.200,voie4,0,
732,12.200,voie5,0,
732,12.200,voie6,0,
733,12.217,voie1,0,
733,12.217,voie2,0,
733,12.217,voie3,0,
733,12.217,voie4,0,
733,12.217,voie5,0,
733,12.217,voie6,0,
734,12.233,voie1,0,
734,12.233,voie2,0,
734,12.233,voie3,0,
734,12.233,voie4,0,
734,12.233,voie5,0,
734,12.233,voie6,0,
735,12.250,voie1,0,
735,12.250,voie2,0,
735,12.250,voie3,0,
735,12.250,voie4,0,
735,12.250,voie5,0,
735,12.250,voie6,0,
736,12.267,voie1,0,
736,12.267,voie2,0,
736,12.267,voie3,0,
736,12.267,voie4,0,
736,12.267,voie5,0,
736,12.267,voie6,0,
737,12.283,voie1,0,
737,12.283,voie2,0,
737,12.283,voie3,0,
737,12.283,voie4,0,
737,12.283,voie5,0,
737,12.283,voie6,0,
738,12.300,voie1,0,
738,12.300,voie2,0,
738,12.300,voie3,0,
738,12.300,voie4,0,
738,12.300,voie5,0,
738,12.300,voie6,0,
739,12.317,voie1,0,
739,12.317,voie2,0,
739,12.317,voie3,0,
739,12.317,voie4,0,
739,12.317,voie5,0,
739,12.317,voie6,0,
740,12.333,voie1,0,
740,12.333,voie2,0,
740,12.333,voie3,0,
740,12.333,voie4,0,
740,12.333,voie5,0,
740,12.333,voie6,0,
741,12.350,voie1,0,
741,12.350,voie2,0,
741,12.350,voie3,0,
741,12.350,voie4,0,
741,12.350,voie5,0,
741,12.350,voie6,0,
742,12.367,voie1,0,
742,12.367,voie2,0,
742,12.367,voie3,0,
742,12.367,voie4,0,
742,12.367,voie5,0,
742,12.367,voie6,0,
743,12.383,voie1,0,
743,12.383,voie2,0,
743,12.383,voie3,0,
743,12.383,voie4,0,
743,12.383,voie5,0,
743,12.383,voie6,0,
744,12.400,voie1,0,
744,12.400,voie2,0,
744,12.400,voie3,0,
744,12.400,voie4,0,
744,12.400,voie5,0,
744,12.400,voie6,0,
745,12.417,voie1,0,
745,12.417,voie2,0,
745,12.417,voie3,0,
745,12.417,voie4,0,
745,12.417,voie5,0,
745,12.417,voie6,0,
746,12.433,voie1,0,
746,12.433,voie2,0,
746,12.433,voie3,0,
746,12.433,voie4,0,
746,12.433,voie5,0,
746,12.433,voie6,0,
747,12.450,voie1,0,
747,12.450,voie2,0,
747,12.450,voie3,0,
747,12.450,voie4,0,
747,12.450,voie5,0,
747,12.450,voie6,0,
748,12.467,voie1,0,
748,12.467,voie2,0,
748,12.467,voie3,0,
748,12.467,voie4,0,
748,12.467,voie5,0,
748,12.467,voie6,0,
749,12.483,voie1,0,
749,12.483,voie2,0,
749,12.483,voie3,0,
749,12.483,voie4,0,
749,12.483,voie5,0,
749,12.483,voie6,0,
750,12.500,voie1,0,
750,12.500,voie2,0,
750,12.500,voie3,0,
750,12.500,voie4,0,
750,12.500,voie5,0,
750,12.500,voie6,0,
751,12.517,voie1,0,
751,12.517,voie2,0,
751,12.517,voie3,0,
751,12.517,voie4,0,
751,12.517,voie5,0,
751,12.517,voie6,0,
752,12.533,voie1,0,
752,12.533,voie2,0,
752,12.533,voie3,0,
752,12.533,voie4,0,
752,12.533,voie5,0,
752,12.533,voie6,0,
753,12.550,voie1,0,
753,12.550,voie2,0,
753,12.550,voie3,0,
753,12.550,voie4,0,
753,12.550,voie5,0,
753,12.550,voie6,0,
754,12.567,voie1,0,
754,12.567,voie2,0,
754,12.567,voie3,0,
754,12.567,voie4,0,
754,12.567,voie5,0,
754,12.567,voie6,0,
755,12.583,voie1,0,
755,12.583,voie2,0,
755,12.583,voie3,0,
755,12.583,voie4,0,
755,12.583,voie5,0,
755,12.583,voie6,0,
756,12.600,voie1,0,
756,12.600,voie2,0,
756,12.600,voie3,0,
756,12.600,voie4,0,
756,12.600,voie5,0,
756,12.600,voie6,0,
757,12.617,voie1,0,
757,12.617,voie2,0,
757,12.617,voie3,0,
757,12.617,voie4,0,
757,12.617,voie5,0,
757,12.617,voie6,0,
758,12.633,voie1,0,
758,12.633,voie2,0,
758,12.633,voie3,0,
758,12.633,voie4,0,
758,12.633,voie5,0,
758,12.633,voie6,0,
759,12.650,voie1,0,
759,12.650,voie2,0,
759,12.650,voie3,0,
759,12.650,voie4,0,
759,12.650,voie5,0,
759,12.650,voie6,0,
760,12.667,voie1,0,
760,12.667,voie2,0,
760,12.667,voie3,0,
760,12.667,voie4,0,
760,12.667,voie5,0,
760,12.667,voie6,0,
761,12.683,voie1,0,
761,12.683,voie2,0,
761,12.683,voie3,0,
761,12.683,voie4,0,
761,12.683,voie5,0,
761,12.683,voie6,0,
762,12.700,voie1,0,
762,12.700,voie2,0,
762,12.700,voie3,0,
762,12.700,voie4,0,
762,12.700,voie5,0,
762,12.700,voie6,0,
763,12.717,voie1,0,
763,12.717,voie2,0,
763,12.717,voie3,0,
763,12.717,voie4,0,
763,12.717,voie5,0,
763,12.717,voie6,0,
764,12.733,voie1,0,
764,12.733,voie2,0,
764,12.733,voie3,0,
764,12.733,voie4,0,
764,12.733,voie5,0,
764,12.733,voie6,0,
765,12.750,voie1,0,
765,12.750,voie2,0,
765,12.750,voie3,0,
765,12.750,voie4,0,
765,12.750,voie5,0,
765,12.750,voie6,0,
766,12.767,voie1,0,
766,12.767,voie2,0,
766,12.767,voie3,0,
766,12.767,voie4,0,
766,12.767,voie5,0,
766,12.767,voie6,0,
767,12.783,voie1,0,
767,12.783,voie2,0,
767,12.783,voie3,0,
767,12.783,voie4,0,
767,12.783,voie5,0,
767,12.783,voie6,0,
768,12.800,voie1,0,
768,12.800,voie2,0,
768,12.800,voie3,0,
768,12.800,voie4,0,
768,12.800,voie5,0,
768,12.800,voie6,0,
769,12.817,voie1,0,
769,12.817,voie2,0,
769,12.817,voie3,0,
769,12.817,voie4,0,
769,12.817,voie5,0,
769,12.817,voie6,0,
770,12.833,voie1,0,
770,12.833,voie2,0,
770,12.833,voie3,0,
770,12.833,voie4,0,
770,12.833,voie5,0,
770,12.833,voie6,0,
771,12.850,voie1,0,
771,12.850,voie2,0,
771,12.850,voie3,0,
771,12.850,voie4,0,
771,12.850,voie5,0,
771,12.850,voie6,0,
772,12.867,voie1,0,
772,12.867,voie2,0,
772,12.867,voie3,0,
772,12.867,voie4,0,
772,12.867,voie5,0,
772,12.867,voie6,0,
773,12.883,voie1,0,
773,12.883,voie2,0,
773,12.883,voie3,0,
773,12.883,voie4,0,
773,12.883,voie5,0,
773,12.883,voie6,0,
774,12.900,voie1,0,
774,12.900,voie2,0,
774,12.900,voie3,0,
774,12.900,voie4,0,
774,12.900,voie5,0,
774,12.900,voie6,0,
775,12.917,voie1,0,
775,12.917,voie2,0,
775,12.917,voie3,0,
775,12.917,voie4,0,
775,12.917,voie5,0,
775,12.917,voie6,0,
776,12.933,voie1,0,
776,12.933,voie2,0,
776,12.933,voie3,0,
776,12.933,voie4,0,
776,12.933,voie5,0,
776,12.933,voie6,0,
777,12.950,voie1,0,
777,12.950,voie2,0,
777,12.950,voie3,0,
777,12.950,voie4,0,
777,12.950,voie5,0,
777,12.950,voie6,0,
778,12.967,voie1,0,
778,12.967,voie2,0,
778,12.967,voie3,0,
778,12.967,voie4,0,
778,12.967,voie5,0,
778,12.967,voie6,0,
779,12.983,voie1,0,
779,12.983,voie2,0,
779,12.983,voie3,0,
779,12.983,voie4,0,
779,12.983,voie5,0,
779,12.983,voie6,0,
780,13.000,voie1,0,
780,13.000,voie2,0,
780,13.000,voie3,0,
780,13.000,voie4,0,
780,13.000,voie5,0,
780,13.000,voie6,0,
781,13.017,voie1,0,
781,13.017,voie2,0,
781,13.017,voie3,0,
781,13.017,voie4,0,
781,13.017,voie5,0,
781,13.017,voie6,0,
782,13.033,voie1,0,
782,13.033,voie2,0,
782,13.033,voie3,0,
782,13.033,voie4,0,
782,13.033,voie5,0,
782,13.033,voie6,0,
783,13.050,voie1,0,
783,13.050,voie2,0,
783,13.050,voie3,0,
783,13.050,voie4,0,
783,13.050,voie5,0,
783,13.050,voie6,0,
784,13.067,voie1,0,
784,13.067,voie2,0,
784,13.067,voie3,0,
784,13.067,voie4,0,
784,13.067,voie5,0,
784,13.067,voie6,0,
785,13.083,voie1,0,
785,13.083,voie2,0,
785,13.083,voie3,0,
785,13.083,voie4,0,
785,13.083,voie5,0,
785,13.083,voie6,0,
786,13.100,voie1,0,
786,13.100,voie2,0,
786,13.100,voie3,0,
786,13.100,voie4,0,
786,13.100,voie5,0,
786,13.100,voie6,0,
787,13.117,voie1,0,
787,13.117,voie2,0,
787,13.117,voie3,0,
787,13.117,voie4,0,
787,13.117,voie5,0,
787,13.117,voie6,0,
788,13.133,voie1,0,
788,13.133,voie2,0,
788,13.133,voie3,0,
788,13.133,voie4,0,
788,13.133,voie5,0,
788,13.133,voie6,0,
789,13.150,voie1,0,
789,13.150,voie2,0,
789,13.150,voie3,0,
789,13.150,voie4,0,
789,13.150,voie5,0,
789,13.150,voie6,0,
790,13.167,voie1,0,
790,13.167,voie2,0,
790,13.167,voie3,0,
790,13.167,voie4,0,
790,13.167,voie5,0,
790,13.167,voie6,0,
791,13.183,voie1,0,
791,13.183,voie2,0,
791,13.183,voie3,0,
791,13.183,voie4,0,
791,13.183,voie5,0,
791,13.183,voie6,0,
792,13.200,voie1,0,
792,13.200,voie2,0,
792,13.200,voie3,0,
792,13.200,voie4,0,
792,13.200,voie5,0,
792,13.200,voie6,0,
793,13.217,voie1,0,
793,13.217,voie2,0,
793,13.217,voie3,0,
793,13.217,voie4,0,
793,13.217,voie5,0,
793,13.217,voie6,0,
794,13.233,voie1,0,
794,13.233,voie2,0,
794,13.233,voie3,0,
794,13.233,voie4,0,
794,13.233,voie5,0,
794,13.233,voie6,0,
795,13.250,voie1,0,
795,13.250,voie2,0,
795,13.250,voie3,0,
795,13.250,voie4,0,
795,13.250,voie5,0,
795,13.250,voie6,0,
796,13.267,voie1,0,
796,13.267,voie2,0,
796,13.267,voie3,0,
796,13.267,voie4,0,
796,13.267,voie5,0,
796,13.267,voie6,0,
797,13.283,voie1,0,
797,13.283,voie2,0,
797,13.283,voie3,0,
797,13.283,voie4,0,
797,13.283,voie5,0,
797,13.283,voie6,0,
798,13.300,voie1,0,
798,13.300,voie2,0,
798,13.300,voie3,0,
798,13.300,voie4,0,
798,13.300,voie5,0,
798,13.300,voie6,0,
799,13.317,voie1,0,
799,13.317,voie2,0,
799,13.317,voie3,0,
799,13.317,voie4,0,
799,13.317,voie5,0,
799,13.317,voie6,0,
800,13.333,voie1,0,
800,13.333,voie2,0,
800,13.333,voie3,0,
800,13.333,voie4,0,
800,13.333,voie5,0,
800,13.333,voie6,0,
801,13.350,voie1,0,
801,13.350,voie2,0,
801,13.350,voie3,0,
801,13.350,voie4,0,
801,13.350,voie5,0,
801,13.350,voie6,0,
802,13.367,voie1,0,
802,13.367,voie2,0,
802,13.367,voie3,0,
802,13.367,voie4,0,
802,13.367,voie5,0,
802,13.367,voie6,0,
803,13.383,voie1,0,
803,13.383,voie2,0,
803,13.383,voie3,0,
803,13.383,voie4,0,
803,13.383,voie5,0,
803,13.383,voie6,0,
804,13.400,voie1,0,
804,13.400,voie2,0,
804,13.400,voie3,0,
804,13.400,voie4,0,
804,13.400,voie5,0,
804,13.400,voie6,0,
805,13.417,voie1,0,
805,13.417,voie2,0,
805,13.417,voie3,0,
805,13.417,voie4,0,
805,13.417,voie5,0,
805,13.417,voie6,0,
806,13.433,voie1,0,
806,13.433,voie2,0,
806,13.433,voie3,0,
806,13.433,voie4,0,
806,13.433,voie5,0,
806,13.433,voie6,0,
807,13.450,voie1,0,
807,13.450,voie2,0,
807,13.450,voie3,0,
807,13.450,voie4,0,
807,13.450,voie5,0,
807,13.450,voie6,0,
808,13.467,voie1,0,
808,13.467,voie2,0,
808,13.467,voie3,0,
808,13.467,voie4,0,
808,13.467,voie5,0,
808,13.467,voie6,0,
809,13.483,voie1,0,
809,13.483,voie2,0,
809,13.483,voie3,0,
809,13.483,voie4,0,
809,13.483,voie5,0,
809,13.483,voie6,0,
810,13.500,voie1,0,
810,13.500,voie2,0,
810,13.500,voie3,0,
810,13.500,voie4,0,
810,13.500,voie5,0,
810,13.500,voie6,0,
811,13.517,voie1,0,
811,13.517,voie2,0,
811,13.517,voie3,0,
811,13.517,voie4,0,
811,13.517,voie5,0,
811,13.517,voie6,0,
812,13.533,voie1,0,
812,13.533,voie2,0,
812,13.533,voie3,0,
812,13.533,voie4,0,
812,13.533,voie5,0,
812,13.533,voie6,0,
813,13.550,voie1,0,
813,13.550,voie2,0,
813,13.550,voie3,0,
813,13.550,voie4,0,
813,13.550,voie5,0,
813,13.550,voie6,0,
814,13.567,voie1,0,
814,13.567,voie2,0,
814,13.567,voie3,0,
814,13.567,voie4,0,
814,13.567,voie5,0,
814,13.567,voie6,0,
815,13.583,voie1,0,
815,13.583,voie2,0,
815,13.583,voie3,0,
815,13.583,voie4,0,
815,13.583,voie5,0,
815,13.583,voie6,0,
816,13.600,voie1,0,
816,13.600,voie2,0,
816,13.600,voie3,0,
816,13.600,voie4,0,
816,13.600,voie5,0,
816,13.600,voie6,0,
817,13.617,voie1,0,
817,13.617,voie2,0,
817,13.617,voie3,0,
817,13.617,voie4,0,
817,13.617,voie5,0,
817,13.617,voie6,0,
818,13.633,voie1,0,
818,13.633,voie2,0,
818,13.633,voie3,0,
818,13.633,voie4,0,
818,13.633,voie5,0,
818,13.633,voie6,0,
819,13.650,voie1,0,
819,13.650,voie2,0,
819,13.650,voie3,0,
819,13.650,voie4,0,
819,13.650,voie5,0,
819,13.650,voie6,0,
820,13.667,voie1,0,
820,13.667,voie2,0,
820,13.667,voie3,0,
820,13.667,voie4,0,
820,13.667,voie5,0,
820,13.667,voie6,0,
821,13.683,voie1,0,
821,13.683,voie2,0,
821,13.683,voie3,0,
821,13.683,voie4,0,
821,13.683,voie5,0,
821,13.683,voie6,0,
822,13.700,voie1,0,
822,13.700,voie2,0,
822,13.700,voie3,0,
822,13.700,voie4,0,
822,13.700,voie5,0,
822,13.700,voie6,0,
823,13.717,voie1,0,
823,13.717,voie2,0,
823,13.717,voie3,0,
823,13.717,voie4,0,
823,13.717,voie5,0,
823,13.717,voie6,0,
824,13.733,voie1,0,
824,13.733,voie2,0,
824,13.733,voie3,0,
824,13.733,voie4,0,
824,13.733,voie5,0,
824,13.733,voie6,0,
825,13.750,voie1,0,
825,13.750,voie2,0,
825,13.750,voie3,0,
825,13.750,voie4,0,
825,13.750,voie5,0,
825,13.750,voie6,0,
826,13.767,voie1,0,
826,13.767,voie2,0,
826,13.767,voie3,0,
826,13.767,voie4,0,
826,13.767,voie5,0,
826,13.767,voie6,0,
827,13.783,voie1,0,
827,13.783,voie2,0,
827,13.783,voie3,0,
827,13.783,voie4,0,
827,13.783,voie5,0,
827,13.783,voie6,0,
828,13.800,voie1,0,
828,13.800,voie2,0,
828,13.800,voie3,0,
828,13.800,voie4,0,
828,13.800,voie5,0,
828,13.800,voie6,0,
829,13.817,voie1,0,
829,13.817,voie2,0,
829,13.817,voie3,0,
829,13.817,voie4,0,
829,13.817,voie5,0,
829,13.817,voie6,0,
830,13.833,voie1,0,
830,13.833,voie2,0,
830,13.833,voie3,0,
830,13.833,voie4,0,
830,13.833,voie5,0,
830,13.833,voie6,0,
831,13.850,voie1,0,
831,13.850,voie2,0,
831,13.850,voie3,0,
831,13.850,voie4,0,
831,13.850,voie5,0,
831,13.850,voie6,0,
832,13.867,voie1,0,
832,13.867,voie2,0,
832,13.867,voie3,0,
832,13.867,voie4,0,
832,13.867,voie5,0,
832,13.867,voie6,0,
833,13.883,voie1,0,
833,13.883,voie2,0,
833,13.883,voie3,0,
833,13.883,voie4,0,
833,13.883,voie5,0,
833,13.883,voie6,0,
834,13.900,voie1,0,
834,13.900,voie2,0,
834,13.900,voie3,0,
834,13.900,voie4,0,
834,13.900,voie5,0,
834,13.900,voie6,0,
835,13.917,voie1,0,
835,13.917,voie2,0,
835,13.917,voie3,0,
835,13.917,voie4,0,
835,13.917,voie5,0,
835,13.917,voie6,0,
836,13.933,voie1,0,
836,13.933,voie2,0,
836,13.933,voie3,0,
836,13.933,voie4,0,
836,13.933,voie5,0,
836,13.933,voie6,0,
837,13.950,voie1,0,
837,13.950,voie2,0,
837,13.950,voie3,0,
837,13.950,voie4,0,
837,13.950,voie5,0,
837,13.950,voie6,0,
838,13.967,voie1,0,
838,13.967,voie2,0,
838,13.967,voie3,0,
838,13.967,voie4,0,
838,13.967,voie5,0,
838,13.967,voie6,0,
839,13.983,voie1,0,
839,13.983,voie2,0,
839,13.983,voie3,0,
839,13.983,voie4,0,
839,13.983,voie5,0,
839,13.983,voie6,0,
840,14.000,voie1,0,
840,14.000,voie2,0,
840,14.000,voie3,0,
840,14.000,voie4,0,
840,14.000,voie5,0,
840,14.000,voie6,0,
841,14.017,voie1,0,
841,14.017,voie2,0,
841,14.017,voie3,0,
841,14.017,voie4,0,
841,14.017,voie5,0,
841,14.017,voie6,0,
842,14.033,voie1,0,
842,14.033,voie2,0,
842,14.033,voie3,0,
842,14.033,voie4,0,
842,14.033,voie5,0,
842,14.033,voie6,0,
843,14.050,voie1,0,
843,14.050,voie2,0,
843,14.050,voie3,0,
843,14.050,voie4,0,
843,14.050,voie5,0,
843,14.050,voie6,0,
844,14.067,voie1,0,
844,14.067,voie2,0,
844,14.067,voie3,0,
844,14.067,voie4,0,
844,14.067,voie5,0,
844,14.067,voie6,0,
845,14.083,voie1,0,
845,14.083,voie2,0,
845,14.083,voie3,0,
845,14.083,voie4,0,
845,14.083,voie5,0,
845,14.083,voie6,0,
846,14.100,voie1,0,
846,14.100,voie2,0,
846,14.100,voie3,0,
846,14.100,voie4,0,
846,14.100,voie5,0,
846,14.100,voie6,0,
847,14.117,voie1,0,
847,14.117,voie2,0,
847,14.117,voie3,0,
847,14.117,voie4,0,
847,14.117,voie5,0,
847,14.117,voie6,0,
848,14.133,voie1,0,
848,14.133,voie2,0,
848,14.133,voie3,0,
848,14.133,voie4,0,
848,14.133,voie5,0,
848,14.133,voie6,0,
849,14.150,voie1,0,
849,14.150,voie2,0,
849,14.150,voie3,0,
849,14.150,voie4,0,
849,14.150,voie5,0,
849,14.150,voie6,0,
850,14.167,voie1,0,
850,14.167,voie2,0,
850,14.167,voie3,0,
850,14.167,voie4,0,
850,14.167,voie5,0,
850,14.167,voie6,0,
851,14.183,voie1,0,
851,14.183,voie2,0,
851,14.183,voie3,0,
851,14.183,voie4,0,
851,14.183,voie5,0,
851,14.183,voie6,0,
852,14.200,voie1,0,
852,14.200,voie2,0,
852,14.200,voie3,0,
852,14.200,voie4,0,
852,14.200,voie5,0,
852,14.200,voie6,0,
853,14.217,voie1,0,
853,14.217,voie2,0,
853,14.217,voie3,0,
853,14.217,voie4,0,
853,14.217,voie5,0,
853,14.217,voie6,0,
854,14.233,voie1,0,
854,14.233,voie2,0,
854,14.233,voie3,0,
854,14.233,voie4,0,
854,14.233,voie5,0,
854,14.233,voie6,0,
855,14.250,voie1,0,
855,14.250,voie2,0,
855,14.250,voie3,0,
855,14.250,voie4,0,
855,14.250,voie5,0,
855,14.250,voie6,0,
856,14.267,voie1,0,
856,14.267,voie2,0,
856,14.267,voie3,0,
856,14.267,voie4,0,
856,14.267,voie5,0,
856,14.267,voie6,0,
857,14.283,voie1,0,
857,14.283,voie2,0,
857,14.283,voie3,0,
857,14.283,voie4,0,
857,14.283,voie5,0,
857,14.283,voie6,0,
858,14.300,voie1,0,
858,14.300,voie2,0,
858,14.300,voie3,0,
858,14.300,voie4,0,
858,14.300,voie5,0,
858,14.300,voie6,0,
859,14.317,voie1,0,
859,14.317,voie2,0,
859,14.317,voie3,0,
859,14.317,voie4,0,
859,14.317,voie5,0,
859,14.317,voie6,0,
860,14.333,voie1,0,
860,14.333,voie2,0,
860,14.333,voie3,0,
860,14.333,voie4,0,
860,14.333,voie5,0,
860,14.333,voie6,0,
861,14.350,voie1,0,
861,14.350,voie2,0,
861,14.350,voie3,0,
861,14.350,voie4,0,
861,14.350,voie5,0,
861,14.350,voie6,0,
862,14.367,voie1,0,
862,14.367,voie2,0,
862,14.367,voie3,0,
862,14.367,voie4,0,
862,14.367,voie5,0,
862,14.367,voie6,0,
863,14.383,voie1,0,
863,14.383,voie2,0,
863,14.383,voie3,0,
863,14.383,voie4,0,
863,14.383,voie5,0,
863,14.383,voie6,0,
864,14.400,voie1,0,
864,14.400,voie2,0,
864,14.400,voie3,0,
864,14.400,voie4,0,
864,14.400,voie5,0,
864,14.400,voie6,0,
865,14.417,voie1,0,
865,14.417,voie2,0,
865,14.417,voie3,0,
865,14.417,voie4,0,
865,14.417,voie5,0,
865,14.417,voie6,0,
866,14.433,voie1,0,
866,14.433,voie2,0,
866,14.433,voie3,0,
866,14.433,voie4,0,
866,14.433,voie5,0,
866,14.433,voie6,0,
867,14.450,voie1,0,
867,14.450,voie2,0,
867,14.450,voie3,0,
867,14.450,voie4,0,
867,14.450,voie5,0,
867,14.450,voie6,0,
868,14.467,voie1,0,
868,14.467,voie2,0,
868,14.467,voie3,0,
868,14.467,voie4,0,
868,14.467,voie5,0,
868,14.467,voie6,0,
869,14.483,voie1,0,
869,14.483,voie2,0,
869,14.483,voie3,0,
869,14.483,voie4,0,
869,14.483,voie5,0,
869,14.483,voie6,0,
870,14.500,voie1,0,
870,14.500,voie2,0,
870,14.500,voie3,0,
870,14.500,voie4,0,
870,14.500,voie5,0,
870,14.500,voie6,0,
871,14.517,voie1,0,
871,14.517,voie2,0,
871,14.517,voie3,0,
871,14.517,voie4,0,
871,14.517,voie5,0,
871,14.517,voie6,0,
872,14.533,voie1,0,
872,14.533,voie2,0,
872,14.533,voie3,0,
872,14.533,voie4,0,
872,14.533,voie5,0,
872,14.533,voie6,0,
873,14.550,voie1,0,
873,14.550,voie2,0,
873,14.550,voie3,0,
873,14.550,voie4,0,
873,14.550,voie5,0,
873,14.550,voie6,0,
874,14.567,voie1,0,
874,14.567,voie2,0,
874,14.567,voie3,0,
874,14.567,voie4,0,
874,14.567,voie5,0,
874,14.567,voie6,0,
875,14.583,voie1,0,
875,14.583,voie2,0,
875,14.583,voie3,0,
875,14.583,voie4,0,
875,14.583,voie5,0,
875,14.583,voie6,0,
876,14.600,voie1,0,
876,14.600,voie2,0,
876,14.600,voie3,0,
876,14.600,voie4,0,
876,14.600,voie5,0,
876,14.600,voie6,0,
877,14.617,voie1,0,
877,14.617,voie2,0,
877,14.617,voie3,0,
877,14.617,voie4,0,
877,14.617,voie5,0,
877,14.617,voie6,0,
878,14.633,voie1,0,
878,14.633,voie2,0,
878,14.633,voie3,0,
878,14.633,voie4,0,
878,14.633,voie5,0,
878,14.633,voie6,0,
879,14.650,voie1,0,
879,14.650,voie2,0,
879,14.650,voie3,0,
879,14.650,voie4,0,
879,14.650,voie5,0,
879,14.650,voie6,0,
880,14.667,voie1,0,
880,14.667,voie2,0,
880,14.667,voie3,0,
880,14.667,voie4,0,
880,14.667,voie5,0,
880,14.667,voie6,0,
881,14.683,voie1,0,
881,14.683,voie2,0,
881,14.683,voie3,0,
881,14.683,voie4,0,
881,14.683,voie5,0,
881,14.683,voie6,0,
882,14.700,voie1,0,
882,14.700,voie2,0,
882,14.700,voie3,0,
882,14.700,voie4,0,
882,14.700,voie5,0,
882,14.700,voie6,0,
883,14.717,voie1,0,
883,14.717,voie2,0,
883,14.717,voie3,0,
883,14.717,voie4,0,
883,14.717,voie5,0,
883,14.717,voie6,0,
884,14.733,voie1,0,
884,14.733,voie2,0,
884,14.733,voie3,0,
884,14.733,voie4,0,
884,14.733,voie5,0,
884,14.733,voie6,0,
885,14.750,voie1,0,
885,14.750,voie2,0,
885,14.750,voie3,0,
885,14.750,voie4,0,
885,14.750,voie5,0,
885,14.750,voie6,0,
886,14.767,voie1,0,
886,14.767,voie2,0,
886,14.767,voie3,0,
886,14.767,voie4,0,
886,14.767,voie5,0,
886,14.767,voie6,0,
887,14.783,voie1,0,
887,14.783,voie2,0,
887,14.783,voie3,0,
887,14.783,voie4,0,
887,14.783,voie5,0,
887,14.783,voie6,0,
888,14.800,voie1,0,
888,14.800,voie2,0,
888,14.800,voie3,0,
888,14.800,voie4,0,
888,14.800,voie5,0,
888,14.800,voie6,0,
889,14.817,voie1,0,
889,14.817,voie2,0,
889,14.817,voie3,0,
889,14.817,voie4,0,
889,14.817,voie5,0,
889,14.817,voie6,0,
890,14.833,voie1,0,
890,14.833,voie2,0,
890,14.833,voie3,0,
890,14.833,voie4,0,
890,14.833,voie5,0,
890,14.833,voie6,0,
891,14.850,voie1,0,
891,14.850,voie2,0,
891,14.850,voie3,0,
891,14.850,voie4,0,
891,14.850,voie5,0,
891,14.850,voie6,0,
892,14.867,voie1,0,
892,14.867,voie2,0,
892,14.867,voie3,0,
892,14.867,voie4,0,
892,14.867,voie5,0,
892,14.867,voie6,0,
893,14.883,voie1,0,
893,14.883,voie2,0,
893,14.883,voie3,0,
893,14.883,voie4,0,
893,14.883,voie5,0,
893,14.883,voie6,0,
894,14.900,voie1,0,
894,14.900,voie2,0,
894,14.900,voie3,0,
894,14.900,voie4,0,
894,14.900,voie5,0,
894,14.900,voie6,0,
895,14.917,voie1,0,
895,14.917,voie2,0,
895,14.917,voie3,0,
895,14.917,voie4,0,
895,14.917,voie5,0,
895,14.917,voie6,0,
896,14.933,voie1,0,
896,14.933,voie2,0,
896,14.933,voie3,0,
896,14.933,voie4,0,
896,14.933,voie5,0,
896,14.933,voie6,0,
897,14.950,voie1,0,
897,14.950,voie2,0,
897,14.950,voie3,0,
897,14.950,voie4,0,
897,14.950,voie5,0,
897,14.950,voie6,0,
898,14.967,voie1,0,
898,14.967,voie2,0,
898,14.967,voie3,0,
898,14.967,voie4,0,
898,14.967,voie5,0,
898,14.967,voie6,0,
899,14.983,voie1,0,
899,14.983,voie2,0,
899,14.983,voie3,0,
899,14.983,voie4,0,
899,14.983,voie5,0,
899,14.983,voie6,0,
900,15.000,voie1,0,
900,15.000,voie2,0,
900,15.000,voie3,0,
900,15.000,voie4,0,
900,15.000,voie5,0,
900,15.000,voie6,0,
901,15.017,voie1,0,
901,15.017,voie2,0,
901,15.017,voie3,0,
901,15.017,voie4,0,
901,15.017,voie5,0,
901,15.017,voie6,0,
902,15.033,voie1,0,
902,15.033,voie2,0,
902,15.033,voie3,0,
902,15.033,voie4,0,
902,15.033,voie5,0,
902,15.033,voie6,0,
903,15.050,voie1,0,
903,15.050,voie2,0,
903,15.050,voie3,0,
903,15.050,voie4,0,
903,15.050,voie5,0,
903,15.050,voie6,0,
904,15.067,voie1,0,
904,15.067,voie2,0,
904,15.067,voie3,0,
904,15.067,voie4,0,
904,15.067,voie5,0,
904,15.067,voie6,0,
905,15.083,voie1,0,
905,15.083,voie2,0,
905,15.083,voie3,0,
905,15.083,voie4,0,
905,15.083,voie5,0,
905,15.083,voie6,0,
906,15.100,voie1,0,
906,15.100,voie2,0,
906,15.100,voie3,0,
906,15.100,voie4,0,
906,15.100,voie5,0,
906,15.100,voie6,0,
907,15.117,voie1,0,
907,15.117,voie2,0,
907,15.117,voie3,0,
907,15.117,voie4,0,
907,15.117,voie5,0,
907,15.117,voie6,0,
908,15.133,voie1,0,
908,15.133,voie2,0,
908,15.133,voie3,0,
908,15.133,voie4,0,
908,15.133,voie5,0,
908,15.133,voie6,0,
909,15.150,voie1,0,
909,15.150,voie2,0,
909,15.150,voie3,0,
909,15.150,voie4,0,
909,15.150,voie5,0,
909,15.150,voie6,0,
910,15.167,voie1,0,
910,15.167,voie2,0,
910,15.167,voie3,0,
910,15.167,voie4,0,
910,15.167,voie5,0,
910,15.167,voie6,0,
911,15.183,voie1,0,
911,15.183,voie2,0,
911,15.183,voie3,0,
911,15.183,voie4,0,
911,15.183,voie5,0,
911,15.183,voie6,0,
912,15.200,voie1,0,
912,15.200,voie2,0,
912,15.200,voie3,0,
912,15.200,voie4,0,
912,15.200,voie5,0,
912,15.200,voie6,0,
913,15.217,voie1,0,
913,15.217,voie2,0,
913,15.217,voie3,0,
913,15.217,voie4,0,
913,15.217,voie5,0,
913,15.217,voie6,0,
914,15.233,voie1,0,
914,15.233,voie2,0,
914,15.233,voie3,0,
914,15.233,voie4,0,
914,15.233,voie5,0,
914,15.233,voie6,0,
915,15.250,voie1,0,
915,15.250,voie2,0,
915,15.250,voie3,0,
915,15.250,voie4,0,
915,15.250,voie5,0,
915,15.250,voie6,0,
916,15.267,voie1,0,
916,15.267,voie2,0,
916,15.267,voie3,0,
916,15.267,voie4,0,
916,15.267,voie5,0,
916,15.267,voie6,0,
917,15.283,voie1,0,
917,15.283,voie2,0,
917,15.283,voie3,0,
917,15.283,voie4,0,
917,15.283,voie5,0,
917,15.283,voie6,0,
918,15.300,voie1,0,
918,15.300,voie2,0,
918,15.300,voie3,0,
918,15.300,voie4,0,
918,15.300,voie5,0,
918,15.300,voie6,0,
919,15.317,voie1,0,
919,15.317,voie2,0,
919,15.317,voie3,0,
919,15.317,voie4,0,
919,15.317,voie5,0,
919,15.317,voie6,0,
920,15.333,voie1,0,
920,15.333,voie2,0,
920,15.333,voie3,0,
920,15.333,voie4,0,
920,15.333,voie5,0,
920,15.333,voie6,0,
921,15.350,voie1,0,
921,15.350,voie2,0,
921,15.350,voie3,0,
921,15.350,voie4,0,
921,15.350,voie5,0,
921,15.350,voie6,0,
922,15.367,voie1,0,
922,15.367,voie2,0,
922,15.367,voie3,0,
922,15.367,voie4,0,
922,15.367,voie5,0,
922,15.367,voie6,0,
923,15.383,voie1,0,
923,15.383,voie2,0,
923,15.383,voie3,0,
923,15.383,voie4,0,
923,15.383,voie5,0,
923,15.383,voie6,0,
924,15.400,voie1,0,
924,15.400,voie2,0,
924,15.400,voie3,0,
924,15.400,voie4,0,
924,15.400,voie5,0,
924,15.400,voie6,0,
925,15.417,voie1,0,
925,15.417,voie2,0,
925,15.417,voie3,0,
925,15.417,voie4,0,
925,15.417,voie5,0,
925,15.417,voie6,0,
926,15.433,voie1,0,
926,15.433,voie2,0,
926,15.433,voie3,0,
926,15.433,voie4,0,
926,15.433,voie5,0,
926,15.433,voie6,0,
927,15.450,voie1,0,
927,15.450,voie2,0,
927,15.450,voie3,0,
927,15.450,voie4,0,
927,15.450,voie5,0,
927,15.450,voie6,0,
928,15.467,voie1,0,
928,15.467,voie2,0,
928,15.467,voie3,0,
928,15.467,voie4,0,
928,15.467,voie5,0,
928,15.467,voie6,0,
929,15.483,voie1,0,
929,15.483,voie2,0,
929,15.483,voie3,0,
929,15.483,voie4,0,
929,15.483,voie5,0,
929,15.483,voie6,0,
930,15.500,voie1,0,
930,15.500,voie2,0,
930,15.500,voie3,0,
930,15.500,voie4,0,
930,15.500,voie5,0,
930,15.500,voie6,0,
931,15.517,voie1,0,
931,15.517,voie2,0,
931,15.517,voie3,0,
931,15.517,voie4,0,
931,15.517,voie5,0,
931,15.517,voie6,0,
932,15.533,voie1,0,
932,15.533,voie2,0,
932,15.533,voie3,0,
932,15.533,voie4,0,
932,15.533,voie5,0,
932,15.533,voie6,0,
933,15.550,voie1,0,
933,15.550,voie2,0,
933,15.550,voie3,0,
933,15.550,voie4,0,
933,15.550,voie5,0,
933,15.550,voie6,0,
934,15.567,voie1,0,
934,15.567,voie2,0,
934,15.567,voie3,0,
934,15.567,voie4,0,
934,15.567,voie5,0,
934,15.567,voie6,0,
935,15.583,voie1,0,
935,15.583,voie2,0,
935,15.583,voie3,0,
935,15.583,voie4,0,
935,15.583,voie5,0,
935,15.583,voie6,0,
936,15.600,voie1,0,
936,15.600,voie2,0,
936,15.600,voie3,0,
936,15.600,voie4,0,
936,15.600,voie5,0,
936,15.600,voie6,0,
937,15.617,voie1,0,
937,15.617,voie2,0,
937,15.617,voie3,0,
937,15.617,voie4,0,
937,15.617,voie5,0,
937,15.617,voie6,0,
938,15.633,voie1,0,
938,15.633,voie2,0,
938,15.633,voie3,0,
938,15.633,voie4,0,
938,15.633,voie5,0,
938,15.633,voie6,0,
939,15.650,voie1,0,
939,15.650,voie2,0,
939,15.650,voie3,0,
939,15.650,voie4,0,
939,15.650,voie5,0,
939,15.650,voie6,0,
940,15.667,voie1,0,
940,15.667,voie2,0,
940,15.667,voie3,0,
940,15.667,voie4,0,
940,15.667,voie5,0,
940,15.667,voie6,0,
941,15.683,voie1,0,
941,15.683,voie2,0,
941,15.683,voie3,0,
941,15.683,voie4,0,
941,15.683,voie5,0,
941,15.683,voie6,0,
942,15.700,voie1,0,
942,15.700,voie2,0,
942,15.700,voie3,0,
942,15.700,voie4,0,
942,15.700,voie5,0,
942,15.700,voie6,0,
943,15.717,voie1,0,
943,15.717,voie2,0,
943,15.717,voie3,0,
943,15.717,voie4,0,
943,15.717,voie5,0,
943,15.717,voie6,0,
944,15.733,voie1,0,
944,15.733,voie2,0,
944,15.733,voie3,0,
944,15.733,voie4,0,
944,15.733,voie5,0,
944,15.733,voie6,0,
945,15.750,voie1,0,
945,15.750,voie2,0,
945,15.750,voie3,0,
945,15.750,voie4,0,
945,15.750,voie5,0,
945,15.750,voie6,0,
946,15.767,voie1,0,
946,15.767,voie2,0,
946,15.767,voie3,0,
946,15.767,voie4,0,
946,15.767,voie5,0,
946,15.767,voie6,0,
947,15.783,voie1,0,
947,15.783,voie2,0,
947,15.783,voie3,0,
947,15.783,voie4,0,
947,15.783,voie5,0,
947,15.783,voie6,0,
948,15.800,voie1,0,
948,15.800,voie2,0,
948,15.800,voie3,0,
948,15.800,voie4,0,
948,15.800,voie5,0,
948,15.800,voie6,0,
949,15.817,voie1,0,
949,15.817,voie2,0,
949,15.817,voie3,0,
949,15.817,voie4,0,
949,15.817,voie5,0,
949,15.817,voie6,0,
950,15.833,voie1,0,
950,15.833,voie2,0,
950,15.833,voie3,0,
950,15.833,voie4,0,
950,15.833,voie5,0,
950,15.833,voie6,0,
951,15.850,voie1,0,
951,15.850,voie2,0,
951,15.850,voie3,0,
951,15.850,voie4,0,
951,15.850,voie5,0,
951,15.850,voie6,0,
952,15.867,voie1,0,
952,15.867,voie2,0,
952,15.867,voie3,0,
952,15.867,voie4,0,
952,15.867,voie5,0,
952,15.867,voie6,0,
953,15.883,voie1,0,
953,15.883,voie2,0,
953,15.883,voie3,0,
953,15.883,voie4,0,
953,15.883,voie5,0,
953,15.883,voie6,0,
954,15.900,voie1,0,
954,15.900,voie2,0,
954,15.900,voie3,0,
954,15.900,voie4,0,
954,15.900,voie5,0,
954,15.900,voie6,0,
955,15.917,voie1,0,
955,15.917,voie2,0,
955,15.917,voie3,0,
955,15.917,voie4,0,
955,15.917,voie5,0,
955,15.917,voie6,0,
956,15.933,voie1,0,
956,15.933,voie2,0,
956,15.933,voie3,0,
956,15.933,voie4,0,
956,15.933,voie5,0,
956,15.933,voie6,0,
957,15.950,voie1,0,
957,15.950,voie2,0,
957,15.950,voie3,0,
957,15.950,voie4,0,
957,15.950,voie5,0,
957,15.950,voie6,0,
958,15.967,voie1,0,
958,15.967,voie2,0,
958,15.967,voie3,0,
958,15.967,voie4,0,
958,15.967,voie5,0,
958,15.967,voie6,0,
959,15.983,voie1,0,
959,15.983,voie2,0,
959,15.983,voie3,0,
959,15.983,voie4,0,
959,15.983,voie5,0,
959,15.983,voie6,0,
960,16.000,voie1,0,
960,16.000,voie2,0,
960,16.000,voie3,0,
960,16.000,voie4,0,
960,16.000,voie5,0,
960,16.000,voie6,0,
961,16.017,voie1,0,
961,16.017,voie2,0,
961,16.017,voie3,0,
961,16.017,voie4,0,
961,16.017,voie5,0,
961,16.017,voie6,0,
962,16.033,voie1,0,
962,16.033,voie2,0,
962,16.033,voie3,0,
962,16.033,voie4,0,
962,16.033,voie5,0,
962,16.033,voie6,0,
963,16.050,voie1,0,
963,16.050,voie2,0,
963,16.050,voie3,0,
963,16.050,voie4,0,
963,16.050,voie5,0,
963,16.050,voie6,0,
964,16.067,voie1,0,
964,16.067,voie2,0,
964,16.067,voie3,0,
964,16.067,voie4,0,
964,16.067,voie5,0,
964,16.067,voie6,0,
965,16.083,voie1,0,
965,16.083,voie2,0,
965,16.083,voie3,0,
965,16.083,voie4,0,
965,16.083,voie5,0,
965,16.083,voie6,0,
966,16.100,voie1,0,
966,16.100,voie2,0,
966,16.100,voie3,0,
966,16.100,voie4,0,
966,16.100,voie5,0,
966,16.100,voie6,0,
967,16.117,voie1,0,
967,16.117,voie2,0,
967,16.117,voie3,0,
967,16.117,voie4,0,
967,16.117,voie5,0,
967,16.117,voie6,0,
968,16.133,voie1,0,
968,16.133,voie2,0,
968,16.133,voie3,0,
968,16.133,voie4,0,
968,16.133,voie5,0,
968,16.133,voie6,0,
969,16.150,voie1,0,
969,16.150,voie2,0,
969,16.150,voie3,0,
969,16.150,voie4,0,
969,16.150,voie5,0,
969,16.150,voie6,0,
970,16.167,voie1,0,
970,16.167,voie2,0,
970,16.167,voie3,0,
970,16.167,voie4,0,
970,16.167,voie5,0,
970,16.167,voie6,0,
971,16.183,voie1,0,
971,16.183,voie2,0,
971,16.183,voie3,0,
971,16.183,voie4,0,
971,16.183,voie5,0,
971,16.183,voie6,0,
972,16.200,voie1,0,
972,16.200,voie2,0,
972,16.200,voie3,0,
972,16.200,voie4,0,
972,16.200,voie5,0,
972,16.200,voie6,0,
973,16.217,voie1,0,
973,16.217,voie2,0,
973,16.217,voie3,0,
973,16.217,voie4,0,
973,16.217,voie5,0,
973,16.217,voie6,0,
974,16.233,voie1,0,
974,16.233,voie2,0,
974,16.233,voie3,0,
974,16.233,voie4,0,
974,16.233,voie5,0,
974,16.233,voie6,0,
975,16.250,voie1,0,
975,16.250,voie2,0,
975,16.250,voie3,0,
975,16.250,voie4,0,
975,16.250,voie5,0,
975,16.250,voie6,0,
976,16.267,voie1,0,
976,16.267,voie2,0,
976,16.267,voie3,0,
976,16.267,voie4,0,
976,16.267,voie5,0,
976,16.267,voie6,0,
977,16.283,voie1,0,
977,16.283,voie2,0,
977,16.283,voie3,0,
977,16.283,voie4,0,
977,16.283,voie5,0,
977,16.283,voie6,0,
978,16.300,voie1,0,
978,16.300,voie2,0,
978,16.300,voie3,0,
978,16.300,voie4,0,
978,16.300,voie5,0,
978,16.300,voie6,0,
979,16.317,voie1,0,
979,16.317,voie2,0,
979,16.317,voie3,0,
979,16.317,voie4,0,
979,16.317,voie5,0,
979,16.317,voie6,0,
980,16.333,voie1,0,
980,16.333,voie2,0,
980,16.333,voie3,0,
980,16.333,voie4,0,
980,16.333,voie5,0,
980,16.333,voie6,0,
981,16.350,voie1,0,
981,16.350,voie2,0,
981,16.350,voie3,0,
981,16.350,voie4,0,
981,16.350,voie5,0,
981,16.350,voie6,0,
982,16.367,voie1,0,
982,16.367,voie2,0,
982,16.367,voie3,0,
982,16.367,voie4,0,
982,16.367,voie5,0,
982,16.367,voie6,0,
983,16.383,voie1,0,
983,16.383,voie2,0,
983,16.383,voie3,0,
983,16.383,voie4,0,
983,16.383,voie5,0,
983,16.383,voie6,0,
984,16.400,voie1,0,
984,16.400,voie2,0,
984,16.400,voie3,0,
984,16.400,voie4,0,
984,16.400,voie5,0,
984,16.400,voie6,0,
985,16.417,voie1,0,
985,16.417,voie2,0,
985,16.417,voie3,0,
985,16.417,voie4,0,
985,16.417,voie5,0,
985,16.417,voie6,0,
986,16.433,voie1,0,
986,16.433,voie2,0,
986,16.433,voie3,0,
986,16.433,voie4,0,
986,16.433,voie5,0,
986,16.433,voie6,0,
987,16.450,voie1,0,
987,16.450,voie2,0,
987,16.450,voie3,0,
987,16.450,voie4,0,
987,16.450,voie5,0,
987,16.450,voie6,0,
988,16.467,voie1,0,
988,16.467,voie2,0,
988,16.467,voie3,0,
988,16.467,voie4,0,
988,16.467,voie5,0,
988,16.467,voie6,0,
989,16.483,voie1,0,
989,16.483,voie2,0,
989,16.483,voie3,0,
989,16.483,voie4,0,
989,16.483,voie5,0,
989,16.483,voie6,0,
990,16.500,voie1,0,
990,16.500,voie2,0,
990,16.500,voie3,0,
990,16.500,voie4,0,
990,16.500,voie5,0,
990,16.500,voie6,0,
991,16.517,voie1,0,
991,16.517,voie2,0,
991,16.517,voie3,0,
991,16.517,voie4,0,
991,16.517,voie5,0,
991,16.517,voie6,0,
992,16.533,voie1,0,
992,16.533,voie2,0,
992,16.533,voie3,0,
992,16.533,voie4,0,
992,16.533,voie5,0,
992,16.533,voie6,0,
993,16.550,voie1,0,
993,16.550,voie2,0,
993,16.550,voie3,0,
993,16.550,voie4,0,
993,16.550,voie5,0,
993,16.550,voie6,0,
994,16.567,voie1,0,
994,16.567,voie2,0,
994,16.567,voie3,0,
994,16.567,voie4,0,
994,16.567,voie5,0,
994,16.567,voie6,0,
995,16.583,voie1,0,
995,16.583,voie2,0,
995,16.583,voie3,0,
995,16.583,voie4,0,
995,16.583,voie5,0,
995,16.583,voie6,0,
996,16.600,voie1,0,
996,16.600,voie2,0,
996,16.600,voie3,0,
996,16.600,voie4,0,
996,16.600,voie5,0,
996,16.600,voie6,0,
997,16.617,voie1,0,
997,16.617,voie2,0,
997,16.617,voie3,0,
997,16.617,voie4,0,
997,16.617,voie5,0,
997,16.617,voie6,0,
998,16.633,voie1,0,
998,16.633,voie2,0,
998,16.633,voie3,0,
998,16.633,voie4,0,
998,16.633,voie5,0,
998,16.633,voie6,0,
999,16.650,voie1,0,
999,16.650,voie2,0,
999,16.650,voie3,0,
999,16.650,voie4,0,
999,16.650,voie5,0,
999,16.650,voie6,0,
1000,16.667,voie1,0,
1000,16.667,voie2,0,
1000,16.667,voie3,0,
1000,16.667,voie4,0,
1000,16.667,voie5,0,
1000,16.667,voie6,0,
1001,16.683,voie1,0,
1001,16.683,voie2,0,
1001,16.683,voie3,0,
1001,16.683,voie4,0,
1001,16.683,voie5,0,
1001,16.683,voie6,0,
1002,16.700,voie1,0,
1002,16.700,voie2,0,
1002,16.700,voie3,0,
1002,16.700,voie4,0,
1002,16.700,voie5,0,
1002,16.700,voie6,0,
1003,16.717,voie1,0,
1003,16.717,voie2,0,
1003,16.717,voie3,0,
1003,16.717,voie4,0,
1003,16.717,voie5,0,
1003,16.717,voie6,0,
1004,16.733,voie1,0,
1004,16.733,voie2,0,
1004,16.733,voie3,0,
1004,16.733,voie4,0,
1004,16.733,voie5,0,
1004,16.733,voie6,0,
1005,16.750,voie1,0,
1005,16.750,voie2,0,
1005,16.750,voie3,0,
1005,16.750,voie4,0,
1005,16.750,voie5,0,
1005,16.750,voie6,0,
1006,16.767,voie1,0,
1006,16.767,voie2,0,
1006,16.767,voie3,0,
1006,16.767,voie4,0,
1006,16.767,voie5,0,
1006,16.767,voie6,0,
1007,16.783,voie1,0,
1007,16.783,voie2,0,
1007,16.783,voie3,0,
1007,16.783,voie4,0,
1007,16.783,voie5,0,
1007,16.783,voie6,0,
1008,16.800,voie1,0,
1008,16.800,voie2,0,
1008,16.800,voie3,0,
1008,16.800,voie4,0,
1008,16.800,voie5,0,
1008,16.800,voie6,0,
1009,16.817,voie1,0,
1009,16.817,voie2,0,
1009,16.817,voie3,0,
1009,16.817,voie4,0,
1009,16.817,voie5,0,
1009,16.817,voie6,0,
1010,16.833,voie1,0,
1010,16.833,voie2,0,
1010,16.833,voie3,0,
1010,16.833,voie4,0,
1010,16.833,voie5,0,
1010,16.833,voie6,0,
1011,16.850,voie1,0,
1011,16.850,voie2,0,
1011,16.850,voie3,0,
1011,16.850,voie4,0,
1011,16.850,voie5,0,
1011,16.850,voie6,0,
1012,16.867,voie1,0,
1012,16.867,voie2,0,
1012,16.867,voie3,0,
1012,16.867,voie4,0,
1012,16.867,voie5,0,
1012,16.867,voie6,0,
1013,16.883,voie1,0,
1013,16.883,voie2,0,
1013,16.883,voie3,0,
1013,16.883,voie4,0,
1013,16.883,voie5,0,
1013,16.883,voie6,0,
1014,16.900,voie1,0,
1014,16.900,voie2,0,
1014,16.900,voie3,0,
1014,16.900,voie4,0,
1014,16.900,voie5,0,
1014,16.900,voie6,0,
1015,16.917,voie1,0,
1015,16.917,voie2,0,
1015,16.917,voie3,0,
1015,16.917,voie4,0,
1015,16.917,voie5,0,
1015,16.917,voie6,0,
1016,16.933,voie1,0,
1016,16.933,voie2,0,
1016,16.933,voie3,0,
1016,16.933,voie4,0,
1016,16.933,voie5,0,
1016,16.933,voie6,0,
1017,16.950,voie1,0,
1017,16.950,voie2,0,
1017,16.950,voie3,0,
1017,16.950,voie4,0,
1017,16.950,voie5,0,
1017,16.950,voie6,0,
1018,16.967,voie1,0,
1018,16.967,voie2,0,
1018,16.967,voie3,0,
1018,16.967,voie4,0,
1018,16.967,voie5,0,
1018,16.967,voie6,0,
1019,16.983,voie1,0,
1019,16.983,voie2,0,
1019,16.983,voie3,0,
1019,16.983,voie4,0,
1019,16.983,voie5,0,
1019,16.983,voie6,0,
1020,17.000,voie1,0,
1020,17.000,voie2,0,
1020,17.000,voie3,0,
1020,17.000,voie4,0,
1020,17.000,voie5,0,
1020,17.000,voie6,0,
1021,17.017,voie1,0,
1021,17.017,voie2,0,
1021,17.017,voie3,0,
1021,17.017,voie4,0,
1021,17.017,voie5,0,
1021,17.017,voie6,0,
1022,17.033,voie1,0,
1022,17.033,voie2,0,
1022,17.033,voie3,0,
1022,17.033,voie4,0,
1022,17.033,voie5,0,
1022,17.033,voie6,0,
1023,17.050,voie1,0,
1023,17.050,voie2,0,
1023,17.050,voie3,0,
1023,17.050,voie4,0,
1023,17.050,voie5,0,
1023,17.050,voie6,0,
1024,17.067,voie1,0,
1024,17.067,voie2,0,
1024,17.067,voie3,0,
1024,17.067,voie4,0,
1024,17.067,voie5,0,
1024,17.067,voie6,0,
1025,17.083,voie1,0,
1025,17.083,voie2,0,
1025,17.083,voie3,0,
1025,17.083,voie4,0,
1025,17.083,voie5,0,
1025,17.083,voie6,0,
1026,17.100,voie1,0,
1026,17.100,voie2,0,
1026,17.100,voie3,0,
1026,17.100,voie4,0,
1026,17.100,voie5,0,
1026,17.100,voie6,0,
1027,17.117,voie1,0,
1027,17.117,voie2,0,
1027,17.117,voie3,0,
1027,17.117,voie4,0,
1027,17.117,voie5,0,
1027,17.117,voie6,0,
1028,17.133,voie1,0,
1028,17.133,voie2,0,
1028,17.133,voie3,0,
1028,17.133,voie4,0,
1028,17.133,voie5,0,
1028,17.133,voie6,0,
1029,17.150,voie1,0,
1029,17.150,voie2,0,
1029,17.150,voie3,0,
1029,17.150,voie4,0,
1029,17.150,voie5,0,
1029,17.150,voie6,0,
1030,17.167,voie1,0,
1030,17.167,voie2,0,
1030,17.167,voie3,0,
1030,17.167,voie4,0,
1030,17.167,voie5,0,
1030,17.167,voie6,0,
1031,17.183,voie1,0,
1031,17.183,voie2,0,
1031,17.183,voie3,0,
1031,17.183,voie4,0,
1031,17.183,voie5,0,
1031,17.183,voie6,0,
1032,17.200,voie1,0,
1032,17.200,voie2,0,
1032,17.200,voie3,0,
1032,17.200,voie4,0,
1032,17.200,voie5,0,
1032,17.200,voie6,0,
1033,17.217,voie1,0,
1033,17.217,voie2,0,
1033,17.217,voie3,0,
1033,17.217,voie4,0,
1033,17.217,voie5,0,
1033,17.217,voie6,0,
1034,17.233,voie1,0,
1034,17.233,voie2,0,
1034,17.233,voie3,0,
1034,17.233,voie4,0,
1034,17.233,voie5,0,
1034,17.233,voie6,0,
1035,17.250,voie1,0,
1035,17.250,voie2,0,
1035,17.250,voie3,0,
1035,17.250,voie4,0,
1035,17.250,voie5,0,
1035,17.250,voie6,0,
1036,17.267,voie1,0,
1036,17.267,voie2,0,
1036,17.267,voie3,0,
1036,17.267,voie4,0,
1036,17.267,voie5,0,
1036,17.267,voie6,0,
1037,17.283,voie1,0,
1037,17.283,voie2,0,
1037,17.283,voie3,0,
1037,17.283,voie4,0,
1037,17.283,voie5,0,
1037,17.283,voie6,0,
1038,17.300,voie1,0,
1038,17.300,voie2,0,
1038,17.300,voie3,0,
1038,17.300,voie4,0,
1038,17.300,voie5,0,
1038,17.300,voie6,0,
1039,17.317,voie1,0,
1039,17.317,voie2,0,
1039,17.317,voie3,0,
1039,17.317,voie4,0,
1039,17.317,voie5,0,
1039,17.317,voie6,0,
1040,17.333,voie1,0,
1040,17.333,voie2,0,
1040,17.333,voie3,0,
1040,17.333,voie4,0,
1040,17.333,voie5,0,
1040,17.333,voie6,0,
1041,17.350,voie1,0,
1041,17.350,voie2,0,
1041,17.350,voie3,0,
1041,17.350,voie4,0,
1041,17.350,voie5,0,
1041,17.350,voie6,0,
1042,17.367,voie1,0,
1042,17.367,voie2,0,
1042,17.367,voie3,0,
1042,17.367,voie4,0,
1042,17.367,voie5,0,
1042,17.367,voie6,0,
1043,17.383,voie1,0,
1043,17.383,voie2,0,
1043,17.383,voie3,0,
1043,17.383,voie4,0,
1043,17.383,voie5,0,
1043,17.383,voie6,0,
1044,17.400,voie1,0,
1044,17.400,voie2,0,
1044,17.400,voie3,0,
1044,17.400,voie4,0,
1044,17.400,voie5,0,
1044,17.400,voie6,0,
1045,17.417,voie1,0,
1045,17.417,voie2,0,
1045,17.417,voie3,0,
1045,17.417,voie4,0,
1045,17.417,voie5,0,
1045,17.417,voie6,0,
1046,17.433,voie1,0,
1046,17.433,voie2,0,
1046,17.433,voie3,0,
1046,17.433,voie4,0,
1046,17.433,voie5,0,
1046,17.433,voie6,0,
1047,17.450,voie1,0,
1047,17.450,voie2,0,
1047,17.450,voie3,0,
1047,17.450,voie4,0,
1047,17.450,voie5,0,
1047,17.450,voie6,0,
1048,17.467,voie1,0,
1048,17.467,voie2,0,
1048,17.467,voie3,0,
1048,17.467,voie4,0,
1048,17.467,voie5,0,
1048,17.467,voie6,0,
1049,17.483,voie1,0,
1049,17.483,voie2,0,
1049,17.483,voie3,0,
1049,17.483,voie4,0,
1049,17.483,voie5,0,
1049,17.483,voie6,0,
1050,17.500,voie1,0,
1050,17.500,voie2,0,
1050,17.500,voie3,0,
1050,17.500,voie4,0,
1050,17.500,voie5,0,
1050,17.500,voie6,0,
1051,17.517,voie1,0,
1051,17.517,voie2,0,
1051,17.517,voie3,0,
1051,17.517,voie4,0,
1051,17.517,voie5,0,
1051,17.517,voie6,0,
1052,17.533,voie1,0,
1052,17.533,voie2,0,
1052,17.533,voie3,0,
1052,17.533,voie4,0,
1052,17.533,voie5,0,
1052,17.533,voie6,0,
1053,17.550,voie1,0,
1053,17.550,voie2,0,
1053,17.550,voie3,0,
1053,17.550,voie4,0,
1053,17.550,voie5,0,
1053,17.550,voie6,0,
1054,17.567,voie1,0,
1054,17.567,voie2,0,
1054,17.567,voie3,0,
1054,17.567,voie4,0,
1054,17.567,voie5,0,
1054,17.567,voie6,0,
1055,17.583,voie1,0,
1055,17.583,voie2,0,
1055,17.583,voie3,0,
1055,17.583,voie4,0,
1055,17.583,voie5,0,
1055,17.583,voie6,0,
1056,17.600,voie1,0,
1056,17.600,voie2,0,
1056,17.600,voie3,0,
1056,17.600,voie4,0,
1056,17.600,voie5,0,
1056,17.600,voie6,0,
1057,17.617,voie1,0,
1057,17.617,voie2,0,
1057,17.617,voie3,0,
1057,17.617,voie4,0,
1057,17.617,voie5,0,
1057,17.617,voie6,0,
1058,17.633,voie1,0,
1058,17.633,voie2,0,
1058,17.633,voie3,0,
1058,17.633,voie4,0,
1058,17.633,voie5,0,
1058,17.633,voie6,0,
1059,17.650,voie1,0,
1059,17.650,voie2,0,
1059,17.650,voie3,0,
1059,17.650,voie4,0,
1059,17.650,voie5,0,
1059,17.650,voie6,0,
1060,17.667,voie1,0,
1060,17.667,voie2,0,
1060,17.667,voie3,0,
1060,17.667,voie4,0,
1060,17.667,voie5,0,
1060,17.667,voie6,0,
1061,17.683,voie1,0,
1061,17.683,voie2,0,
1061,17.683,voie3,0,
1061,17.683,voie4,0,
1061,17.683,voie5,0,
1061,17.683,voie6,0,
1062,17.700,voie1,0,
1062,17.700,voie2,0,
1062,17.700,voie3,0,
1062,17.700,voie4,0,
1062,17.700,voie5,0,
1062,17.700,voie6,0,
1063,17.717,voie1,0,
1063,17.717,voie2,0,
1063,17.717,voie3,0,
1063,17.717,voie4,0,
1063,17.717,voie5,0,
1063,17.717,voie6,0,
1064,17.733,voie1,0,
1064,17.733,voie2,0,
1064,17.733,voie3,0,
1064,17.733,voie4,0,
1064,17.733,voie5,0,
1064,17.733,voie6,0,
1065,17.750,voie1,0,
1065,17.750,voie2,0,
1065,17.750,voie3,0,
1065,17.750,voie4,0,
1065,17.750,voie5,0,
1065,17.750,voie6,0,
1066,17.767,voie1,0,
1066,17.767,voie2,0,
1066,17.767,voie3,0,
1066,17.767,voie4,0,
1066,17.767,voie5,0,
1066,17.767,voie6,0,
1067,17.783,voie1,0,
1067,17.783,voie2,0,
1067,17.783,voie3,0,
1067,17.783,voie4,0,
1067,17.783,voie5,0,
1067,17.783,voie6,0,
1068,17.800,voie1,0,
1068,17.800,voie2,0,
1068,17.800,voie3,0,
1068,17.800,voie4,0,
1068,17.800,voie5,0,
1068,17.800,voie6,0,
1069,17.817,voie1,0,
1069,17.817,voie2,0,
1069,17.817,voie3,0,
1069,17.817,voie4,0,
1069,17.817,voie5,0,
1069,17.817,voie6,0,
1070,17.833,voie1,0,
1070,17.833,voie2,0,
1070,17.833,voie3,0,
1070,17.833,voie4,0,
1070,17.833,voie5,0,
1070,17.833,voie6,0,
1071,17.850,voie1,0,
1071,17.850,voie2,0,
1071,17.850,voie3,0,
1071,17.850,voie4,0,
1071,17.850,voie5,0,
1071,17.850,voie6,0,
1072,17.867,voie1,0,
1072,17.867,voie2,0,
1072,17.867,voie3,0,
1072,17.867,voie4,0,
1072,17.867,voie5,0,
1072,17.867,voie6,0,
1073,17.883,voie1,0,
1073,17.883,voie2,0,
1073,17.883,voie3,0,
1073,17.883,voie4,0,
1073,17.883,voie5,0,
1073,17.883,voie6,0,
1074,17.900,voie1,0,
1074,17.900,voie2,0,
1074,17.900,voie3,0,
1074,17.900,voie4,0,
1074,17.900,voie5,0,
1074,17.900,voie6,0,
1075,17.917,voie1,0,
1075,17.917,voie2,0,
1075,17.917,voie3,0,
1075,17.917,voie4,0,
1075,17.917,voie5,0,
1075,17.917,voie6,0,
1076,17.933,voie1,0,
1076,17.933,voie2,0,
1076,17.933,voie3,0,
1076,17.933,voie4,0,
1076,17.933,voie5,0,
1076,17.933,voie6,0,
1077,17.950,voie1,0,
1077,17.950,voie2,0,
1077,17.950,voie3,0,
1077,17.950,voie4,0,
1077,17.950,voie5,0,
1077,17.950,voie6,0,
1078,17.967,voie1,0,
1078,17.967,voie2,0,
1078,17.967,voie3,0,
1078,17.967,voie4,0,
1078,17.967,voie5,0,
1078,17.967,voie6,0,
1079,17.983,voie1,0,
1079,17.983,voie2,0,
1079,17.983,voie3,0,
1079,17.983,voie4,0,
1079,17.983,voie5,0,
1079,17.983,voie6,0,
1080,18.000,voie1,0,
1080,18.000,voie2,0,
1080,18.000,voie3,0,
1080,18.000,voie4,0,
1080,18.000,voie5,0,
1080,18.000,voie6,0,
1081,18.017,voie1,0,
1081,18.017,voie2,0,
1081,18.017,voie3,0,
1081,18.017,voie4,0,
1081,18.017,voie5,0,
1081,18.017,voie6,0,
1082,18.033,voie1,0,
1082,18.033,voie2,0,
1082,18.033,voie3,0,
1082,18.033,voie4,0,
1082,18.033,voie5,0,
1082,18.033,voie6,0,
1083,18.050,voie1,0,
1083,18.050,voie2,0,
1083,18.050,voie3,0,
1083,18.050,voie4,0,
1083,18.050,voie5,0,
1083,18.050,voie6,0,
1084,18.067,voie1,0,
1084,18.067,voie2,0,
1084,18.067,voie3,0,
1084,18.067,voie4,0,
1084,18.067,voie5,0,
1084,18.067,voie6,0,
1085,18.083,voie1,0,
1085,18.083,voie2,0,
1085,18.083,voie3,0,
1085,18.083,voie4,0,
1085,18.083,voie5,0,
1085,18.083,voie6,0,
1086,18.100,voie1,0,
1086,18.100,voie2,0,
1086,18.100,voie3,0,
1086,18.100,voie4,0,
1086,18.100,voie5,0,
1086,18.100,voie6,0,
1087,18.117,voie1,0,
1087,18.117,voie2,0,
1087,18.117,voie3,0,
1087,18.117,voie4,0,
1087,18.117,voie5,0,
1087,18.117,voie6,0,
1088,18.133,voie1,0,
1088,18.133,voie2,0,
1088,18.133,voie3,0,
1088,18.133,voie4,0,
1088,18.133,voie5,0,
1088,18.133,voie6,0,
1089,18.150,voie1,0,
1089,18.150,voie2,0,
1089,18.150,voie3,0,
1089,18.150,voie4,0,
1089,18.150,voie5,0,
1089,18.150,voie6,0,
1090,18.167,voie1,0,
1090,18.167,voie2,0,
1090,18.167,voie3,0,
1090,18.167,voie4,0,
1090,18.167,voie5,0,
1090,18.167,voie6,0,
1091,18.183,voie1,0,
1091,18.183,voie2,0,
1091,18.183,voie3,0,
1091,18.183,voie4,0,
1091,18.183,voie5,0,
1091,18.183,voie6,0,
1092,18.200,voie1,0,
1092,18.200,voie2,0,
1092,18.200,voie3,0,
1092,18.200,voie4,0,
1092,18.200,voie5,0,
1092,18.200,voie6,0,
1093,18.217,voie1,0,
1093,18.217,voie2,0,
1093,18.217,voie3,0,
1093,18.217,voie4,0,
1093,18.217,voie5,0,
1093,18.217,voie6,0,
1094,18.233,voie1,0,
1094,18.233,voie2,0,
1094,18.233,voie3,0,
1094,18.233,voie4,0,
1094,18.233,voie5,0,
1094,18.233,voie6,0,
1095,18.250,voie1,0,
1095,18.250,voie2,0,
1095,18.250,voie3,0,
1095,18.250,voie4,0,
1095,18.250,voie5,0,
1095,18.250,voie6,0,
1096,18.267,voie1,0,
1096,18.267,voie2,0,
1096,18.267,voie3,0,
1096,18.267,voie4,0,
1096,18.267,voie5,0,
1096,18.267,voie6,0,
1097,18.283,voie1,0,
1097,18.283,voie2,0,
1097,18.283,voie3,0,
1097,18.283,voie4,0,
1097,18.283,voie5,0,
1097,18.283,voie6,0,
1098,18.300,voie1,0,
1098,18.300,voie2,0,
1098,18.300,voie3,0,
1098,18.300,voie4,0,
1098,18.300,voie5,0,
1098,18.300,voie6,0,
1099,18.317,voie1,0,
1099,18.317,voie2,0,
1099,18.317,voie3,0,
1099,18.317,voie4,0,
1099,18.317,voie5,0,
1099,18.317,voie6,0,
1100,18.333,voie1,0,
1100,18.333,voie2,0,
1100,18.333,voie3,0,
1100,18.333,voie4,0,
1100,18.333,voie5,0,
1100,18.333,voie6,0,
1101,18.350,voie1,0,
1101,18.350,voie2,0,
1101,18.350,voie3,0,
1101,18.350,voie4,0,
1101,18.350,voie5,0,
1101,18.350,voie6,0,
1102,18.367,voie1,0,
1102,18.367,voie2,0,
1102,18.367,voie3,0,
1102,18.367,voie4,0,
1102,18.367,voie5,0,
1102,18.367,voie6,0,
1103,18.383,voie1,0,
1103,18.383,voie2,0,
1103,18.383,voie3,0,
1103,18.383,voie4,0,
1103,18.383,voie5,0,
1103,18.383,voie6,0,
1104,18.400,voie1,0,
1104,18.400,voie2,0,
1104,18.400,voie3,0,
1104,18.400,voie4,0,
1104,18.400,voie5,0,
1104,18.400,voie6,0,
1105,18.417,voie1,0,
1105,18.417,voie2,0,
1105,18.417,voie3,0,
1105,18.417,voie4,0,
1105,18.417,voie5,0,
1105,18.417,voie6,0,
1106,18.433,voie1,0,
1106,18.433,voie2,0,
1106,18.433,voie3,0,
1106,18.433,voie4,0,
1106,18.433,voie5,0,
1106,18.433,voie6,0,
1107,18.450,voie1,0,
1107,18.450,voie2,0,
1107,18.450,voie3,0,
1107,18.450,voie4,0,
1107,18.450,voie5,0,
1107,18.450,voie6,0,
1108,18.467,voie1,0,
1108,18.467,voie2,0,
1108,18.467,voie3,0,
1108,18.467,voie4,0,
1108,18.467,voie5,0,
1108,18.467,voie6,0,
1109,18.483,voie1,0,
1109,18.483,voie2,0,
1109,18.483,voie3,0,
1109,18.483,voie4,0,
1109,18.483,voie5,0,
1109,18.483,voie6,0,
1110,18.500,voie1,0,
1110,18.500,voie2,0,
1110,18.500,voie3,0,
1110,18.500,voie4,0,
1110,18.500,voie5,0,
1110,18.500,voie6,0,
1111,18.517,voie1,0,
1111,18.517,voie2,0,
1111,18.517,voie3,0,
1111,18.517,voie4,0,
1111,18.517,voie5,0,
1111,18.517,voie6,0,
1112,18.533,voie1,0,
1112,18.533,voie2,0,
1112,18.533,voie3,0,
1112,18.533,voie4,0,
1112,18.533,voie5,0,
1112,18.533,voie6,0,
1113,18.550,voie1,0,
1113,18.550,voie2,0,
1113,18.550,voie3,0,
1113,18.550,voie4,0,
1113,18.550,voie5,0,
1113,18.550,voie6,0,
1114,18.567,voie1,0,
1114,18.567,voie2,0,
1114,18.567,voie3,0,
1114,18.567,voie4,0,
1114,18.567,voie5,0,
1114,18.567,voie6,0,
1115,18.583,voie1,0,
1115,18.583,voie2,0,
1115,18.583,voie3,0,
1115,18.583,voie4,0,
1115,18.583,voie5,0,
1115,18.583,voie6,0,
1116,18.600,voie1,0,
1116,18.600,voie2,0,
1116,18.600,voie3,0,
1116,18.600,voie4,0,
1116,18.600,voie5,0,
1116,18.600,voie6,0,
1117,18.617,voie1,0,
1117,18.617,voie2,0,
1117,18.617,voie3,0,
1117,18.617,voie4,0,
1117,18.617,voie5,0,
1117,18.617,voie6,0,
1118,18.633,voie1,0,
1118,18.633,voie2,0,
1118,18.633,voie3,0,
1118,18.633,voie4,0,
1118,18.633,voie5,0,
1118,18.633,voie6,0,
1119,18.650,voie1,0,
1119,18.650,voie2,0,
1119,18.650,voie3,0,
1119,18.650,voie4,0,
1119,18.650,voie5,0,
1119,18.650,voie6,0,
1120,18.667,voie1,0,
1120,18.667,voie2,0,
1120,18.667,voie3,0,
1120,18.667,voie4,0,
1120,18.667,voie5,0,
1120,18.667,voie6,0,
1121,18.683,voie1,0,
1121,18.683,voie2,0,
1121,18.683,voie3,0,
1121,18.683,voie4,0,
1121,18.683,voie5,0,
1121,18.683,voie6,0,
1122,18.700,voie1,0,
1122,18.700,voie2,0,
1122,18.700,voie3,0,
1122,18.700,voie4,0,
1122,18.700,voie5,0,
1122,18.700,voie6,0,
1123,18.717,voie1,0,
1123,18.717,voie2,0,
1123,18.717,voie3,0,
1123,18.717,voie4,0,
1123,18.717,voie5,0,
1123,18.717,voie6,0,
1124,18.733,voie1,0,
1124,18.733,voie2,0,
1124,18.733,voie3,0,
1124,18.733,voie4,0,
1124,18.733,voie5,0,
1124,18.733,voie6,0,
1125,18.750,voie1,0,
1125,18.750,voie2,0,
1125,18.750,voie3,0,
1125,18.750,voie4,0,
1125,18.750,voie5,0,
1125,18.750,voie6,0,
1126,18.767,voie1,0,
1126,18.767,voie2,0,
1126,18.767,voie3,0,
1126,18.767,voie4,0,
1126,18.767,voie5,0,
1126,18.767,voie6,0,
1127,18.783,voie1,0,
1127,18.783,voie2,0,
1127,18.783,voie3,0,
1127,18.783,voie4,0,
1127,18.783,voie5,0,
1127,18.783,voie6,0,
1128,18.800,voie1,0,
1128,18.800,voie2,0,
1128,18.800,voie3,0,
1128,18.800,voie4,0,
1128,18.800,voie5,0,
1128,18.800,voie6,0,
1129,18.817,voie1,0,
1129,18.817,voie2,0,
1129,18.817,voie3,0,
1129,18.817,voie4,0,
1129,18.817,voie5,0,
1129,18.817,voie6,0,
1130,18.833,voie1,0,
1130,18.833,voie2,0,
1130,18.833,voie3,0,
1130,18.833,voie4,0,
1130,18.833,voie5,0,
1130,18.833,voie6,0,
1131,18.850,voie1,0,
1131,18.850,voie2,0,
1131,18.850,voie3,0,
1131,18.850,voie4,0,
1131,18.850,voie5,0,
1131,18.850,voie6,0,
1132,18.867,voie1,0,
1132,18.867,voie2,0,
1132,18.867,voie3,0,
1132,18.867,voie4,0,
1132,18.867,voie5,0,
1132,18.867,voie6,0,
1133,18.883,voie1,0,
1133,18.883,voie2,0,
1133,18.883,voie3,0,
1133,18.883,voie4,0,
1133,18.883,voie5,0,
1133,18.883,voie6,0,
1134,18.900,voie1,0,
1134,18.900,voie2,0,
1134,18.900,voie3,0,
1134,18.900,voie4,0,
1134,18.900,voie5,0,
1134,18.900,voie6,0,
1135,18.917,voie1,0,
1135,18.917,voie2,0,
1135,18.917,voie3,0,
1135,18.917,voie4,0,
1135,18.917,voie5,0,
1135,18.917,voie6,0,
1136,18.933,voie1,0,
1136,18.933,voie2,0,
1136,18.933,voie3,0,
1136,18.933,voie4,0,
1136,18.933,voie5,0,
1136,18.933,voie6,0,
1137,18.950,voie1,0,
1137,18.950,voie2,0,
1137,18.950,voie3,0,
1137,18.950,voie4,0,
1137,18.950,voie5,0,
1137,18.950,voie6,0,
1138,18.967,voie1,0,
1138,18.967,voie2,0,
1138,18.967,voie3,0,
1138,18.967,voie4,0,
1138,18.967,voie5,0,
1138,18.967,voie6,0,
1139,18.983,voie1,0,
1139,18.983,voie2,0,
1139,18.983,voie3,0,
1139,18.983,voie4,0,
1139,18.983,voie5,0,
1139,18.983,voie6,0,
1140,19.000,voie1,0,
1140,19.000,voie2,0,
1140,19.000,voie3,0,
1140,19.000,voie4,0,
1140,19.000,voie5,0,
1140,19.000,voie6,0,
1141,19.017,voie1,0,
1141,19.017,voie2,0,
1141,19.017,voie3,0,
1141,19.017,voie4,0,
1141,19.017,voie5,0,
1141,19.017,voie6,0,
1142,19.033,voie1,0,
1142,19.033,voie2,0,
1142,19.033,voie3,0,
1142,19.033,voie4,0,
1142,19.033,voie5,0,
1142,19.033,voie6,0,
1143,19.050,voie1,0,
1143,19.050,voie2,0,
1143,19.050,voie3,0,
1143,19.050,voie4,0,
1143,19.050,voie5,0,
1143,19.050,voie6,0,
1144,19.067,voie1,0,
1144,19.067,voie2,0,
1144,19.067,voie3,0,
1144,19.067,voie4,0,
1144,19.067,voie5,0,
1144,19.067,voie6,0,
1145,19.083,voie1,0,
1145,19.083,voie2,0,
1145,19.083,voie3,0,
1145,19.083,voie4,0,
1145,19.083,voie5,0,
1145,19.083,voie6,0,
1146,19.100,voie1,0,
1146,19.100,voie2,0,
1146,19.100,voie3,0,
1146,19.100,voie4,0,
1146,19.100,voie5,0,
1146,19.100,voie6,0,
1147,19.117,voie1,0,
1147,19.117,voie2,0,
1147,19.117,voie3,0,
1147,19.117,voie4,0,
1147,19.117,voie5,0,
1147,19.117,voie6,0,
1148,19.133,voie1,0,
1148,19.133,voie2,0,
1148,19.133,voie3,0,
1148,19.133,voie4,0,
1148,19.133,voie5,0,
1148,19.133,voie6,0,
1149,19.150,voie1,0,
1149,19.150,voie2,0,
1149,19.150,voie3,0,
1149,19.150,voie4,0,
1149,19.150,voie5,0,
1149,19.150,voie6,0,
1150,19.167,voie1,0,
1150,19.167,voie2,0,
1150,19.167,voie3,0,
1150,19.167,voie4,0,
1150,19.167,voie5,0,
1150,19.167,voie6,0,
1151,19.183,voie1,0,
1151,19.183,voie2,0,
1151,19.183,voie3,0,
1151,19.183,voie4,0,
1151,19.183,voie5,0,
1151,19.183,voie6,0,
1152,19.200,voie1,0,
1152,19.200,voie2,0,
1152,19.200,voie3,0,
1152,19.200,voie4,0,
1152,19.200,voie5,0,
1152,19.200,voie6,0,
1153,19.217,voie1,0,
1153,19.217,voie2,0,
1153,19.217,voie3,0,
1153,19.217,voie4,0,
1153,19.217,voie5,0,
1153,19.217,voie6,0,
1154,19.233,voie1,0,
1154,19.233,voie2,0,
1154,19.233,voie3,0,
1154,19.233,voie4,0,
1154,19.233,voie5,0,
1154,19.233,voie6,0,
1155,19.250,voie1,0,
1155,19.250,voie2,0,
1155,19.250,voie3,0,
1155,19.250,voie4,0,
1155,19.250,voie5,0,
1155,19.250,voie6,0,
1156,19.267,voie1,0,
1156,19.267,voie2,0,
1156,19.267,voie3,0,
1156,19.267,voie4,0,
1156,19.267,voie5,0,
1156,19.267,voie6,0,
1157,19.283,voie1,0,
1157,19.283,voie2,0,
1157,19.283,voie3,0,
1157,19.283,voie4,0,
1157,19.283,voie5,0,
1157,19.283,voie6,0,
1158,19.300,voie1,0,
1158,19.300,voie2,0,
1158,19.300,voie3,0,
1158,19.300,voie4,0,
1158,19.300,voie5,0,
1158,19.300,voie6,0,
1159,19.317,voie1,0,
1159,19.317,voie2,0,
1159,19.317,voie3,0,
1159,19.317,voie4,0,
1159,19.317,voie5,0,
1159,19.317,voie6,0,
1160,19.333,voie1,0,
1160,19.333,voie2,0,
1160,19.333,voie3,0,
1160,19.333,voie4,0,
1160,19.333,voie5,0,
1160,19.333,voie6,0,
1161,19.350,voie1,0,
1161,19.350,voie2,0,
1161,19.350,voie3,0,
1161,19.350,voie4,0,
1161,19.350,voie5,0,
1161,19.350,voie6,0,
1162,19.367,voie1,0,
1162,19.367,voie2,0,
1162,19.367,voie3,0,
1162,19.367,voie4,0,
1162,19.367,voie5,0,
1162,19.367,voie6,0,
1163,19.383,voie1,0,
1163,19.383,voie2,0,
1163,19.383,voie3,0,
1163,19.383,voie4,0,
1163,19.383,voie5,0,
1163,19.383,voie6,0,
1164,19.400,voie1,0,
1164,19.400,voie2,0,
1164,19.400,voie3,0,
1164,19.400,voie4,0,
1164,19.400,voie5,0,
1164,19.400,voie6,0,
1165,19.417,voie1,0,
1165,19.417,voie2,0,
1165,19.417,voie3,0,
1165,19.417,voie4,0,
1165,19.417,voie5,0,
1165,19.417,voie6,0,
1166,19.433,voie1,0,
1166,19.433,voie2,0,
1166,19.433,voie3,0,
1166,19.433,voie4,0,
1166,19.433,voie5,0,
1166,19.433,voie6,0,
1167,19.450,voie1,0,
1167,19.450,voie2,0,
1167,19.450,voie3,0,
1167,19.450,voie4,0,
1167,19.450,voie5,0,
1167,19.450,voie6,0,
1168,19.467,voie1,0,
1168,19.467,voie2,0,
1168,19.467,voie3,0,
1168,19.467,voie4,0,
1168,19.467,voie5,0,
1168,19.467,voie6,0,
1169,19.483,voie1,0,
1169,19.483,voie2,0,
1169,19.483,voie3,0,
1169,19.483,voie4,0,
1169,19.483,voie5,0,
1169,19.483,voie6,0,
1170,19.500,voie1,0,
1170,19.500,voie2,0,
1170,19.500,voie3,0,
1170,19.500,voie4,0,
1170,19.500,voie5,0,
1170,19.500,voie6,0,
1171,19.517,voie1,0,
1171,19.517,voie2,0,
1171,19.517,voie3,0,
1171,19.517,voie4,0,
1171,19.517,voie5,0,
1171,19.517,voie6,0,
1172,19.533,voie1,0,
1172,19.533,voie2,0,
1172,19.533,voie3,0,
1172,19.533,voie4,0,
1172,19.533,voie5,0,
1172,19.533,voie6,0,
1173,19.550,voie1,0,
1173,19.550,voie2,0,
1173,19.550,voie3,0,
1173,19.550,voie4,0,
1173,19.550,voie5,0,
1173,19.550,voie6,0,
1174,19.567,voie1,0,
1174,19.567,voie2,0,
1174,19.567,voie3,0,
1174,19.567,voie4,0,
1174,19.567,voie5,0,
1174,19.567,voie6,0,
1175,19.583,voie1,0,
1175,19.583,voie2,0,
1175,19.583,voie3,0,
1175,19.583,voie4,0,
1175,19.583,voie5,0,
1175,19.583,voie6,0,
1176,19.600,voie1,0,
1176,19.600,voie2,0,
1176,19.600,voie3,0,
1176,19.600,voie4,0,
1176,19.600,voie5,0,
1176,19.600,voie6,0,
1177,19.617,voie1,0,
1177,19.617,voie2,0,
1177,19.617,voie3,0,
1177,19.617,voie4,0,
1177,19.617,voie5,0,
1177,19.617,voie6,0,
1178,19.633,voie1,0,
1178,19.633,voie2,0,
1178,19.633,voie3,0,
1178,19.633,voie4,0,
1178,19.633,voie5,0,
1178,19.633,voie6,0,
1179,19.650,voie1,0,
1179,19.650,voie2,0,
1179,19.650,voie3,0,
1179,19.650,voie4,0,
1179,19.650,voie5,0,
1179,19.650,voie6,0,
1180,19.667,voie1,0,
1180,19.667,voie2,0,
1180,19.667,voie3,0,
1180,19.667,voie4,0,
1180,19.667,voie5,0,
1180,19.667,voie6,0,
1181,19.683,voie1,0,
1181,19.683,voie2,0,
1181,19.683,voie3,0,
1181,19.683,voie4,0,
1181,19.683,voie5,0,
1181,19.683,voie6,0,
1182,19.700,voie1,0,
1182,19.700,voie2,0,
1182,19.700,voie3,0,
1182,19.700,voie4,0,
1182,19.700,voie5,0,
1182,19.700,voie6,0,
1183,19.717,voie1,0,
1183,19.717,voie2,0,
1183,19.717,voie3,0,
1183,19.717,voie4,0,
1183,19.717,voie5,0,
1183,19.717,voie6,0,
1184,19.733,voie1,0,
1184,19.733,voie2,0,
1184,19.733,voie3,0,
1184,19.733,voie4,0,
1184,19.733,voie5,0,
1184,19.733,voie6,0,
1185,19.750,voie1,0,
1185,19.750,voie2,0,
1185,19.750,voie3,0,
1185,19.750,voie4,0,
1185,19.750,voie5,0,
1185,19.750,voie6,0,
1186,19.767,voie1,0,
1186,19.767,voie2,0,
1186,19.767,voie3,0,
1186,19.767,voie4,0,
1186,19.767,voie5,0,
1186,19.767,voie6,0,
1187,19.783,voie1,0,
1187,19.783,voie2,0,
1187,19.783,voie3,0,
1187,19.783,voie4,0,
1187,19.783,voie5,0,
1187,19.783,voie6,0,
1188,19.800,voie1,0,
1188,19.800,voie2,0,
1188,19.800,voie3,0,
1188,19.800,voie4,0,
1188,19.800,voie5,0,
1188,19.800,voie6,0,
1189,19.817,voie1,0,
1189,19.817,voie2,0,
1189,19.817,voie3,0,
1189,19.817,voie4,0,
1189,19.817,voie5,0,
1189,19.817,voie6,0,
1190,19.833,voie1,0,
1190,19.833,voie2,0,
1190,19.833,voie3,0,
1190,19.833,voie4,0,
1190,19.833,voie5,0,
1190,19.833,voie6,0,
1191,19.850,voie1,0,
1191,19.850,voie2,0,
1191,19.850,voie3,0,
1191,19.850,voie4,0,
1191,19.850,voie5,0,
1191,19.850,voie6,0,
1192,19.867,voie1,0,
1192,19.867,voie2,0,
1192,19.867,voie3,0,
1192,19.867,voie4,0,
1192,19.867,voie5,0,
1192,19.867,voie6,0,
1193,19.883,voie1,0,
1193,19.883,voie2,0,
1193,19.883,voie3,0,
1193,19.883,voie4,0,
1193,19.883,voie5,0,
1193,19.883,voie6,0,
1194,19.900,voie1,0,
1194,19.900,voie2,0,
1194,19.900,voie3,0,
1194,19.900,voie4,0,
1194,19.900,voie5,0,
1194,19.900,voie6,0,
1195,19.917,voie1,0,
1195,19.917,voie2,0,
1195,19.917,voie3,0,
1195,19.917,voie4,0,
1195,19.917,voie5,0,
1195,19.917,voie6,0,
1196,19.933,voie1,0,
1196,19.933,voie2,0,
1196,19.933,voie3,0,
1196,19.933,voie4,0,
1196,19.933,voie5,0,
1196,19.933,voie6,0,
1197,19.950,voie1,0,
1197,19.950,voie2,0,
1197,19.950,voie3,0,
1197,19.950,voie4,0,
1197,19.950,voie5,0,
1197,19.950,voie6,0,
1198,19.967,voie1,0,
1198,19.967,voie2,0,
1198,19.967,voie3,0,
1198,19.967,voie4,0,
1198,19.967,voie5,0,
1198,19.967,voie6,0,
1199,19.983,voie1,0,
1199,19.983,voie2,0,
1199,19.983,voie3,0,
1199,19.983,voie4,0,
1199,19.983,voie5,0,
1199,19.983,voie6,0,
1200,20.000,voie1,0,
1200,20.000,voie2,0,
1200,20.000,voie3,0,
1200,20.000,voie4,0,
1200,20.000,voie5,0,
1200,20.000,voie6,0,
1201,20.017,voie1,0,
1201,20.017,voie2,0,
1201,20.017,voie3,0,
1201,20.017,voie4,0,
1201,20.017,voie5,0,
1201,20.017,voie6,0,
1202,20.033,voie1,0,
1202,20.033,voie2,0,
1202,20.033,voie3,0,
1202,20.033,voie4,0,
1202,20.033,voie5,0,
1202,20.033,voie6,0,
1203,20.050,voie1,0,
1203,20.050,voie2,0,
1203,20.050,voie3,0,
1203,20.050,voie4,0,
1203,20.050,voie5,0,
1203,20.050,voie6,0,
1204,20.067,voie1,0,
1204,20.067,voie2,0,
1204,20.067,voie3,0,
1204,20.067,voie4,0,
1204,20.067,voie5,0,
1204,20.067,voie6,0,
1205,20.083,voie1,0,
1205,20.083,voie2,0,
1205,20.083,voie3,0,
1205,20.083,voie4,0,
1205,20.083,voie5,0,
1205,20.083,voie6,0,
1206,20.100,voie1,0,
1206,20.100,voie2,0,
1206,20.100,voie3,0,
1206,20.100,voie4,0,
1206,20.100,voie5,0,
1206,20.100,voie6,0,
1207,20.117,voie1,0,
1207,20.117,voie2,0,
1207,20.117,voie3,0,
1207,20.117,voie4,0,
1207,20.117,voie5,0,
1207,20.117,voie6,0,
1208,20.133,voie1,0,
1208,20.133,voie2,0,
1208,20.133,voie3,0,
1208,20.133,voie4,0,
1208,20.133,voie5,0,
1208,20.133,voie6,0,
1209,20.150,voie1,0,
1209,20.150,voie2,0,
1209,20.150,voie3,0,
1209,20.150,voie4,0,
1209,20.150,voie5,0,
1209,20.150,voie6,0,
1210,20.167,voie1,0,
1210,20.167,voie2,0,
1210,20.167,voie3,0,
1210,20.167,voie4,0,
1210,20.167,voie5,0,
1210,20.167,voie6,0,
1211,20.183,voie1,0,
1211,20.183,voie2,0,
1211,20.183,voie3,0,
1211,20.183,voie4,0,
1211,20.183,voie5,0,
1211,20.183,voie6,0,
1212,20.200,voie1,0,
1212,20.200,voie2,0,
1212,20.200,voie3,0,
1212,20.200,voie4,0,
1212,20.200,voie5,0,
1212,20.200,voie6,0,
1213,20.217,voie1,0,
1213,20.217,voie2,0,
1213,20.217,voie3,0,
1213,20.217,voie4,0,
1213,20.217,voie5,0,
1213,20.217,voie6,0,
1214,20.233,voie1,0,
1214,20.233,voie2,0,
1214,20.233,voie3,0,
1214,20.233,voie4,0,
1214,20.233,voie5,0,
1214,20.233,voie6,0,
1215,20.250,voie1,0,
1215,20.250,voie2,0,
1215,20.250,voie3,0,
1215,20.250,voie4,0,
1215,20.250,voie5,0,
1215,20.250,voie6,0,
1216,20.267,voie1,0,
1216,20.267,voie2,0,
1216,20.267,voie3,0,
1216,20.267,voie4,0,
1216,20.267,voie5,0,
1216,20.267,voie6,0,
1217,20.283,voie1,0,
1217,20.283,voie2,0,
1217,20.283,voie3,0,
1217,20.283,voie4,0,
1217,20.283,voie5,0,
1217,20.283,voie6,0,
1218,20.300,voie1,0,
1218,20.300,voie2,0,
1218,20.300,voie3,0,
1218,20.300,voie4,0,
1218,20.300,voie5,0,
1218,20.300,voie6,0,
1219,20.317,voie1,0,
1219,20.317,voie2,0,
1219,20.317,voie3,0,
1219,20.317,voie4,0,
1219,20.317,voie5,0,
1219,20.317,voie6,0,
1220,20.333,voie1,0,
1220,20.333,voie2,0,
1220,20.333,voie3,0,
1220,20.333,voie4,0,
1220,20.333,voie5,0,
1220,20.333,voie6,0,
1221,20.350,voie1,0,
1221,20.350,voie2,0,
1221,20.350,voie3,0,
1221,20.350,voie4,0,
1221,20.350,voie5,0,
1221,20.350,voie6,0,
1222,20.367,voie1,0,
1222,20.367,voie2,0,
1222,20.367,voie3,0,
1222,20.367,voie4,0,
1222,20.367,voie5,0,
1222,20.367,voie6,0,
1223,20.383,voie1,0,
1223,20.383,voie2,0,
1223,20.383,voie3,0,
1223,20.383,voie4,0,
1223,20.383,voie5,0,
1223,20.383,voie6,0,
1224,20.400,voie1,0,
1224,20.400,voie2,0,
1224,20.400,voie3,0,
1224,20.400,voie4,0,
1224,20.400,voie5,0,
1224,20.400,voie6,0,
1225,20.417,voie1,0,
1225,20.417,voie2,0,
1225,20.417,voie3,0,
1225,20.417,voie4,0,
1225,20.417,voie5,0,
1225,20.417,voie6,0,
1226,20.433,voie1,0,
1226,20.433,voie2,0,
1226,20.433,voie3,0,
1226,20.433,voie4,0,
1226,20.433,voie5,0,
1226,20.433,voie6,0,
1227,20.450,voie1,0,
1227,20.450,voie2,0,
1227,20.450,voie3,0,
1227,20.450,voie4,0,
1227,20.450,voie5,0,
1227,20.450,voie6,0,
