frame,train_track_id,train_conf,train_bbox,assigned_track,overlap
0,1,0.8501657247543335,"[740.73779296875, 395.63330078125, 1167.713623046875, 929.05078125]",voie1,0.0791
1,1,0.8483405113220215,"[740.0424194335938, 395.5165100097656, 1166.36865234375, 932.4778442382812]",voie1,0.0981
2,1,0.8537027835845947,"[736.7337646484375, 395.32855224609375, 1188.2086181640625, 889.1209716796875]",voie1,0.0125
3,1,0.8649900555610657,"[737.6012573242188, 394.5272521972656, 1181.9705810546875, 903.0315551757812]",voie1,0.0435
4,1,0.8685468435287476,"[738.1478271484375, 394.27215576171875, 1178.1737060546875, 914.5350341796875]",voie1,0.0645
5,1,0.8661307692527771,"[738.9669799804688, 394.1868896484375, 1177.261474609375, 917.24755859375]",voie1,0.0694
6,1,0.8443006873130798,"[742.0183715820312, 395.02239990234375, 1192.2047119140625, 902.4338989257812]",voie1,0.0295
7,1,0.8594391942024231,"[739.5234375, 393.24713134765625, 1212.3370361328125, 900.0579223632812]",voie2,0.0429
8,1,0.8525171279907227,"[756.25927734375, 392.76141357421875, 1220.119384765625, 906.2098999023438]",voie1,0.0285
9,1,0.867223858833313,"[761.4420166015625, 393.18939208984375, 1218.862548828125, 911.6844482421875]",voie1,0.0116
10,1,0.8802291750907898,"[766.4849853515625, 393.2776184082031, 1224.0496826171875, 916.7467041015625]",voie1,0.0142
11,1,0.8680357336997986,"[772.0497436523438, 393.2391662597656, 1233.7764892578125, 915.549072265625]",voie1,0.0137
12,1,0.8535258173942566,"[778.7222900390625, 391.7869567871094, 1242.0234375, 917.0550537109375]",voie1,0.0298
13,1,0.862853467464447,"[781.9541015625, 392.1327209472656, 1245.8782958984375, 916.6203002929688]",voie1,0.0219
14,1,0.8640191555023193,"[782.2266235351562, 391.893798828125, 1246.4560546875, 916.339599609375]",voie1,0.0218
15,1,0.8635737895965576,"[784.8574829101562, 391.75323486328125, 1251.6375732421875, 919.1378784179688]",voie1,0.0188
16,1,0.8680329322814941,"[786.3516845703125, 392.4871520996094, 1252.149169921875, 918.617919921875]",voie1,0.0164
17,1,0.8699762225151062,"[785.9147338867188, 391.1230163574219, 1251.4093017578125, 921.5578002929688]",voie1,0.0192
18,1,0.8700903654098511,"[785.6342163085938, 390.6852111816406, 1250.9906005859375, 922.7747192382812]",voie1,0.0198
19,1,0.8695432543754578,"[785.2960205078125, 389.5023498535156, 1252.3927001953125, 921.8540649414062]",voie1,0.0223
20,1,0.866443932056427,"[782.7930908203125, 389.07818603515625, 1250.86181640625, 921.6506958007812]",voie1,0.0186
21,1,0.8690020442008972,"[781.100830078125, 389.83056640625, 1250.3690185546875, 920.82421875]",voie1,0.0243
22,1,0.8709738850593567,"[781.58740234375, 389.2808837890625, 1250.6290283203125, 921.522216796875]",voie1,0.0247
23,1,0.8485463857650757,"[778.8818359375, 385.7906188964844, 1250.7449951171875, 918.8519287109375]",voie1,0.0451
24,1,0.8561860918998718,"[774.9725341796875, 383.65399169921875, 1249.36328125, 916.1218872070312]",voie1,0.0252
25,1,0.8469412922859192,"[769.831787109375, 384.3389892578125, 1238.4698486328125, 919.3466796875]",voie1,0.0456
26,1,0.8556636571884155,"[763.7257690429688, 385.535888671875, 1228.418212890625, 921.4492797851562]",voie1,0.0477
27,1,0.855475664138794,"[764.5308837890625, 386.3156433105469, 1227.6417236328125, 922.4976806640625]",voie1,0.0488
28,1,0.860630452632904,"[763.608154296875, 383.8171691894531, 1229.570556640625, 916.9136352539062]",voie1,0.0367
29,1,0.8849877715110779,"[762.848876953125, 379.8592834472656, 1222.2373046875, 923.4595947265625]",voie1,0.0866
30,1,0.8809284567832947,"[765.427490234375, 381.57110595703125, 1217.851318359375, 913.5916137695312]",voie1,0.0706
31,1,0.8821679353713989,"[767.4884643554688, 382.7245178222656, 1217.5889892578125, 910.9275512695312]",voie1,0.066
32,1,0.8774958848953247,"[755.7936401367188, 380.0189208984375, 1214.8277587890625, 925.4764404296875]",voie1,0.0754
33,1,0.8793609142303467,"[738.3478393554688, 378.247314453125, 1202.884765625, 907.8875122070312]",voie1,0.0355
34,1,0.8785386085510254,"[736.9052734375, 377.48895263671875, 1200.4571533203125, 910.8126831054688]",voie1,0.028
35,1,0.8779084086418152,"[738.58837890625, 377.3144836425781, 1201.7509765625, 911.921630859375]",voie1,0.0293
36,1,0.8753250241279602,"[739.5668334960938, 376.21270751953125, 1193.1849365234375, 905.6469116210938]",voie1,0.0258
37,1,0.8722273111343384,"[736.862060546875, 375.23468017578125, 1191.322021484375, 903.0113525390625]",voie1,0.0519
38,1,0.869382917881012,"[727.4000854492188, 374.1495056152344, 1178.5850830078125, 891.62255859375]",voie1,0.0354
39,1,0.8699260354042053,"[721.8303833007812, 376.13818359375, 1173.5352783203125, 885.768310546875]",voie1,0.0207
40,1,0.8736711144447327,"[721.23828125, 376.3993225097656, 1173.58447265625, 886.2894287109375]",voie1,0.0223
41,1,0.8616624474525452,"[721.0382080078125, 376.7347412109375, 1169.19677734375, 880.8252563476562]",voie1,0.0098
42,1,0.8793839812278748,"[715.9913330078125, 380.20452880859375, 1168.322265625, 903.8934936523438]",voie1,0.0421
43,1,0.8723908066749573,"[713.3726806640625, 382.1077880859375, 1168.8441162109375, 904.98388671875]",voie1,0.0282
44,1,0.8722846508026123,"[713.4973754882812, 381.628662109375, 1169.7779541015625, 904.3954467773438]",voie1,0.0274
45,1,0.8689974546432495,"[714.1341552734375, 383.481689453125, 1173.5755615234375, 908.83349609375]",voie1,0.0201
46,1,0.8674426078796387,"[714.398193359375, 382.7441101074219, 1177.7967529296875, 910.878173828125]",voie1,0.0314
47,1,0.8748151063919067,"[716.0213623046875, 380.96368408203125, 1181.9263916015625, 916.3619995117188]",voie1,0.0319
48,1,0.8709964156150818,"[716.164306640625, 380.35540771484375, 1183.2603759765625, 914.4097290039062]",voie1,0.0298
49,1,0.8684531450271606,"[717.337646484375, 378.52032470703125, 1183.65087890625, 913.989501953125]",voie1,0.0415
50,1,0.8743945956230164,"[718.893798828125, 378.0104675292969, 1186.7548828125, 913.3290405273438]",voie1,0.0406
51,1,0.8780683875083923,"[718.608154296875, 378.07720947265625, 1191.25048828125, 911.3642578125]",voie1,0.0335
52,1,0.8826087117195129,"[717.7120971679688, 376.64093017578125, 1193.3582763671875, 911.642578125]",voie1,0.033
53,1,0.8784177303314209,"[717.1677856445312, 376.0737609863281, 1194.3590087890625, 909.51904296875]",voie1,0.0302
54,1,0.8868784308433533,"[717.9229736328125, 375.12042236328125, 1199.1876220703125, 911.2748413085938]",voie1,0.0372
55,1,0.8858544230461121,"[718.4750366210938, 374.7547607421875, 1202.55029296875, 921.131103515625]",voie1,0.0509
56,1,0.8806401491165161,"[716.4386596679688, 375.32562255859375, 1200.6373291015625, 912.236083984375]",voie1,0.0335
57,1,0.8803313374519348,"[716.2734985351562, 375.1033935546875, 1200.5472412109375, 908.3419799804688]",voie1,0.029
58,1,0.8838016986846924,"[716.141357421875, 374.9959411621094, 1199.419921875, 911.640380859375]",voie1,0.0296
59,1,0.8918685913085938,"[719.73974609375, 374.5904846191406, 1208.555419921875, 927.8134765625]",voie1,0.0433
60,1,0.888719379901886,"[723.1758422851562, 372.1246643066406, 1216.2684326171875, 933.5430297851562]",voie1,0.0508
61,1,0.8888781666755676,"[723.2680053710938, 371.1187438964844, 1218.137939453125, 935.4437255859375]",voie1,0.0529
62,1,0.8927794098854065,"[723.669677734375, 370.3396301269531, 1218.0364990234375, 936.6163330078125]",voie1,0.0527
63,1,0.8872888684272766,"[723.5623168945312, 373.4067077636719, 1217.06005859375, 940.9569702148438]",voie1,0.0603
64,1,0.8907514214515686,"[723.8801879882812, 374.8250732421875, 1220.3487548828125, 940.1119384765625]",voie1,0.0578
65,1,0.8825311064720154,"[723.6416625976562, 376.5821228027344, 1221.3594970703125, 927.977783203125]",voie1,0.0316
66,1,0.8846448063850403,"[723.9385986328125, 376.48663330078125, 1221.9927978515625, 926.203857421875]",voie1,0.0297
67,1,0.8767105937004089,"[730.1029052734375, 382.0787658691406, 1221.2550048828125, 937.6396484375]",voie1,0.0325
68,1,0.872020423412323,"[728.4901123046875, 382.3524169921875, 1215.6290283203125, 943.6988525390625]",voie1,0.0372
69,1,0.8668269515037537,"[726.7644653320312, 384.0155029296875, 1208.026123046875, 930.2805786132812]",voie2,0.0224
70,1,0.8667844533920288,"[726.5283813476562, 383.05023193359375, 1205.3702392578125, 923.6297607421875]",voie2,0.0161
71,1,0.8404293060302734,"[739.4925537109375, 388.55133056640625, 1201.8101806640625, 905.3599243164062]",voie2,0.0016
72,1,0.8604754209518433,"[738.54150390625, 390.5594177246094, 1215.5692138671875, 930.6266479492188]",voie1,0.0248
73,1,0.8623670339584351,"[736.1846313476562, 390.67010498046875, 1214.7174072265625, 935.7894897460938]",voie1,0.0275
74,1,0.8611153960227966,"[734.0810546875, 390.1091613769531, 1213.5091552734375, 934.7493896484375]",voie1,0.026
75,1,0.8605567216873169,"[733.25341796875, 391.39019775390625, 1209.9840087890625, 922.858642578125]",voie1,0.0008
76,1,0.8447042107582092,"[733.617919921875, 390.9991760253906, 1217.22509765625, 931.9600830078125]",voie2,0.0069
77,1,0.8495417237281799,"[736.4826049804688, 390.7911682128906, 1214.8240966796875, 928.0516357421875]",voie1,0.0003
78,1,0.8697333931922913,"[746.0743408203125, 391.58758544921875, 1209.48779296875, 935.67626953125]",voie2,0.0079
79,1,0.8699506521224976,"[748.1748657226562, 391.82855224609375, 1206.322509765625, 938.6679077148438]",voie2,0.013
80,1,0.8640121817588806,"[751.0390625, 387.5163269042969, 1229.3326416015625, 939.33642578125]",voie2,0.014
81,1,0.8636866807937622,"[754.1746826171875, 385.6281433105469, 1239.9024658203125, 940.2191772460938]",voie2,0.0153
82,1,0.840563952922821,"[749.2340698242188, 386.6000061035156, 1245.1529541015625, 932.6626586914062]",voie2,0.0036
83,1,0.8477614521980286,"[747.631591796875, 387.8323974609375, 1245.12890625, 944.2411499023438]",voie2,0.0188
84,1,0.8490591049194336,"[754.2443237304688, 387.8355407714844, 1244.3577880859375, 932.7718505859375]",voie2,0.0022
85,1,0.8647894263267517,"[759.2300415039062, 387.29473876953125, 1248.880859375, 926.8687744140625]",,0.0
86,1,0.8808779716491699,"[764.3623657226562, 387.2915954589844, 1249.8487548828125, 954.4036254882812]",voie2,0.0215
87,1,0.8794463872909546,"[766.25341796875, 386.68182373046875, 1249.9847412109375, 947.57861328125]",voie2,0.0135
88,1,0.8762723803520203,"[767.75634765625, 387.5247802734375, 1251.095703125, 942.0270385742188]",voie1,0.0055
89,1,0.875798225402832,"[769.4482421875, 387.62786865234375, 1254.54833984375, 940.6068725585938]",voie2,0.0035
90,1,0.8468394875526428,"[769.8447265625, 387.50665283203125, 1246.9775390625, 931.6395263671875]",voie1,0.0007
91,1,0.8822678327560425,"[769.132568359375, 389.02166748046875, 1243.207275390625, 952.9595336914062]",voie1,0.008
92,1,0.881978452205658,"[769.60009765625, 389.9718017578125, 1242.7205810546875, 961.033447265625]",voie1,0.0108
93,1,0.8525948524475098,"[769.4268798828125, 389.14715576171875, 1241.8291015625, 946.1345825195312]",voie2,0.0215
94,1,0.8883506655693054,"[770.0848999023438, 386.7819519042969, 1244.85888671875, 960.2107543945312]",voie1,0.0114
95,1,0.888144850730896,"[769.8522338867188, 386.01287841796875, 1245.59228515625, 965.3168334960938]",voie1,0.0133
96,1,0.8879761695861816,"[769.9995727539062, 385.9533996582031, 1246.162109375, 967.4765014648438]",voie1,0.014
97,1,0.8886527419090271,"[769.8809204101562, 385.4885559082031, 1244.0120849609375, 967.9185180664062]",voie1,0.0135
98,1,0.8924360275268555,"[769.8486328125, 382.5335693359375, 1245.1676025390625, 968.1231689453125]",voie1,0.014
99,1,0.8634533286094666,"[770.4204711914062, 380.2904968261719, 1244.357177734375, 944.9126586914062]",voie3,0.0248
100,1,0.8871734142303467,"[771.3215942382812, 378.12884521484375, 1246.2938232421875, 960.022216796875]",voie1,0.0121
101,1,0.8676537871360779,"[770.6510009765625, 377.5591735839844, 1244.5482177734375, 955.5822143554688]",voie2,0.0394
102,1,0.8212040066719055,"[774.3247680664062, 377.0379638671875, 1246.0618896484375, 931.3898315429688]",voie2,0.012
103,1,0.8504821062088013,"[776.7843017578125, 372.7898864746094, 1247.807861328125, 896.2332153320312]",,0.0
104,1,0.8557758927345276,"[775.8151245117188, 370.96466064453125, 1254.0992431640625, 915.0963745117188]",voie1,0.0056
105,1,0.8555538654327393,"[773.6804809570312, 371.25982666015625, 1254.849609375, 922.6445922851562]",voie1,0.0142
106,1,0.8637652397155762,"[773.6866455078125, 368.8660583496094, 1257.40576171875, 938.576416015625]",voie1,0.0341
107,1,0.8633342385292053,"[784.6129760742188, 361.53326416015625, 1258.7825927734375, 942.2393798828125]",voie1,0.0406
108,1,0.8677024245262146,"[792.1226806640625, 355.4690246582031, 1266.3116455078125, 947.830810546875]",voie1,0.0483
109,1,0.8663255572319031,"[794.1317138671875, 354.16949462890625, 1268.2403564453125, 949.3748168945312]",voie1,0.0499
110,1,0.8677442073822021,"[793.273681640625, 350.96905517578125, 1265.540771484375, 951.3074340820312]",voie1,0.0509
111,1,0.8496087193489075,"[795.1668090820312, 348.9257507324219, 1265.3837890625, 920.6956787109375]",voie1,0.0237
112,1,0.8519341349601746,"[797.5850830078125, 346.72113037109375, 1276.4449462890625, 908.8688354492188]",voie1,0.0131
113,1,0.8500733375549316,"[798.9622192382812, 345.8591003417969, 1278.0413818359375, 909.9150390625]",voie1,0.0142
114,1,0.8497495055198669,"[798.971435546875, 345.78875732421875, 1278.255615234375, 910.4922485351562]",voie1,0.0149
115,1,0.8484366536140442,"[800.7848510742188, 344.4564208984375, 1280.021240234375, 903.7586669921875]",voie1,0.0078
116,1,0.8507224917411804,"[799.7932739257812, 343.4117431640625, 1277.3687744140625, 901.09423828125]",voie1,0.005
117,1,0.8572275042533875,"[803.0989379882812, 344.6687316894531, 1274.7913818359375, 906.52783203125]",voie1,0.0118
118,1,0.8578083515167236,"[805.5230102539062, 345.3913269042969, 1274.9456787109375, 908.794189453125]",voie1,0.0144
119,1,0.863482654094696,"[800.3663330078125, 341.05584716796875, 1274.00244140625, 918.7423095703125]",voie1,0.0268
120,1,0.8630167245864868,"[790.8037109375, 337.1181945800781, 1263.846435546875, 919.2869873046875]",voie1,0.0293
121,1,0.8366860747337341,"[789.8424072265625, 339.0826721191406, 1255.20751953125, 906.1297607421875]",voie1,0.0108
122,1,0.8268056511878967,"[790.8858642578125, 339.1892395019531, 1252.8447265625, 893.3467407226562]",,0.0
123,1,0.8402187824249268,"[793.8154296875, 340.86749267578125, 1246.67431640625, 893.093994140625]",,0.0
124,1,0.846017599105835,"[785.0301513671875, 341.1392517089844, 1248.3343505859375, 894.4104614257812]",,0.0
125,1,0.8467949032783508,"[778.0233154296875, 344.1258239746094, 1252.28125, 906.28271484375]",voie1,0.0098
126,1,0.8577025532722473,"[776.4029541015625, 347.4388122558594, 1254.3956298828125, 911.1134643554688]",voie1,0.0143
127,1,0.8578134775161743,"[776.1721801757812, 347.5394592285156, 1255.1480712890625, 911.795166015625]",voie1,0.0148
128,1,0.8680731058120728,"[773.9515991210938, 347.6038818359375, 1257.6607666015625, 932.8406372070312]",voie1,0.0319
129,1,0.8683057427406311,"[772.9828491210938, 347.27215576171875, 1260.6072998046875, 944.91162109375]",voie1,0.0428
130,1,0.8670838475227356,"[771.4974975585938, 347.6138916015625, 1259.185302734375, 958.2828369140625]",voie1,0.0534
131,1,0.8665464520454407,"[771.8966674804688, 346.7293395996094, 1259.332275390625, 962.3704223632812]",voie1,0.0569
132,1,0.8801496624946594,"[772.2681274414062, 350.19781494140625, 1262.6253662109375, 961.2349243164062]",voie1,0.0499
133,1,0.866933286190033,"[772.937255859375, 356.3807373046875, 1271.633056640625, 941.14111328125]",voie1,0.0224
134,1,0.8768856525421143,"[772.135986328125, 357.1307678222656, 1278.048583984375, 954.7106323242188]",voie1,0.0347
135,1,0.8763147592544556,"[771.89501953125, 356.7453918457031, 1280.676025390625, 956.9191284179688]",voie1,0.0377
136,1,0.8797774910926819,"[772.2689819335938, 361.0848693847656, 1275.7508544921875, 965.1669311523438]",voie1,0.011
137,1,0.8733975887298584,"[772.0598754882812, 361.7083435058594, 1290.540283203125, 963.951416015625]",voie1,0.0391
138,1,0.8940973281860352,"[772.233154296875, 365.55328369140625, 1301.4666748046875, 976.62939453125]",,0.0
139,1,0.8779323697090149,"[772.46533203125, 369.4058532714844, 1304.7960205078125, 970.2498779296875]",voie1,0.039
140,1,0.8746400475502014,"[772.8135986328125, 369.6843566894531, 1306.10302734375, 963.11328125]",voie1,0.0301
141,1,0.8807477355003357,"[772.1749267578125, 370.7062683105469, 1310.2740478515625, 967.9027099609375]",voie1,0.0295
142,1,0.8737526535987854,"[776.1583862304688, 372.3984375, 1318.2821044921875, 946.3078002929688]",voie1,0.0034
143,1,0.8679987192153931,"[781.4488525390625, 373.7052001953125, 1316.0950927734375, 939.3313598632812]",,0.0
144,1,0.8678812980651855,"[782.57861328125, 373.9247741699219, 1314.3792724609375, 936.4028930664062]",,0.0
145,1,0.8597302436828613,"[779.3320922851562, 374.0936584472656, 1317.5792236328125, 935.984619140625]",,0.0
146,1,0.8654956221580505,"[777.4353637695312, 372.6897888183594, 1320.781494140625, 947.6873168945312]",voie1,0.0049
147,1,0.8645453453063965,"[776.2266235351562, 375.1535949707031, 1332.247802734375, 948.184814453125]",voie1,0.0027
148,1,0.8647457361221313,"[776.164794921875, 374.9426574707031, 1337.3447265625, 947.1117553710938]",voie1,0.0015
149,1,0.8579970598220825,"[776.0759887695312, 375.4356994628906, 1341.3358154296875, 945.5977783203125]",voie1,0.0018
150,1,0.8582718968391418,"[775.6134643554688, 376.95355224609375, 1343.2220458984375, 949.7978515625]",voie1,0.0064
151,1,0.875466525554657,"[773.7586059570312, 379.22723388671875, 1337.9576416015625, 966.0525512695312]",voie1,0.017
152,1,0.8463690876960754,"[774.9564819335938, 381.1396179199219, 1325.3154296875, 954.883544921875]",voie2,0.005
153,1,0.8450019359588623,"[774.5901489257812, 380.8846435546875, 1319.0284423828125, 950.7352294921875]",voie2,0.0032
154,1,0.8565942049026489,"[775.1487426757812, 384.4940185546875, 1313.6466064453125, 939.0507202148438]",,0.0
155,1,0.8570324778556824,"[776.46728515625, 384.675537109375, 1319.8385009765625, 937.62060546875]",,0.0
156,1,0.861810028553009,"[778.064453125, 385.4917907714844, 1337.552001953125, 942.6610717773438]",,0.0
157,1,0.8630345463752747,"[778.2225952148438, 384.9991760253906, 1343.8544921875, 946.9410400390625]",,0.0
158,1,0.8561709523200989,"[777.9743041992188, 385.0830993652344, 1345.4608154296875, 939.0462646484375]",,0.0
159,1,0.8783540725708008,"[781.1328125, 385.16632080078125, 1352.856689453125, 966.657470703125]",voie2,0.0064
160,1,0.8758309483528137,"[783.1298828125, 385.0831298828125, 1354.0269775390625, 979.15283203125]",voie2,0.0203
161,1,0.8654236793518066,"[784.4468994140625, 385.04998779296875, 1353.1865234375, 977.0324096679688]",voie2,0.0179
162,1,0.8637913465499878,"[782.8455810546875, 384.62017822265625, 1350.47509765625, 976.0494384765625]",voie2,0.0168
163,1,0.8953524231910706,"[785.71337890625, 385.4419860839844, 1354.6441650390625, 990.7832641601562]",voie1,0.0066
164,1,0.8913904428482056,"[783.9317016601562, 384.66522216796875, 1351.607177734375, 995.9351806640625]",voie1,0.0087
165,1,0.8964277505874634,"[788.2387084960938, 383.856689453125, 1343.40625, 1001.7784423828125]",,0.0
166,1,0.8965155482292175,"[789.9627685546875, 383.12310791015625, 1340.1669921875, 1003.3339233398438]",,0.0
167,1,0.8899049758911133,"[792.9315185546875, 383.8514404296875, 1339.410888671875, 997.4306030273438]",voie1,0.0084
168,1,0.8820195198059082,"[796.46240234375, 383.52972412109375, 1342.8289794921875, 997.2472534179688]",voie1,0.0081
169,1,0.8789436221122742,"[797.4688110351562, 382.9237976074219, 1347.2620849609375, 987.8431396484375]",voie1,0.0099
170,1,0.8801859021186829,"[797.96142578125, 382.7030944824219, 1349.2122802734375, 978.7167358398438]",voie1,0.0004
171,1,0.901775598526001,"[798.0166625976562, 383.8853454589844, 1352.7049560546875, 997.2601318359375]",,0.0
172,1,0.9024900197982788,"[795.3616943359375, 384.8974609375, 1353.2933349609375, 1005.6094360351562]",,0.0
173,1,0.9010697603225708,"[798.73876953125, 384.4498291015625, 1351.696044921875, 1007.8373413085938]",,0.0
174,1,0.9009695649147034,"[800.0700073242188, 383.8538818359375, 1350.987548828125, 1007.9635620117188]",,0.0
175,1,0.903544545173645,"[797.7968139648438, 383.72344970703125, 1357.2578125, 1009.2857055664062]",,0.0
176,1,0.8965739607810974,"[796.14453125, 385.4116516113281, 1357.2767333984375, 1011.0911865234375]",,0.0
177,1,0.9040294885635376,"[797.7661743164062, 383.2823181152344, 1360.19580078125, 1010.2014770507812]",,0.0
178,1,0.9078589081764221,"[801.5494995117188, 383.1383361816406, 1364.0177001953125, 1012.7197875976562]",,0.0
179,1,0.9078477621078491,"[802.4642944335938, 382.7124938964844, 1364.7205810546875, 1013.0578002929688]",,0.0
180,1,0.9110286831855774,"[805.8673095703125, 383.98919677734375, 1367.471435546875, 1014.267822265625]",,0.0
181,1,0.9060943722724915,"[805.182861328125, 377.7230224609375, 1376.4237060546875, 1018.7650756835938]",,0.0
182,1,0.9098144769668579,"[806.6448364257812, 380.8721618652344, 1369.38037109375, 1015.7344360351562]",,0.0
183,1,0.9099247455596924,"[807.3750610351562, 382.0445251464844, 1366.19873046875, 1014.505615234375]",,0.0
184,1,0.9084728956222534,"[809.693603515625, 384.0989990234375, 1374.008544921875, 1015.7987060546875]",,0.0
185,1,0.9080435633659363,"[811.2832641601562, 378.1548767089844, 1384.828369140625, 1019.2857055664062]",,0.0
186,1,0.9105312824249268,"[811.3726806640625, 372.9518737792969, 1392.685791015625, 1020.4940795898438]",,0.0
187,1,0.910611629486084,"[811.023681640625, 371.2472839355469, 1395.0020751953125, 1021.1924438476562]",,0.0
188,1,0.9093062877655029,"[811.2510986328125, 372.32562255859375, 1396.2122802734375, 1021.5503540039062]",,0.0
189,1,0.9094337821006775,"[812.4736938476562, 371.55963134765625, 1403.1290283203125, 1020.87060546875]",,0.0
190,1,0.9053799510002136,"[812.5444946289062, 370.2074890136719, 1407.6846923828125, 1020.41796875]",,0.0
191,1,0.905036211013794,"[812.0035400390625, 368.4542541503906, 1410.0601806640625, 1019.6463012695312]",,0.0
192,1,0.9050278663635254,"[812.15283203125, 367.9026184082031, 1410.9462890625, 1019.3591918945312]",,0.0
193,1,0.9051322340965271,"[812.8027954101562, 364.8718566894531, 1413.7017822265625, 1019.8055419921875]",,0.0
194,1,0.9027346968650818,"[811.5916137695312, 362.8702392578125, 1413.1741943359375, 1020.6753540039062]",,0.0
195,1,0.9042931795120239,"[813.3881225585938, 361.43096923828125, 1414.6812744140625, 1019.318115234375]",,0.0
196,1,0.9038799405097961,"[813.4618530273438, 361.5113220214844, 1414.5936279296875, 1019.3540649414062]",,0.0
197,1,0.9010604619979858,"[818.9550170898438, 357.0129699707031, 1418.8406982421875, 1019.4712524414062]",,0.0
198,1,0.9020031690597534,"[822.9888916015625, 354.3202209472656, 1421.7144775390625, 1020.15966796875]",,0.0
199,1,0.9001312255859375,"[829.5184936523438, 354.1935119628906, 1426.0830078125, 1020.6687622070312]",,0.0
200,1,0.8945006132125854,"[824.4527587890625, 352.4755554199219, 1427.0355224609375, 1019.5284423828125]",,0.0
201,1,0.8951160907745361,"[823.3464965820312, 352.5747985839844, 1427.880126953125, 1019.4498291015625]",,0.0
202,1,0.8931169509887695,"[826.7766723632812, 352.8800354003906, 1431.3291015625, 1019.8217163085938]",,0.0
203,1,0.8901689648628235,"[829.1238403320312, 351.7391662597656, 1434.03125, 1019.0054931640625]",,0.0
204,1,0.9016541838645935,"[837.24462890625, 351.1192321777344, 1434.212890625, 1019.2371215820312]",,0.0
205,1,0.9014858603477478,"[839.8305053710938, 351.2102966308594, 1433.3775634765625, 1019.8277587890625]",,0.0
206,1,0.8995769619941711,"[834.0410766601562, 349.6073303222656, 1433.0352783203125, 1019.3003540039062]",,0.0
207,1,0.898327112197876,"[836.3441772460938, 345.28582763671875, 1437.3597412109375, 1019.3419189453125]",,0.0
208,1,0.8896986246109009,"[836.9078979492188, 341.32281494140625, 1445.39990234375, 1019.5791015625]",,0.0
209,1,0.8898956179618835,"[835.5712890625, 339.949462890625, 1446.97802734375, 1019.7091064453125]",,0.0
210,1,0.889667272567749,"[834.0347900390625, 340.8293151855469, 1449.82373046875, 1019.1257934570312]",,0.0
211,1,0.8899504542350769,"[838.30419921875, 341.4729309082031, 1453.9237060546875, 1019.3265380859375]",,0.0
212,1,0.8893192410469055,"[839.0852661132812, 340.9089660644531, 1457.031494140625, 1019.3475341796875]",,0.0
213,1,0.8950330018997192,"[843.1993408203125, 339.0684814453125, 1463.116943359375, 1019.34765625]",,0.0
214,1,0.8941907286643982,"[844.2615966796875, 338.5703125, 1464.7667236328125, 1019.7858276367188]",,0.0
215,1,0.8980249166488647,"[848.1012573242188, 338.49853515625, 1465.5277099609375, 1020.1309814453125]",,0.0
216,1,0.8892371654510498,"[847.0985717773438, 333.9591979980469, 1464.83837890625, 1020.4879150390625]",,0.0
217,1,0.8896392583847046,"[848.69091796875, 337.7320251464844, 1469.7431640625, 1019.896240234375]",,0.0
218,1,0.8886838555335999,"[848.9220581054688, 339.219970703125, 1471.2325439453125, 1019.591552734375]",,0.0
219,1,0.9055355787277222,"[859.8111572265625, 336.0284118652344, 1479.3641357421875, 1020.5827026367188]",,0.0
220,1,0.9016582369804382,"[863.1347045898438, 330.99761962890625, 1471.8680419921875, 1018.5750122070312]",,0.0
221,1,0.90760338306427,"[868.8761596679688, 329.6504821777344, 1465.427001953125, 1013.6470336914062]",,0.0
222,1,0.9069854617118835,"[868.2001342773438, 328.8201599121094, 1464.0201416015625, 1015.7843627929688]",,0.0
223,1,0.8854796886444092,"[864.1398315429688, 341.65167236328125, 1440.0927734375, 1007.3392944335938]",voie1,0.0152
224,1,0.8989120125770569,"[862.612060546875, 340.7752380371094, 1430.0989990234375, 1002.4000854492188]",,0.0
225,1,0.897257924079895,"[867.4525146484375, 338.0927429199219, 1430.7847900390625, 996.95654296875]",,0.0
226,1,0.8928297758102417,"[866.4631958007812, 341.6321716308594, 1417.1751708984375, 995.6211547851562]",,0.0
227,1,0.8928840160369873,"[867.1785888671875, 342.0242614746094, 1416.541015625, 997.6530151367188]",,0.0
228,1,0.8897247910499573,"[865.031005859375, 340.7038879394531, 1414.1829833984375, 990.55908203125]",,0.0
229,1,0.8888570666313171,"[864.3076171875, 335.18817138671875, 1411.5595703125, 989.9024047851562]",,0.0
230,1,0.8765723705291748,"[871.6742553710938, 341.8459777832031, 1413.77490234375, 966.3356323242188]",voie1,0.0157
231,1,0.87629634141922,"[873.1393432617188, 343.28802490234375, 1416.1441650390625, 960.3502197265625]",voie1,0.0134
232,1,0.8837765455245972,"[870.7980346679688, 341.7135925292969, 1413.12109375, 965.4918823242188]",voie1,0.0181
233,1,0.8883171677589417,"[867.0616455078125, 357.4540710449219, 1401.3255615234375, 969.5020141601562]",,0.0
234,1,0.8969768285751343,"[865.11865234375, 368.81439208984375, 1384.88720703125, 969.83642578125]",,0.0
235,1,0.8970149755477905,"[865.803466796875, 371.2988586425781, 1382.8448486328125, 971.409912109375]",,0.0
236,1,0.8984860181808472,"[865.3463745117188, 375.7059326171875, 1374.941650390625, 970.0573120117188]",,0.0
237,1,0.8834014534950256,"[864.9900512695312, 375.07244873046875, 1366.0064697265625, 944.6473999023438]",voie1,0.031
238,1,0.8735769391059875,"[863.4447021484375, 376.84588623046875, 1356.6468505859375, 930.173828125]",voie2,0.0241
239,1,0.8666983842849731,"[862.6913452148438, 377.9397888183594, 1349.5858154296875, 914.35400390625]",voie1,0.0137
240,1,0.8666520714759827,"[862.5385131835938, 378.5713195800781, 1349.6990966796875, 911.8453979492188]",voie1,0.0121
241,1,0.8716211318969727,"[861.7318725585938, 377.3243408203125, 1341.587890625, 913.4089965820312]",voie1,0.0213
242,1,0.8672927618026733,"[862.64794921875, 378.6296691894531, 1340.101806640625, 904.05419921875]",voie1,0.0441
243,1,0.8718279004096985,"[856.2630004882812, 379.02801513671875, 1337.5576171875, 909.42041015625]",voie1,0.0273
244,1,0.87282794713974,"[855.3342895507812, 378.6290283203125, 1340.67578125, 913.6646728515625]",voie1,0.0305
245,1,0.8824300765991211,"[852.9850463867188, 384.33026123046875, 1331.96826171875, 905.5848388671875]",voie1,0.0225
246,1,0.8808323740959167,"[852.0999755859375, 389.9862976074219, 1323.0291748046875, 903.8446655273438]",voie1,0.0314
247,1,0.8813888430595398,"[847.860107421875, 392.07421875, 1313.1375732421875, 902.9025268554688]",voie1,0.0239
248,1,0.8813793063163757,"[847.82763671875, 391.5885925292969, 1313.5693359375, 904.408447265625]",voie1,0.0249
249,1,0.8919400572776794,"[847.0740356445312, 395.3848876953125, 1300.5965576171875, 910.919677734375]",voie1,0.0375
250,1,0.8706014752388,"[839.4290161132812, 399.96649169921875, 1290.9273681640625, 896.8486328125]",voie2,0.0282
251,1,0.881762683391571,"[844.12353515625, 401.7763366699219, 1283.9154052734375, 899.9691162109375]",voie1,0.0274
252,1,0.8745951652526855,"[837.9388427734375, 401.065185546875, 1275.0438232421875, 901.7150268554688]",voie1,0.0278
253,1,0.8774878978729248,"[837.3197631835938, 400.58990478515625, 1273.696044921875, 905.0012817382812]",voie1,0.0306
254,1,0.8697320222854614,"[836.9559936523438, 400.9569396972656, 1269.3060302734375, 904.6951293945312]",voie2,0.0274
255,1,0.8675119280815125,"[826.3836059570312, 401.2362976074219, 1271.18505859375, 895.1629638671875]",voie1,0.0193
256,1,0.8662314414978027,"[813.0987548828125, 401.1159973144531, 1263.345947265625, 890.9273681640625]",voie2,0.0157
257,1,0.866340696811676,"[811.6786499023438, 400.9202575683594, 1263.95849609375, 888.9113159179688]",voie1,0.0147
258,1,0.869735836982727,"[808.590576171875, 402.049072265625, 1261.1021728515625, 899.1478881835938]",voie2,0.0178
259,1,0.869051456451416,"[804.687744140625, 401.66595458984375, 1256.408203125, 897.5374145507812]",voie2,0.0141
260,1,0.8769952058792114,"[796.9772338867188, 403.062255859375, 1252.4261474609375, 907.4968872070312]",voie2,0.0171
261,1,0.8757338523864746,"[795.47412109375, 402.7532043457031, 1252.6502685546875, 912.1643676757812]",voie2,0.0205
262,1,0.8734192252159119,"[788.251220703125, 403.6385498046875, 1251.3280029296875, 889.7347412109375]",voie1,0.02
263,1,0.8734379410743713,"[782.6853637695312, 404.4793701171875, 1249.0540771484375, 900.7839965820312]",voie1,0.0267
264,1,0.8703812956809998,"[780.2576904296875, 404.49359130859375, 1250.233154296875, 893.2118530273438]",voie1,0.0122
265,1,0.8690803050994873,"[777.1942749023438, 405.80328369140625, 1246.783203125, 894.5697631835938]",voie1,0.0144
266,1,0.8689093589782715,"[777.4141845703125, 405.93603515625, 1247.0755615234375, 892.24560546875]",voie1,0.0118
267,1,0.866192102432251,"[778.5709838867188, 406.4598083496094, 1245.3917236328125, 905.4771118164062]",voie1,0.0171
268,1,0.8758083581924438,"[776.0009765625, 406.5832824707031, 1245.55126953125, 913.9716186523438]",voie1,0.0249
269,1,0.8713535070419312,"[772.294921875, 406.4700927734375, 1244.3282470703125, 897.2215576171875]",voie2,0.0134
270,1,0.8716192245483398,"[772.4110107421875, 406.2430419921875, 1245.227783203125, 890.8714599609375]",voie2,0.0099
271,1,0.8737843036651611,"[771.04541015625, 407.1596984863281, 1243.6217041015625, 901.4932250976562]",voie2,0.0155
272,1,0.869426965713501,"[770.7822875976562, 407.7680969238281, 1243.4901123046875, 906.1775512695312]",voie2,0.0179
273,1,0.8785861730575562,"[772.0645141601562, 407.9090576171875, 1245.620849609375, 919.4410400390625]",voie2,0.0252
274,1,0.8789329528808594,"[772.9579467773438, 407.24261474609375, 1246.7994384765625, 923.6845703125]",voie2,0.0278
275,1,0.8740625381469727,"[770.4086303710938, 407.1990661621094, 1243.876220703125, 913.4325561523438]",voie2,0.0225
276,1,0.8685988187789917,"[771.1921997070312, 404.31805419921875, 1245.0135498046875, 890.9112548828125]",voie2,0.0098
277,1,0.8555634617805481,"[770.109619140625, 404.71185302734375, 1244.97900390625, 905.127197265625]",voie1,0.0204
278,1,0.8554940223693848,"[770.624267578125, 404.4390869140625, 1245.7691650390625, 909.7908325195312]",voie1,0.0265
279,1,0.8479194045066833,"[769.40185546875, 403.60845947265625, 1244.8077392578125, 893.550048828125]",voie1,0.0067
280,1,0.8523545265197754,"[769.3289794921875, 403.47186279296875, 1245.9730224609375, 890.35009765625]",voie2,0.0034
281,1,0.8695024847984314,"[771.2122802734375, 403.2486267089844, 1246.93798828125, 892.7606201171875]",voie2,0.0048
282,1,0.8735871315002441,"[771.3502197265625, 403.4054260253906, 1246.8302001953125, 897.48046875]",voie3,0.0142
283,1,0.8801662921905518,"[772.2657470703125, 403.9296875, 1246.7601318359375, 910.9111938476562]",voie2,0.0197
284,1,0.8754199147224426,"[772.4815063476562, 401.0704345703125, 1247.2706298828125, 914.6561279296875]",voie1,0.0362
285,1,0.8473103642463684,"[770.1995849609375, 400.883544921875, 1249.5994873046875, 887.0643310546875]",voie2,0.0027
286,1,0.8580468893051147,"[770.7552490234375, 400.97540283203125, 1250.96875, 876.7100219726562]",,0.0
287,1,0.8580571413040161,"[770.71484375, 400.9158630371094, 1254.5008544921875, 867.327392578125]",,0.0
288,1,0.8651169538497925,"[771.4627685546875, 399.7903137207031, 1251.96240234375, 883.8574829101562]",,0.0
289,1,0.8783336281776428,"[774.0921020507812, 397.9256896972656, 1252.7696533203125, 900.9454345703125]",voie1,0.0215
290,1,0.8771955370903015,"[774.733642578125, 397.8382873535156, 1252.9208984375, 909.2651977539062]",voie1,0.0311
291,1,0.8790914416313171,"[771.0335693359375, 396.2025451660156, 1249.8114013671875, 912.4762573242188]",voie1,0.0305
292,1,0.8790990114212036,"[771.2976684570312, 395.8553771972656, 1250.07421875, 913.8703002929688]",voie1,0.0317
293,1,0.8675241470336914,"[772.2991333007812, 394.2339782714844, 1256.1136474609375, 885.9226684570312]",voie2,0.0043
294,1,0.8774391412734985,"[772.8624267578125, 394.15771484375, 1258.05126953125, 880.0267333984375]",,0.0
295,1,0.8814019560813904,"[769.658203125, 391.2071838378906, 1251.857666015625, 904.6738891601562]",voie1,0.0192
296,1,0.8814347386360168,"[770.3660278320312, 390.59661865234375, 1251.3084716796875, 913.98095703125]",voie1,0.0279
297,1,0.8795899748802185,"[769.2485961914062, 389.0844421386719, 1250.8616943359375, 918.5820922851562]",voie1,0.0325
298,1,0.8787583708763123,"[770.3175048828125, 388.8411560058594, 1251.5103759765625, 917.0482177734375]",voie1,0.0315
299,1,0.8756983876228333,"[769.9086303710938, 388.40972900390625, 1249.8736572265625, 917.8057250976562]",voie1,0.0333
300,1,0.8731305599212646,"[768.9669799804688, 388.701171875, 1250.05908203125, 917.0477905273438]",voie1,0.0311
301,1,0.8688384890556335,"[768.3460693359375, 388.2125549316406, 1252.1314697265625, 913.97021484375]",voie1,0.0319
302,1,0.8745915293693542,"[761.2327270507812, 388.1333923339844, 1250.8426513671875, 913.51171875]",voie1,0.0295
303,1,0.8751590847969055,"[759.1264038085938, 388.1539306640625, 1251.521728515625, 913.2214965820312]",voie1,0.0292
304,1,0.8757568597793579,"[757.6441040039062, 387.1802062988281, 1252.8236083984375, 913.0902099609375]",voie1,0.0311
305,1,0.8580935001373291,"[765.6453247070312, 387.3074035644531, 1248.5887451171875, 918.719482421875]",voie1,0.0439
306,1,0.8616006970405579,"[755.0006103515625, 386.2344970703125, 1250.2705078125, 907.7041625976562]",voie1,0.0313
307,1,0.8539561033248901,"[758.2007446289062, 385.9515075683594, 1247.5025634765625, 911.5950317382812]",voie1,0.0372
308,1,0.8754788637161255,"[753.6327514648438, 386.02264404296875, 1250.7825927734375, 912.6703491210938]",voie1,0.0263
309,1,0.8729233145713806,"[751.4635009765625, 385.2626953125, 1253.1619873046875, 909.6705322265625]",voie1,0.0266
310,1,0.8750660419464111,"[750.42529296875, 385.05047607421875, 1253.0146484375, 912.8508911132812]",voie1,0.0299
311,1,0.8750330209732056,"[750.7930297851562, 384.8399963378906, 1253.7679443359375, 914.0267944335938]",voie1,0.0314
312,1,0.8826301693916321,"[748.32470703125, 384.8689880371094, 1251.326904296875, 920.8386840820312]",voie1,0.0304
313,1,0.8778594136238098,"[749.2528076171875, 387.3385314941406, 1253.566650390625, 915.822021484375]",voie2,0.0242
314,1,0.8798409700393677,"[747.7213134765625, 386.5585021972656, 1252.7799072265625, 919.0992431640625]",voie1,0.0243
315,1,0.880571722984314,"[747.989013671875, 387.09124755859375, 1251.2227783203125, 920.070556640625]",voie1,0.0238
316,1,0.8807188272476196,"[748.0505981445312, 386.496826171875, 1250.5953369140625, 919.67919921875]",voie1,0.0233
317,1,0.8810222148895264,"[744.15234375, 386.8520202636719, 1248.854736328125, 919.8424072265625]",voie1,0.0204
318,1,0.8812932372093201,"[746.5620727539062, 387.89862060546875, 1248.4459228515625, 913.0819702148438]",voie2,0.0193
319,1,0.8882207274436951,"[746.626220703125, 387.7201232910156, 1247.7908935546875, 920.051025390625]",voie1,0.02
320,1,0.8883312344551086,"[747.3727416992188, 387.45855712890625, 1248.0084228515625, 922.2368774414062]",voie1,0.0222
321,1,0.8777179718017578,"[745.0606689453125, 387.5820617675781, 1247.736328125, 916.8998413085938]",voie1,0.0171
322,1,0.8816741704940796,"[742.6432495117188, 386.3677673339844, 1247.7113037109375, 922.6869506835938]",voie1,0.0202
323,1,0.8803771138191223,"[742.8299560546875, 385.5959777832031, 1248.989013671875, 925.856689453125]",voie1,0.0231
324,1,0.8802996873855591,"[743.1040649414062, 385.05865478515625, 1249.642822265625, 926.8480224609375]",voie1,0.024
325,1,0.8773127794265747,"[742.34130859375, 383.9524230957031, 1248.51513671875, 921.2474365234375]",voie2,0.0271
326,1,0.8862167596817017,"[742.9146118164062, 385.06927490234375, 1247.6844482421875, 925.0470581054688]",voie1,0.0228
327,1,0.882935643196106,"[743.1781616210938, 383.9801025390625, 1248.092529296875, 925.4845581054688]",voie1,0.0242
328,1,0.8846815824508667,"[742.2781372070312, 385.9149475097656, 1247.9183349609375, 927.2123413085938]",voie1,0.0252
329,1,0.884742021560669,"[742.8754272460938, 385.8273620605469, 1248.3272705078125, 926.9030151367188]",voie1,0.0251
330,1,0.8820200562477112,"[743.2801513671875, 386.7828674316406, 1248.3148193359375, 927.3851928710938]",voie1,0.0251
331,1,0.8807040452957153,"[745.3068237304688, 386.77423095703125, 1249.068603515625, 927.8060913085938]",voie1,0.025
332,1,0.8759385943412781,"[745.96630859375, 386.0469055175781, 1249.646728515625, 925.9267578125]",voie2,0.0244
333,1,0.8759177327156067,"[746.3008422851562, 385.8227844238281, 1250.202880859375, 925.2470092773438]",voie2,0.0237
334,1,0.8724890351295471,"[746.308349609375, 385.7443542480469, 1252.14892578125, 923.3318481445312]",voie2,0.0225
335,1,0.8676474094390869,"[741.6436767578125, 386.53790283203125, 1256.50244140625, 915.4868774414062]",voie1,0.0149
336,1,0.8771403431892395,"[745.5711669921875, 385.5709533691406, 1256.4111328125, 923.7362060546875]",voie1,0.0226
337,1,0.876948356628418,"[746.4577026367188, 384.7165222167969, 1255.8153076171875, 927.6612548828125]",voie1,0.0268
338,1,0.8780195116996765,"[743.3583984375, 384.18927001953125, 1263.5318603515625, 930.7183837890625]",voie1,0.0288
339,1,0.8739508986473083,"[741.6170654296875, 384.0155334472656, 1267.569580078125, 928.1029052734375]",voie1,0.0229
340,1,0.876139760017395,"[740.7815551757812, 384.4932861328125, 1270.7857666015625, 928.8635864257812]",voie1,0.0266
341,1,0.8769322633743286,"[742.6748046875, 387.1716613769531, 1273.5462646484375, 910.1195678710938]",voie1,0.0058
342,1,0.8755253553390503,"[743.5172729492188, 387.4983825683594, 1274.3404541015625, 905.012451171875]",,0.0
343,1,0.880210280418396,"[743.3380126953125, 388.1705322265625, 1271.8609619140625, 891.747802734375]",,0.0
344,1,0.8685939908027649,"[749.5614013671875, 386.6029357910156, 1273.220703125, 899.3025512695312]",,0.0
345,1,0.8700295090675354,"[753.6716918945312, 387.22540283203125, 1277.579345703125, 893.9468383789062]",,0.0
346,1,0.8696794509887695,"[755.1422729492188, 387.4629211425781, 1279.07666015625, 891.6970825195312]",,0.0
347,1,0.866717517375946,"[758.951904296875, 387.1801452636719, 1282.7392578125, 896.0286865234375]",,0.0
348,1,0.8733606338500977,"[757.9703369140625, 386.82354736328125, 1283.06982421875, 892.5586547851562]",,0.0
349,1,0.8756834864616394,"[756.56640625, 387.59130859375, 1287.2923583984375, 891.6212768554688]",,0.0
350,1,0.8614480495452881,"[756.2991333007812, 385.60137939453125, 1292.4913330078125, 901.3659057617188]",,0.0
351,1,0.8660547733306885,"[757.07763671875, 385.8346252441406, 1294.8388671875, 898.2744750976562]",,0.0
352,1,0.8728583455085754,"[758.7595825195312, 385.6626281738281, 1292.1375732421875, 895.6151733398438]",,0.0
353,1,0.8749699592590332,"[752.0739135742188, 384.75439453125, 1288.963134765625, 912.18798828125]",voie2,0.0021
354,1,0.8734250068664551,"[747.7442626953125, 386.0181579589844, 1288.3331298828125, 899.3458862304688]",,0.0
355,1,0.8746784329414368,"[746.8582763671875, 386.30401611328125, 1288.871337890625, 893.220703125]",,0.0
356,1,0.8773295283317566,"[745.2655639648438, 382.2203674316406, 1289.4039306640625, 918.8942260742188]",voie1,0.0036
357,1,0.8752148747444153,"[746.2044677734375, 382.4561462402344, 1288.0177001953125, 911.93359375]",voie1,0.0004
358,1,0.8865199089050293,"[749.216064453125, 381.30035400390625, 1286.9715576171875, 932.69384765625]",voie1,0.0091
359,1,0.8860329389572144,"[750.92041015625, 380.4876403808594, 1287.1319580078125, 939.7442626953125]",voie1,0.0169
360,1,0.881766676902771,"[747.6508178710938, 380.4323425292969, 1287.0709228515625, 931.362060546875]",voie1,0.0088
361,1,0.8769493699073792,"[745.44873046875, 381.1689147949219, 1288.6676025390625, 927.7575073242188]",voie1,0.008
362,1,0.8743604421615601,"[745.3936767578125, 381.6888732910156, 1287.9580078125, 923.9718627929688]",voie1,0.004
363,1,0.8747190237045288,"[747.372802734375, 382.1587219238281, 1288.4002685546875, 922.668701171875]",voie1,0.0008
364,1,0.8769902586936951,"[747.747314453125, 381.8259582519531, 1288.882568359375, 922.2340698242188]",voie1,0.0003
365,1,0.8730681538581848,"[751.4090576171875, 380.88153076171875, 1293.0018310546875, 920.3436889648438]",,0.0
366,1,0.8725570440292358,"[748.8379516601562, 379.727783203125, 1295.2076416015625, 930.9286499023438]",voie1,0.006
367,1,0.8753225207328796,"[746.9345092773438, 378.9987487792969, 1297.52978515625, 937.8032836914062]",voie1,0.014
368,1,0.875730574131012,"[746.1187133789062, 378.9293212890625, 1298.068603515625, 935.3155517578125]",voie1,0.0103
369,1,0.8758684992790222,"[749.7297973632812, 378.35772705078125, 1302.6690673828125, 932.5526123046875]",voie1,0.0041
370,1,0.8696727752685547,"[755.24072265625, 374.4617004394531, 1301.40625, 930.14208984375]",voie1,0.007
371,1,0.8694016337394714,"[752.9944458007812, 374.6290283203125, 1306.2271728515625, 923.2643432617188]",voie2,0.0004
372,1,0.869600236415863,"[753.5834350585938, 375.4786376953125, 1309.2801513671875, 921.2534790039062]",,0.0
373,1,0.8723835945129395,"[750.1625366210938, 375.5671081542969, 1309.32861328125, 929.7243041992188]",voie2,0.0075
374,1,0.8819010257720947,"[748.6975708007812, 371.2762451171875, 1304.6556396484375, 944.180908203125]",voie1,0.0099
375,1,0.8634435534477234,"[759.3370971679688, 369.7528381347656, 1311.7242431640625, 938.6149291992188]",voie2,0.0145
376,1,0.8556058406829834,"[783.3388061523438, 369.23956298828125, 1319.4027099609375, 934.4345703125]",voie2,0.0077
377,1,0.8566222786903381,"[791.4697875976562, 368.9158630371094, 1321.4183349609375, 932.8380737304688]",voie1,0.0056
378,1,0.8753262162208557,"[769.3685913085938, 364.265869140625, 1319.5416259765625, 947.4700927734375]",voie2,0.014
379,1,0.8723128437995911,"[763.41748046875, 361.4106140136719, 1320.3892822265625, 955.664794921875]",voie1,0.0179
380,1,0.8633205890655518,"[784.845947265625, 364.3672180175781, 1319.9720458984375, 934.361328125]",voie2,0.0101
381,1,0.8636857867240906,"[793.4976806640625, 366.052001953125, 1319.6475830078125, 927.2323608398438]",voie2,0.0049
382,1,0.872110903263092,"[771.9851684570312, 361.54412841796875, 1319.6746826171875, 949.744384765625]",voie1,0.016
383,1,0.8549232482910156,"[784.5008544921875, 360.76910400390625, 1324.44384765625, 952.9170532226562]",voie1,0.0175
384,1,0.8745249509811401,"[772.6397094726562, 354.330322265625, 1323.8460693359375, 956.5051879882812]",voie1,0.0164
385,1,0.8742244243621826,"[768.8493041992188, 352.7019958496094, 1324.236083984375, 958.5997314453125]",voie1,0.0169
386,1,0.8748622536659241,"[762.1152954101562, 352.012451171875, 1325.47705078125, 958.0262451171875]",voie1,0.0153
387,1,0.8686457872390747,"[753.5916137695312, 351.35345458984375, 1326.1646728515625, 955.228271484375]",voie1,0.0167
388,1,0.8844525814056396,"[750.8262939453125, 351.13909912109375, 1324.5672607421875, 954.923583984375]",voie1,0.0169
389,1,0.8726648688316345,"[746.212158203125, 350.7181396484375, 1326.09228515625, 956.4969482421875]",voie1,0.0142
390,1,0.8796321153640747,"[746.5112915039062, 350.21063232421875, 1326.0687255859375, 957.2020263671875]",voie1,0.0142
391,1,0.8710730671882629,"[746.626953125, 350.42498779296875, 1327.2086181640625, 957.5352172851562]",voie1,0.0145
392,1,0.8778013586997986,"[743.0147705078125, 349.0334777832031, 1327.0322265625, 957.432373046875]",voie1,0.0148
393,1,0.8767293095588684,"[741.580810546875, 348.2420959472656, 1327.125244140625, 957.2118530273438]",voie1,0.0167
394,1,0.8767639398574829,"[741.4044799804688, 347.92669677734375, 1327.44287109375, 957.0865478515625]",voie1,0.0165
395,1,0.8765695691108704,"[745.0228881835938, 347.0218505859375, 1329.4989013671875, 958.2264404296875]",voie1,0.0172
396,1,0.8852475881576538,"[743.311279296875, 342.9408874511719, 1327.501708984375, 964.9185791015625]",,0.0
397,1,0.8833340406417847,"[746.2523803710938, 341.6299133300781, 1330.58837890625, 964.1183471679688]",voie1,0.0149
398,1,0.887966513633728,"[747.8710327148438, 342.2056884765625, 1331.0416259765625, 960.66943359375]",voie1,0.0136
399,1,0.8815600275993347,"[750.0859375, 338.8072509765625, 1329.4239501953125, 957.0911254882812]",voie1,0.0144
400,1,0.8851589560508728,"[748.0419921875, 337.7791748046875, 1328.76123046875, 958.322998046875]",voie1,0.014
401,1,0.8730928301811218,"[743.5823974609375, 336.403564453125, 1329.9853515625, 950.8483276367188]",voie1,0.011
402,1,0.8798731565475464,"[748.5889282226562, 335.7727355957031, 1331.948974609375, 958.126708984375]",,0.0
403,1,0.8797451257705688,"[750.305908203125, 336.5638427734375, 1332.617919921875, 961.7173461914062]",,0.0
404,1,0.8788711428642273,"[741.6310424804688, 331.39019775390625, 1334.467041015625, 962.9251098632812]",,0.0
405,1,0.8758254647254944,"[739.711181640625, 327.85931396484375, 1339.555908203125, 963.6207885742188]",,0.0
406,1,0.8600789308547974,"[744.0189819335938, 321.4443359375, 1338.09619140625, 924.1431274414062]",voie1,0.016
407,1,0.8601596355438232,"[746.9383544921875, 320.1158447265625, 1337.998046875, 909.7342529296875]",voie1,0.0005
408,1,0.8819684386253357,"[748.1969604492188, 313.9330139160156, 1346.3599853515625, 935.208740234375]",voie1,0.0306
409,1,0.8899596333503723,"[752.8706665039062, 311.0398254394531, 1347.4737548828125, 944.1357421875]",voie1,0.0415
410,1,0.8947906494140625,"[752.8494873046875, 309.5090637207031, 1347.0133056640625, 943.6641845703125]",voie1,0.0431
411,1,0.8946926593780518,"[753.5040893554688, 309.848876953125, 1347.520751953125, 943.9879760742188]",voie1,0.0435
412,1,0.8926874399185181,"[748.3936767578125, 309.1557922363281, 1342.600830078125, 945.0032958984375]",voie1,0.0435
413,1,0.8990997672080994,"[744.5654907226562, 308.6042785644531, 1348.46142578125, 942.1312866210938]",voie1,0.0401
414,1,0.8944713473320007,"[751.8895263671875, 304.9220275878906, 1353.5867919921875, 919.69580078125]",voie1,0.0226
415,1,0.8889604806900024,"[748.026123046875, 302.4493408203125, 1353.55859375, 905.9940185546875]",voie1,0.0085
416,1,0.8886993527412415,"[747.2276611328125, 302.1972961425781, 1354.3792724609375, 900.73974609375]",voie1,0.0033
417,1,0.8871167302131653,"[743.6353149414062, 295.47802734375, 1356.5093994140625, 900.0625]",voie1,0.0056
418,1,0.874474823474884,"[744.2708740234375, 291.76800537109375, 1358.718017578125, 898.598388671875]",voie1,0.0042
419,1,0.8898956775665283,"[735.0355224609375, 287.422607421875, 1353.3419189453125, 916.1791381835938]",voie1,0.0216
420,1,0.8899540305137634,"[732.6802368164062, 286.0791931152344, 1352.0595703125, 922.873291015625]",voie1,0.0271
421,1,0.882095456123352,"[739.1695556640625, 285.1624450683594, 1358.4554443359375, 929.5703735351562]",voie1,0.0308
422,1,0.8712205290794373,"[734.986572265625, 281.3941650390625, 1356.952392578125, 913.9041137695312]",voie2,0.0399
423,1,0.8722841143608093,"[733.6347045898438, 280.2867126464844, 1357.103759765625, 896.0073852539062]",voie1,0.0161
424,1,0.8703852891921997,"[732.3984985351562, 280.0675354003906, 1357.90087890625, 894.8409423828125]",voie1,0.0141
425,1,0.8845246434211731,"[747.9918212890625, 284.3166198730469, 1356.0721435546875, 921.2742309570312]",voie1,0.0429
426,1,0.8933843374252319,"[751.7275390625, 285.2457275390625, 1355.157958984375, 937.8054809570312]",voie1,0.0736
427,1,0.8883245587348938,"[748.60791015625, 286.0643005371094, 1355.559814453125, 947.5386962890625]",voie1,0.0553
428,1,0.8947739601135254,"[742.18310546875, 285.8693542480469, 1352.1700439453125, 939.8487548828125]",voie1,0.0437
429,1,0.8941701650619507,"[740.0996704101562, 286.04656982421875, 1352.21875, 936.3644409179688]",voie1,0.0407
430,1,0.8873811364173889,"[741.1856689453125, 287.4770202636719, 1351.0714111328125, 923.1171264648438]",voie1,0.0267
431,1,0.8892196416854858,"[743.3258056640625, 287.0027770996094, 1349.9451904296875, 923.4164428710938]",voie1,0.0259
432,1,0.8878723382949829,"[740.3844604492188, 286.9436950683594, 1354.0592041015625, 921.6277465820312]",voie1,0.0233
433,1,0.8879367113113403,"[739.021484375, 286.6519775390625, 1355.2872314453125, 920.7295532226562]",voie1,0.0224
434,1,0.8834138512611389,"[738.445556640625, 286.2441101074219, 1359.737060546875, 942.9188842773438]",voie1,0.0393
435,1,0.8883744478225708,"[732.1808471679688, 282.4241943359375, 1359.5867919921875, 949.5686645507812]",voie1,0.0148
436,1,0.8977788686752319,"[732.9923706054688, 284.44390869140625, 1360.25048828125, 958.8359375]",,0.0
437,1,0.8966895937919617,"[734.6875, 283.9615783691406, 1360.7442626953125, 961.0127563476562]",,0.0
438,1,0.8929513096809387,"[726.00732421875, 285.6811828613281, 1364.297607421875, 950.2466430664062]",voie1,0.0335
439,1,0.8886355757713318,"[722.1788330078125, 290.4261474609375, 1365.538330078125, 955.9755249023438]",voie1,0.0105
440,1,0.8957851529121399,"[734.9440307617188, 296.8165588378906, 1369.206787109375, 955.6051025390625]",voie1,0.0095
441,1,0.8976437449455261,"[745.4327392578125, 301.64697265625, 1371.283935546875, 954.0331420898438]",voie1,0.0098
442,1,0.8972024917602539,"[749.1909790039062, 301.69171142578125, 1371.4334716796875, 951.8067626953125]",voie1,0.0089
443,1,0.8852987289428711,"[742.9570922851562, 304.34906005859375, 1371.106689453125, 961.0109252929688]",voie1,0.0347
444,1,0.8925072550773621,"[736.339599609375, 309.22930908203125, 1372.369140625, 961.155029296875]",voie1,0.025
445,1,0.8944502472877502,"[735.0065307617188, 309.7144775390625, 1375.266357421875, 963.0285034179688]",voie1,0.0231
446,1,0.8941287994384766,"[733.96875, 309.212890625, 1375.8685302734375, 963.8610229492188]",voie1,0.0242
447,1,0.8938179016113281,"[732.434814453125, 310.0178527832031, 1375.3846435546875, 965.68896484375]",voie1,0.0158
448,1,0.8918101787567139,"[733.2169799804688, 311.8877868652344, 1374.599365234375, 968.1922607421875]",voie1,0.0186
449,1,0.8899924755096436,"[738.837890625, 311.35498046875, 1373.7454833984375, 964.1043090820312]",voie1,0.0162
450,1,0.8756693601608276,"[748.1761474609375, 311.10693359375, 1374.1947021484375, 965.3755493164062]",voie1,0.0142
451,1,0.8788447380065918,"[750.4783935546875, 310.70074462890625, 1373.997314453125, 965.9747924804688]",voie1,0.0152
452,1,0.8872296214103699,"[755.5455932617188, 312.05938720703125, 1377.9757080078125, 956.511474609375]",voie2,0.0003
453,1,0.8828327655792236,"[761.4515991210938, 309.2679138183594, 1387.9833984375, 974.865478515625]",voie1,0.0031
454,1,0.8756668567657471,"[766.5267944335938, 310.22100830078125, 1389.5692138671875, 981.8289184570312]",voie1,0.0055
455,1,0.8757851123809814,"[768.292724609375, 309.4643249511719, 1390.0880126953125, 983.3192749023438]",voie1,0.006
456,1,0.8695615530014038,"[768.753173828125, 311.0728454589844, 1385.868408203125, 959.09765625]",voie2,0.002
457,1,0.8599221706390381,"[767.3076171875, 310.05145263671875, 1385.259521484375, 941.1787109375]",,0.0
458,1,0.8670101761817932,"[765.2584228515625, 311.12939453125, 1400.632080078125, 934.368408203125]",,0.0
459,1,0.8641072511672974,"[764.8485107421875, 310.8961486816406, 1406.7623291015625, 930.6509399414062]",,0.0
460,1,0.8405284285545349,"[754.8560180664062, 310.7549133300781, 1415.2015380859375, 955.5938720703125]",,0.0
461,1,0.8708677291870117,"[743.7666625976562, 307.59100341796875, 1402.9437255859375, 978.9434204101562]",voie1,0.0014
462,1,0.8495201468467712,"[742.4754638671875, 307.5858154296875, 1400.92529296875, 987.8966064453125]",voie1,0.0042
463,1,0.8588347434997559,"[746.8153076171875, 310.39599609375, 1402.06103515625, 997.0376586914062]",voie1,0.0063
464,1,0.8583676218986511,"[748.1648559570312, 310.4601135253906, 1402.1353759765625, 999.1055908203125]",voie1,0.007
465,1,0.861912727355957,"[748.9503173828125, 309.9571533203125, 1410.5125732421875, 1000.0933837890625]",voie1,0.0068
466,1,0.8817201852798462,"[754.82763671875, 310.8287658691406, 1430.7679443359375, 996.849365234375]",voie1,0.0054
467,1,0.8983410596847534,"[753.80517578125, 311.26104736328125, 1423.947998046875, 1004.5853271484375]",,0.0
468,1,0.8982702493667603,"[753.3436889648438, 311.453857421875, 1421.3389892578125, 1007.2046508789062]",,0.0
469,1,0.8950051665306091,"[753.6529541015625, 309.0057678222656, 1424.7587890625, 1008.2413940429688]",,0.0
470,1,0.8879027962684631,"[760.00146484375, 307.75714111328125, 1434.7550048828125, 1010.6373901367188]",,0.0
471,1,0.8925564885139465,"[776.178466796875, 306.47735595703125, 1446.727294921875, 1009.955078125]",,0.0
472,1,0.8923375010490417,"[781.4395141601562, 306.2190856933594, 1450.505126953125, 1009.5177612304688]",,0.0
473,1,0.8887292742729187,"[779.0816040039062, 306.0400085449219, 1455.2288818359375, 1008.4052734375]",,0.0
474,1,0.8842875361442566,"[773.370849609375, 305.7059020996094, 1464.933349609375, 1006.4898681640625]",,0.0
475,1,0.8858064413070679,"[758.4848022460938, 304.1222229003906, 1462.632080078125, 1008.0428466796875]",,0.0
476,1,0.8907107710838318,"[771.1434326171875, 305.458740234375, 1459.0662841796875, 1008.7346801757812]",,0.0
477,1,0.8905549049377441,"[775.298583984375, 305.8073425292969, 1456.0078125, 1008.3554077148438]",,0.0
478,1,0.8784732818603516,"[791.7728881835938, 305.35638427734375, 1471.2784423828125, 1008.5220947265625]",,0.0
479,1,0.873153805732727,"[775.627685546875, 303.7627868652344, 1476.48681640625, 1010.837646484375]",,0.0
480,1,0.8785624504089355,"[778.899658203125, 304.3594665527344, 1471.7093505859375, 1010.4662475585938]",,0.0
481,1,0.8789487481117249,"[779.2667846679688, 304.7244567871094, 1469.2762451171875, 1010.3259887695312]",,0.0
482,1,0.8857293725013733,"[771.79296875, 304.12493896484375, 1470.400146484375, 1010.5823364257812]",,0.0
483,1,0.8840439319610596,"[770.352294921875, 302.0162658691406, 1471.01025390625, 1012.042724609375]",,0.0
484,1,0.8880718946456909,"[795.5958251953125, 302.6148986816406, 1484.283447265625, 1013.9329833984375]",,0.0
485,1,0.8876965641975403,"[805.0233764648438, 302.3924255371094, 1487.7135009765625, 1013.9981689453125]",,0.0
486,1,0.8894050717353821,"[786.904296875, 299.69610595703125, 1487.83837890625, 1013.1652221679688]",,0.0
487,1,0.8921169638633728,"[777.8506469726562, 298.2554931640625, 1489.038818359375, 1013.4485473632812]",,0.0
488,1,0.8891811370849609,"[770.942626953125, 296.5906982421875, 1485.5665283203125, 1013.8616333007812]",,0.0
489,1,0.8852518796920776,"[803.8405151367188, 296.614501953125, 1497.2481689453125, 1011.9605712890625]",,0.0
490,1,0.8855054378509521,"[816.017333984375, 296.8416442871094, 1499.913330078125, 1011.4993896484375]",,0.0
491,1,0.8899451494216919,"[808.8801879882812, 296.06671142578125, 1491.41845703125, 1011.8049926757812]",,0.0
492,1,0.8895668387413025,"[786.0764770507812, 293.3022766113281, 1502.750244140625, 1011.0554809570312]",,0.0
493,1,0.901390552520752,"[790.3214111328125, 290.7934875488281, 1510.6817626953125, 1010.1282348632812]",,0.0
494,1,0.9011725783348083,"[791.3948974609375, 290.33856201171875, 1512.9073486328125, 1010.1152954101562]",,0.0
495,1,0.8993130922317505,"[782.7958984375, 289.4181213378906, 1514.4947509765625, 1010.0718994140625]",,0.0
496,1,0.9075978398323059,"[780.187255859375, 286.11639404296875, 1519.190185546875, 1009.1124877929688]",,0.0
497,1,0.8943011164665222,"[792.8271484375, 284.87347412109375, 1520.9764404296875, 1010.9613647460938]",,0.0
498,1,0.8939876556396484,"[797.0703125, 284.5070495605469, 1520.4501953125, 1011.2286987304688]",,0.0
499,1,0.8986218571662903,"[802.28662109375, 283.3958740234375, 1529.8482666015625, 1008.3997802734375]",,0.0
500,1,0.9011087417602539,"[810.3346557617188, 291.8189697265625, 1516.1923828125, 1009.6188354492188]",,0.0
501,1,0.8703742027282715,"[823.5237426757812, 295.2325439453125, 1506.3211669921875, 1003.6060791015625]",,0.0
502,1,0.8764197826385498,"[823.739501953125, 298.48052978515625, 1493.0516357421875, 1001.5570068359375]",,0.0
503,1,0.8768021464347839,"[824.1902465820312, 297.7055358886719, 1491.7899169921875, 1002.74365234375]",,0.0
504,1,0.878166675567627,"[842.7816772460938, 302.5449523925781, 1499.3372802734375, 994.1364135742188]",,0.0
505,1,0.8814249038696289,"[833.2437133789062, 300.5671081542969, 1497.0120849609375, 990.635009765625]",,0.0
506,1,0.8699001669883728,"[815.5753784179688, 302.0830383300781, 1482.0042724609375, 985.95068359375]",,0.0
507,1,0.8683578968048096,"[807.9905395507812, 302.19891357421875, 1479.9527587890625, 987.321044921875]",,0.0
508,1,0.8831754326820374,"[829.7964477539062, 301.7591247558594, 1473.341064453125, 981.71875]",,0.0
509,1,0.8955172300338745,"[836.6743774414062, 301.5998229980469, 1470.3170166015625, 978.9824829101562]",,0.0
510,1,0.8955115079879761,"[835.0905151367188, 304.2337951660156, 1463.8896484375, 975.6889038085938]",,0.0
511,1,0.8955121636390686,"[834.8389282226562, 304.347900390625, 1464.749267578125, 977.2621459960938]",,0.0
512,1,0.884918212890625,"[846.5189208984375, 304.85552978515625, 1461.637451171875, 966.981689453125]",,0.0
513,1,0.8830161094665527,"[850.5308227539062, 305.3041076660156, 1461.266357421875, 960.7539672851562]",,0.0
514,1,0.8757487535476685,"[866.33251953125, 310.73681640625, 1456.9324951171875, 960.6213989257812]",voie1,0.0298
515,1,0.848088264465332,"[865.3742065429688, 312.9843444824219, 1449.271728515625, 930.3372802734375]",voie1,0.0279
516,1,0.848344087600708,"[866.3513793945312, 311.8916320800781, 1450.8072509765625, 920.2293701171875]",voie1,0.0263
517,1,0.8654453754425049,"[865.1524047851562, 314.4564514160156, 1443.04345703125, 917.9279174804688]",voie2,0.0299
518,1,0.8642826080322266,"[867.897216796875, 314.9783630371094, 1429.9512939453125, 907.4761962890625]",voie1,0.0413
519,1,0.869554877281189,"[864.1725463867188, 318.84429931640625, 1422.138671875, 915.9378051757812]",voie1,0.0581
520,1,0.8701151013374329,"[862.8632202148438, 318.2869873046875, 1422.289794921875, 920.0162353515625]",voie1,0.0597
521,1,0.8649301528930664,"[863.0858764648438, 320.6388854980469, 1419.6640625, 915.9019775390625]",voie1,0.0619
522,1,0.8490022420883179,"[862.7471923828125, 324.29168701171875, 1418.41943359375, 913.8118286132812]",voie1,0.0738
523,1,0.8389653563499451,"[860.03759765625, 327.6272888183594, 1413.0765380859375, 897.5347290039062]",voie1,0.0724
524,1,0.8392217755317688,"[860.1142578125, 327.5177001953125, 1414.693603515625, 892.888671875]",voie1,0.0706
525,1,0.8566516637802124,"[856.9019165039062, 330.89739990234375, 1410.48486328125, 905.5415649414062]",voie2,0.0859
526,1,0.8586276769638062,"[853.616455078125, 330.9423828125, 1400.98583984375, 911.3748779296875]",voie1,0.1009
527,1,0.7868353128433228,"[857.8244018554688, 331.9892578125, 1390.0091552734375, 891.72412109375]",voie1,0.1066
528,1,0.8407100439071655,"[851.5277099609375, 335.875, 1381.9461669921875, 892.7679443359375]",voie1,0.1168
529,1,0.8449534177780151,"[848.5053100585938, 335.6324768066406, 1381.3624267578125, 895.3984985351562]",voie1,0.1189
530,1,0.7996912598609924,"[856.258544921875, 335.11285400390625, 1374.35107421875, 883.866455078125]",voie2,0.1232
531,1,0.7560783624649048,"[862.63818359375, 339.1358337402344, 1364.366943359375, 881.4470825195312]",voie1,0.13
532,1,0.8093400597572327,"[862.6534423828125, 339.6397399902344, 1361.6707763671875, 885.9063110351562]",voie1,0.1463
533,1,0.82227623462677,"[859.593505859375, 340.5239562988281, 1362.821044921875, 891.4906005859375]",voie1,0.1507
534,1,0.7948099970817566,"[862.4527587890625, 340.3020935058594, 1358.4371337890625, 886.7726440429688]",voie1,0.1483
535,1,0.594041645526886,"[867.1609497070312, 342.2449645996094, 1355.4913330078125, 776.0038452148438]",voie1,0.0615
536,1,0.786029040813446,"[866.1974487304688, 345.4619445800781, 1354.1385498046875, 833.006591796875]",voie1,0.1226
537,1,0.7845662832260132,"[864.5242309570312, 344.7132568359375, 1354.79052734375, 849.82080078125]",voie1,0.1385
538,1,0.5835995674133301,"[869.8021240234375, 347.4274597167969, 1349.7198486328125, 788.2286376953125]",voie1,0.0799
539,1,0.6593680381774902,"[873.015625, 350.6272888183594, 1343.8018798828125, 799.4188842773438]",voie1,0.1011
540,1,0.5973595380783081,"[874.70703125, 352.0451354980469, 1342.494873046875, 746.0105590820312]",voie1,0.0268
541,1,0.8446041941642761,"[864.1109619140625, 352.4148864746094, 1341.509521484375, 841.562255859375]",voie1,0.1563
542,1,0.8445768356323242,"[861.2557373046875, 350.436279296875, 1344.173583984375, 870.9911499023438]",voie1,0.1856
543,1,0.8014464974403381,"[866.0611572265625, 342.9026794433594, 1343.530517578125, 870.7894287109375]",voie1,0.2212
544,1,0.7903889417648315,"[867.4468383789062, 349.3584289550781, 1338.28857421875, 872.039794921875]",voie1,0.2352
548,1,0.7803897857666016,"[867.603515625, 357.3460693359375, 1257.69091796875, 867.5628051757812]",voie1,0.324
549,1,0.7898586988449097,"[865.01513671875, 366.4825134277344, 1265.4681396484375, 864.4157104492188]",voie1,0.3028
550,1,0.8168513774871826,"[864.1895141601562, 365.2095947265625, 1264.35546875, 864.7079467773438]",voie1,0.3131
551,1,0.8170221447944641,"[863.7579956054688, 363.2900085449219, 1265.852783203125, 865.6502075195312]",voie1,0.3135
552,1,0.7444301247596741,"[865.8001098632812, 365.9776306152344, 1266.043701171875, 863.6539916992188]",voie1,0.3334
553,1,0.6960785984992981,"[869.5890502929688, 372.3039245605469, 1267.3056640625, 746.2486572265625]",voie1,0.1166
554,1,0.7117294073104858,"[868.621337890625, 373.4642028808594, 1278.817138671875, 822.9432983398438]",voie1,0.2713
555,1,0.682770311832428,"[869.009033203125, 373.9684753417969, 1282.2811279296875, 839.1155395507812]",voie1,0.2965
556,1,0.6822166442871094,"[865.3430786132812, 375.9019775390625, 1265.142333984375, 850.2920532226562]",voie1,0.3236
557,1,0.6910998821258545,"[864.8746948242188, 377.979248046875, 1286.0059814453125, 817.7699584960938]",voie1,0.2701
558,1,0.5689852833747864,"[859.0700073242188, 378.5678405761719, 1260.5333251953125, 842.0957641601562]",voie1,0.3097
559,1,0.5788177847862244,"[860.3084106445312, 378.43243408203125, 1253.157958984375, 850.3724975585938]",voie1,0.3217
560,1,0.4127413034439087,"[852.796142578125, 380.24737548828125, 1251.4024658203125, 739.9464721679688]",voie1,0.0974
561,1,0.6928285956382751,"[845.065185546875, 374.0018005371094, 1250.6500244140625, 834.295166015625]",voie1,0.2957
562,1,0.8305684924125671,"[832.2150268554688, 373.43182373046875, 1244.4903564453125, 856.1762084960938]",voie1,0.3206
563,1,0.6623404622077942,"[827.933837890625, 371.299072265625, 1239.4588623046875, 867.0972900390625]",voie1,0.3362
564,1,0.6686685085296631,"[827.9102783203125, 370.25, 1239.3387451171875, 871.16552734375]",voie1,0.341
566,1,0.6581043601036072,"[823.8626708984375, 370.2984619140625, 1233.402587890625, 837.6612548828125]",voie1,0.2878
567,1,0.817535400390625,"[813.9511108398438, 370.5765686035156, 1234.4698486328125, 861.005615234375]",voie1,0.3253
568,1,0.8192772269248962,"[812.0426025390625, 370.6488952636719, 1236.438720703125, 868.3041381835938]",voie1,0.3352
569,1,0.6887910962104797,"[811.2461547851562, 369.53704833984375, 1231.540283203125, 865.283203125]",voie1,0.3284
570,1,0.650294303894043,"[810.02783203125, 369.36041259765625, 1231.574951171875, 859.218017578125]",voie1,0.3178
571,1,0.6723721623420715,"[801.5983276367188, 370.15576171875, 1227.4447021484375, 855.0471801757812]",voie1,0.3079
572,1,0.7556881308555603,"[799.765625, 370.4222717285156, 1227.3399658203125, 859.3225708007812]",voie1,0.3137
573,1,0.46306654810905457,"[806.0286254882812, 370.5425720214844, 1226.4022216796875, 742.3224487304688]",voie1,0.1016
574,1,0.6996700167655945,"[809.6474609375, 369.9044189453125, 1221.013427734375, 842.7713012695312]",voie1,0.2734
575,1,0.5196739435195923,"[808.8927612304688, 368.2747802734375, 1219.7972412109375, 867.283447265625]",voie1,0.311
578,1,0.6271186470985413,"[794.5028076171875, 368.0267028808594, 1197.739501953125, 874.403564453125]",voie1,0.306
579,1,0.6008650064468384,"[799.7499389648438, 365.5384826660156, 1248.188720703125, 873.3157958984375]",voie1,0.2672
580,1,0.821081817150116,"[797.6962280273438, 368.3996887207031, 1279.488525390625, 880.308349609375]",voie1,0.2411
581,1,0.8209547996520996,"[797.4752807617188, 368.578369140625, 1292.1541748046875, 882.281982421875]",voie1,0.2374
582,1,0.6927199959754944,"[815.4703369140625, 373.1048583984375, 1293.0052490234375, 770.354736328125]",voie1,0.0774
583,1,0.8551643490791321,"[796.1546630859375, 371.4813232421875, 1298.863525390625, 832.7970581054688]",voie1,0.1601
584,1,0.8581568002700806,"[793.8244018554688, 370.58502197265625, 1305.366455078125, 852.5460815429688]",voie1,0.1788
585,1,0.8563293814659119,"[793.2297973632812, 369.57940673828125, 1307.214111328125, 861.1701049804688]",voie1,0.1888
586,1,0.8523277640342712,"[792.3224487304688, 367.3838195800781, 1310.345703125, 871.2515258789062]",voie1,0.197
587,1,0.8528414964675903,"[791.43359375, 367.1610107421875, 1314.1827392578125, 875.4669189453125]",voie1,0.1951
588,1,0.8538392782211304,"[790.1769409179688, 367.1448974609375, 1315.803955078125, 874.9352416992188]",voie1,0.1908
589,1,0.8512822985649109,"[805.4883422851562, 367.56304931640625, 1317.181884765625, 880.5118408203125]",voie1,0.1938
590,1,0.8510838150978088,"[811.1142578125, 367.72418212890625, 1316.9049072265625, 882.3618774414062]",voie1,0.1948
591,1,0.8546897172927856,"[814.6659545898438, 367.17962646484375, 1315.6766357421875, 877.1646728515625]",voie1,0.1904
592,1,0.8447464108467102,"[822.0564575195312, 364.7322692871094, 1317.3671875, 877.3250732421875]",voie1,0.1868
593,1,0.843177855014801,"[819.4511108398438, 364.7137756347656, 1328.30419921875, 884.1839599609375]",voie1,0.1879
594,1,0.8432796597480774,"[818.7556762695312, 364.6849060058594, 1332.6103515625, 886.5292358398438]",voie1,0.1885
595,1,0.8426821827888489,"[823.9652099609375, 362.9566955566406, 1327.0152587890625, 880.3099975585938]",voie1,0.1819
596,1,0.8344707489013672,"[825.4338989257812, 362.40301513671875, 1325.507080078125, 865.7869873046875]",voie1,0.1639
597,1,0.8090667724609375,"[829.5709838867188, 363.2537841796875, 1323.798095703125, 860.0864868164062]",voie1,0.173
598,1,0.8094485402107239,"[831.5692749023438, 363.48052978515625, 1323.4993896484375, 857.7864379882812]",voie1,0.1706
599,1,0.8224575519561768,"[830.579833984375, 361.6236877441406, 1329.314697265625, 863.8880004882812]",voie1,0.1567
600,1,0.8284794688224792,"[825.28466796875, 360.18927001953125, 1338.0155029296875, 869.4390869140625]",voie1,0.1575
601,1,0.8311636447906494,"[826.7427978515625, 359.525390625, 1334.8062744140625, 864.81494140625]",voie1,0.1651
602,1,0.8192389011383057,"[828.6097412109375, 360.081787109375, 1338.3251953125, 769.4977416992188]",voie1,0.0575
603,1,0.8163890242576599,"[830.2943115234375, 359.96002197265625, 1340.3341064453125, 732.9148559570312]",voie1,0.0078
604,1,0.798362672328949,"[824.4487915039062, 356.80450439453125, 1342.0467529296875, 823.0665283203125]",voie1,0.1092
605,1,0.7806930541992188,"[829.977783203125, 358.25897216796875, 1340.3651123046875, 866.6182861328125]",voie1,0.1489
606,1,0.8311998248100281,"[822.0314331054688, 355.5926208496094, 1342.476806640625, 885.1553344726562]",voie1,0.1748
607,1,0.8319491147994995,"[819.5234375, 354.51971435546875, 1343.512939453125, 892.0927734375]",voie1,0.1796
608,1,0.7976542115211487,"[822.9592895507812, 354.2934265136719, 1338.0802001953125, 886.9764404296875]",voie1,0.1628
609,1,0.827507495880127,"[819.8302001953125, 354.13201904296875, 1338.4171142578125, 879.6041870117188]",voie1,0.1607
610,1,0.8246383666992188,"[818.2871704101562, 354.1769104003906, 1339.2081298828125, 878.9786376953125]",voie1,0.1521
611,1,0.8245357871055603,"[818.640625, 354.204833984375, 1340.0262451171875, 878.4560546875]",voie1,0.1513
612,1,0.8540607690811157,"[813.7566528320312, 353.8055114746094, 1348.4832763671875, 883.0147094726562]",voie1,0.1383
613,1,0.8464211225509644,"[808.80712890625, 353.6802673339844, 1350.6422119140625, 884.5714111328125]",voie1,0.128
614,1,0.8361738324165344,"[808.6334838867188, 352.8564147949219, 1354.0709228515625, 881.9552001953125]",voie1,0.1261
615,1,0.8506314158439636,"[805.777587890625, 353.5428161621094, 1355.256103515625, 899.6427612304688]",voie1,0.1316
616,1,0.8470916748046875,"[805.9332275390625, 353.0359191894531, 1355.804443359375, 901.810302734375]",voie1,0.1326
617,1,0.8351356983184814,"[806.54345703125, 351.9997863769531, 1356.3507080078125, 903.4254150390625]",voie1,0.1248
618,1,0.8679527640342712,"[805.3599853515625, 353.1214904785156, 1361.4327392578125, 906.2891845703125]",voie1,0.1315
619,1,0.8705301880836487,"[803.2593994140625, 356.510986328125, 1362.3468017578125, 915.9614868164062]",voie1,0.1308
620,1,0.870658278465271,"[802.78564453125, 356.8468322753906, 1362.859375, 918.62939453125]",voie1,0.1326
621,1,0.8546486496925354,"[809.8868408203125, 358.9031982421875, 1358.4652099609375, 895.0244140625]",voie1,0.1078
622,1,0.8664023280143738,"[812.4462890625, 361.9371337890625, 1359.5050048828125, 892.3782348632812]",voie1,0.1022
623,1,0.8622607588768005,"[812.3297729492188, 361.8923645019531, 1363.8941650390625, 888.6898803710938]",voie1,0.0958
624,1,0.8624957799911499,"[812.004150390625, 361.5060729980469, 1365.8753662109375, 886.5970458984375]",voie1,0.0945
625,1,0.8619096279144287,"[815.9794921875, 364.979736328125, 1371.224853515625, 883.5208129882812]",voie1,0.0963
626,1,0.8684487342834473,"[817.7862548828125, 362.8878479003906, 1381.7650146484375, 891.8906860351562]",voie1,0.0981
627,1,0.8663872480392456,"[826.6201171875, 363.3220520019531, 1393.969970703125, 891.7560424804688]",voie1,0.0854
628,1,0.8689476847648621,"[827.5299072265625, 361.3197021484375, 1399.2225341796875, 889.9264526367188]",voie1,0.087
629,1,0.8690420389175415,"[828.1380615234375, 360.8113708496094, 1400.9713134765625, 889.286865234375]",voie1,0.0861
630,1,0.8725601434707642,"[821.5543212890625, 360.68890380859375, 1403.4776611328125, 902.9326782226562]",voie1,0.0968
631,1,0.8624140024185181,"[826.9535522460938, 359.8133239746094, 1407.0537109375, 907.7532958984375]",voie1,0.0945
632,1,0.8437526226043701,"[826.4992065429688, 360.5343933105469, 1411.0096435546875, 919.5750122070312]",voie1,0.0974
633,1,0.8436921834945679,"[826.14892578125, 360.763916015625, 1412.510498046875, 924.064697265625]",voie1,0.0989
634,1,0.8400095105171204,"[832.9176025390625, 359.2894592285156, 1413.339111328125, 926.7313842773438]",voie1,0.0921
635,1,0.8464773297309875,"[832.7255249023438, 357.70654296875, 1414.244140625, 928.6298828125]",voie1,0.0899
636,1,0.8426080346107483,"[831.1344604492188, 355.3304443359375, 1417.080810546875, 925.0567016601562]",voie1,0.0853
637,1,0.8429029583930969,"[830.263427734375, 354.6773376464844, 1417.3380126953125, 923.900146484375]",voie1,0.0849
638,1,0.8334252238273621,"[831.6226196289062, 353.1156311035156, 1416.2037353515625, 928.5604858398438]",voie1,0.0828
639,1,0.8240754008293152,"[831.4651489257812, 351.6839599609375, 1412.4169921875, 930.2892456054688]",voie1,0.0799
640,1,0.8167495131492615,"[834.524658203125, 351.87176513671875, 1420.8780517578125, 932.1408081054688]",voie1,0.0769
641,1,0.8281556367874146,"[833.273193359375, 352.4927062988281, 1424.4901123046875, 930.4432373046875]",voie1,0.0759
642,1,0.8302714824676514,"[832.3742065429688, 352.7372131347656, 1425.693359375, 929.4603881835938]",voie1,0.0762
643,1,0.8376108407974243,"[829.4326171875, 352.9599609375, 1426.7216796875, 927.8428344726562]",voie1,0.0762
644,1,0.8539597392082214,"[830.1475219726562, 348.86199951171875, 1424.9095458984375, 915.8388061523438]",voie1,0.0706
645,1,0.8439549207687378,"[833.297607421875, 347.56097412109375, 1428.7427978515625, 912.3804931640625]",voie1,0.0664
646,1,0.8453609347343445,"[834.2151489257812, 346.9403991699219, 1430.4134521484375, 909.9642333984375]",voie1,0.0651
647,1,0.8662410378456116,"[832.0765380859375, 345.6483154296875, 1432.2779541015625, 931.7821655273438]",voie1,0.0716
648,1,0.8515329957008362,"[838.396484375, 344.2487487792969, 1439.7864990234375, 943.8858642578125]",voie1,0.0682
649,1,0.8534461855888367,"[834.6710815429688, 344.143310546875, 1443.2083740234375, 949.2802124023438]",voie1,0.0666
650,1,0.8502614498138428,"[838.0491333007812, 344.3732604980469, 1445.28857421875, 945.5859375]",voie1,0.0611
651,1,0.8473687767982483,"[839.1347045898438, 344.65936279296875, 1445.6920166015625, 939.3350830078125]",voie1,0.0594
652,1,0.8537865281105042,"[839.5628662109375, 341.4621887207031, 1440.8345947265625, 943.556884765625]",voie1,0.057
653,1,0.8665960431098938,"[837.4984130859375, 341.5598449707031, 1444.3583984375, 935.5899047851562]",voie1,0.0525
654,1,0.866889238357544,"[844.8248901367188, 339.9730224609375, 1447.9373779296875, 924.2660522460938]",voie1,0.0427
655,1,0.8676056861877441,"[847.2987060546875, 339.1808166503906, 1448.8724365234375, 919.9786376953125]",voie1,0.0409
656,1,0.8654484152793884,"[851.0700073242188, 337.1398620605469, 1449.4263916015625, 916.8800659179688]",voie1,0.0438
657,1,0.8491063117980957,"[846.9747314453125, 338.19287109375, 1448.2548828125, 939.9384155273438]",voie1,0.0452
658,1,0.8644441366195679,"[851.8662109375, 337.4165954589844, 1450.6290283203125, 957.4163818359375]",voie1,0.0416
659,1,0.863953173160553,"[853.7446899414062, 337.34368896484375, 1452.334228515625, 963.8464965820312]",voie1,0.0414
660,1,0.8629277944564819,"[858.4407348632812, 336.974365234375, 1471.09228515625, 968.5769653320312]",voie1,0.0359
661,1,0.8607866764068604,"[856.81640625, 334.1705322265625, 1486.2735595703125, 970.4603881835938]",voie1,0.0359
662,1,0.860203742980957,"[851.5559692382812, 332.2208557128906, 1493.3265380859375, 972.5826416015625]",voie1,0.0366
663,1,0.8600056767463684,"[872.9476318359375, 325.9700012207031, 1499.6019287109375, 973.0333862304688]",voie1,0.0232
664,1,0.8609420657157898,"[880.4570922851562, 323.748291015625, 1501.13525390625, 972.841552734375]",voie1,0.0191
665,1,0.8613812923431396,"[865.7173461914062, 329.1532897949219, 1503.2073974609375, 965.6053466796875]",voie2,0.0251
666,1,0.8753793239593506,"[871.6347045898438, 320.7071838378906, 1509.9833984375, 955.718994140625]",voie2,0.0222
667,1,0.8717158436775208,"[870.6220092773438, 316.12249755859375, 1510.8209228515625, 950.0361938476562]",voie1,0.0187
668,1,0.8723025918006897,"[870.4738159179688, 314.65545654296875, 1511.1171875, 947.6159057617188]",voie1,0.0186
669,1,0.8792547583580017,"[867.093505859375, 312.4510192871094, 1515.1910400390625, 957.6603393554688]",voie1,0.0198
670,1,0.884512722492218,"[863.93408203125, 311.25238037109375, 1513.7059326171875, 966.2684936523438]",voie2,0.022
671,1,0.8740522265434265,"[864.0879516601562, 309.5166015625, 1513.259033203125, 969.8868408203125]",voie2,0.0253
672,1,0.8736374378204346,"[864.1194458007812, 309.06658935546875, 1513.00634765625, 970.8562622070312]",voie2,0.0265
673,1,0.8676477670669556,"[863.0191650390625, 307.4833679199219, 1506.01904296875, 946.93798828125]",voie1,0.0156
674,1,0.8534126877784729,"[861.9308471679688, 306.6934814453125, 1510.83837890625, 936.522705078125]",voie1,0.015
675,1,0.8412131071090698,"[862.2105102539062, 304.8229675292969, 1512.2567138671875, 938.40576171875]",voie1,0.0086
676,1,0.861778974533081,"[862.8514404296875, 307.6551818847656, 1540.43994140625, 943.1434326171875]",voie1,0.005
677,1,0.860977053642273,"[862.8086547851562, 308.0814514160156, 1550.074462890625, 943.7412719726562]",voie1,0.0049
678,1,0.8505808711051941,"[862.6942138671875, 307.4753723144531, 1554.8055419921875, 945.74462890625]",voie1,0.0061
679,1,0.8583350777626038,"[862.6446533203125, 304.4214172363281, 1540.760986328125, 942.248046875]",voie2,0.0053
680,1,0.852092444896698,"[859.04931640625, 304.575439453125, 1548.1385498046875, 944.7583618164062]",,0.0
681,1,0.853765070438385,"[857.2960815429688, 304.52667236328125, 1550.7418212890625, 944.9201049804688]",,0.0
682,1,0.8739539980888367,"[860.3802490234375, 303.0955505371094, 1542.942626953125, 942.7642822265625]",voie1,0.004
683,1,0.8684597611427307,"[859.8816528320312, 301.69012451171875, 1552.51904296875, 941.6754150390625]",voie2,0.0024
684,1,0.8420448303222656,"[860.6177368164062, 297.802978515625, 1556.385986328125, 960.2355346679688]",voie2,0.0101
685,1,0.8426958322525024,"[861.1088256835938, 296.9085998535156, 1558.22802734375, 966.7810668945312]",voie2,0.0155
686,1,0.8219748735427856,"[861.3333740234375, 296.0968322753906, 1544.7144775390625, 970.3724365234375]",voie1,0.0164
687,1,0.8700467348098755,"[861.2669067382812, 295.2415466308594, 1564.2335205078125, 978.7451171875]",,0.0
688,1,0.8804211020469666,"[859.1180419921875, 292.4104919433594, 1580.12646484375, 984.1445922851562]",,0.0
689,1,0.8849178552627563,"[860.5252685546875, 291.5707702636719, 1588.837890625, 981.635498046875]",voie1,0.0006
690,1,0.8845378160476685,"[860.7012939453125, 290.961669921875, 1592.43212890625, 980.9589233398438]",voie1,0.0006
691,1,0.8627319931983948,"[859.3862915039062, 297.1659851074219, 1579.0084228515625, 957.4092407226562]",voie2,0.0087
692,1,0.8886474370956421,"[862.7435913085938, 298.17071533203125, 1573.4940185546875, 968.1072998046875]",voie1,0.0102
693,1,0.8898537158966064,"[865.1741333007812, 299.13494873046875, 1575.0162353515625, 973.4451293945312]",voie1,0.0221
694,1,0.8898947238922119,"[864.9067993164062, 299.07147216796875, 1575.8935546875, 976.4999389648438]",voie1,0.0224
695,1,0.8885380029678345,"[865.5558471679688, 301.1332702636719, 1567.7989501953125, 975.6931762695312]",voie1,0.0244
696,1,0.8833191990852356,"[865.156005859375, 303.6534423828125, 1563.799560546875, 973.3988647460938]",voie1,0.0354
697,1,0.8829216957092285,"[864.223876953125, 306.0891418457031, 1557.31494140625, 971.2600708007812]",voie1,0.0416
698,1,0.8828637003898621,"[863.7427368164062, 305.7307434082031, 1556.434814453125, 970.7356567382812]",voie1,0.0418
699,1,0.8814488053321838,"[866.4682006835938, 305.83935546875, 1550.86865234375, 967.6940307617188]",voie1,0.0391
700,1,0.8825849294662476,"[862.3262329101562, 309.1474914550781, 1547.5240478515625, 968.2813720703125]",voie1,0.0412
701,1,0.8841026425361633,"[861.7135620117188, 311.8118896484375, 1544.8074951171875, 969.0475463867188]",voie1,0.0463
702,1,0.8748724460601807,"[861.0467529296875, 315.2446594238281, 1540.322509765625, 966.3287963867188]",voie1,0.0488
703,1,0.874925971031189,"[861.451171875, 314.9142761230469, 1540.7283935546875, 965.4802856445312]",voie1,0.0485
704,1,0.8656589984893799,"[858.9917602539062, 319.3749694824219, 1529.9041748046875, 962.4946899414062]",voie1,0.0547
705,1,0.8474240899085999,"[858.085205078125, 318.7846374511719, 1531.6099853515625, 955.2891235351562]",voie1,0.0581
706,1,0.848661482334137,"[848.9813842773438, 322.0622863769531, 1525.118896484375, 952.4520263671875]",voie1,0.0658
707,1,0.8494401574134827,"[847.1735229492188, 322.3622741699219, 1524.3936767578125, 951.625244140625]",voie1,0.0662
708,1,0.8404065370559692,"[848.8740844726562, 328.3955078125, 1517.224365234375, 905.89892578125]",voie1,0.0598
709,1,0.8445475697517395,"[853.5736694335938, 332.4981994628906, 1516.3309326171875, 906.24072265625]",voie1,0.0626
710,1,0.8666560053825378,"[849.202392578125, 325.88031005859375, 1515.8765869140625, 918.42578125]",voie1,0.0803
711,1,0.8663054704666138,"[846.9998779296875, 324.99029541015625, 1517.333984375, 926.3895874023438]",voie1,0.0834
712,1,0.8593961596488953,"[849.7706909179688, 325.2327880859375, 1514.588623046875, 924.3185424804688]",voie1,0.0865
713,1,0.8673280477523804,"[849.907470703125, 329.33526611328125, 1510.337158203125, 914.1888427734375]",voie1,0.089
714,1,0.852124035358429,"[859.3277587890625, 328.421875, 1504.4368896484375, 895.2183227539062]",voie1,0.0872
715,1,0.8247174620628357,"[861.9558715820312, 329.4696960449219, 1497.200927734375, 880.6431884765625]",voie1,0.0794
716,1,0.8248798251152039,"[862.7750244140625, 329.4237060546875, 1495.5028076171875, 875.760009765625]",voie1,0.0768
717,1,0.8292809724807739,"[859.4120483398438, 338.1722717285156, 1488.740966796875, 879.0280151367188]",voie1,0.0814
718,1,0.8197864890098572,"[860.859375, 339.7337646484375, 1489.992919921875, 901.2551879882812]",voie1,0.1039
718,3,0.804510235786438,"[904.2196655273438, 340.68218994140625, 1481.68310546875, 771.2435913085938]",voie1,0.0145
719,3,0.8047534823417664,"[875.7020263671875, 341.31219482421875, 1462.173095703125, 744.3980712890625]",,0.0
720,3,0.8046833872795105,"[864.0331420898438, 339.98895263671875, 1456.599609375, 737.2421264648438]",,0.0
721,1,0.8614082336425781,"[862.9884033203125, 340.54241943359375, 1482.1343994140625, 899.5958251953125]",voie1,0.1092
722,1,0.8480576276779175,"[863.1047973632812, 343.0560302734375, 1477.8411865234375, 890.1597900390625]",voie1,0.1027
723,1,0.841339647769928,"[859.8148803710938, 347.1051330566406, 1449.01953125, 898.3235473632812]",voie1,0.1197
724,1,0.8425771594047546,"[858.8578491210938, 347.2266845703125, 1439.3719482421875, 902.240478515625]",voie1,0.1245
725,1,0.8329599499702454,"[859.1934204101562, 349.982666015625, 1440.289794921875, 925.4413452148438]",voie1,0.1444
725,3,0.8617263436317444,"[862.4284057617188, 349.97601318359375, 1436.441162109375, 730.2241821289062]",,0.0
726,1,0.827455461025238,"[859.4456787109375, 350.2389221191406, 1466.088623046875, 925.30810546875]",voie1,0.142
726,3,0.8584123253822327,"[862.51318359375, 351.8952331542969, 1451.9395751953125, 728.1236572265625]",,0.0
727,1,0.8011195063591003,"[858.1832885742188, 353.2928161621094, 1459.9990234375, 915.54736328125]",voie1,0.1365
727,3,0.8482984304428101,"[860.7039794921875, 356.26373291015625, 1444.272216796875, 727.987548828125]",,0.0
728,3,0.8419463634490967,"[860.6743774414062, 358.2552185058594, 1448.8223876953125, 731.1944580078125]",,0.0
729,3,0.8425654172897339,"[860.9693603515625, 357.7911376953125, 1452.9024658203125, 732.7291259765625]",,0.0
730,1,0.8634040951728821,"[860.9717407226562, 358.3553466796875, 1457.3175048828125, 899.4528198242188]",voie1,0.1335
731,1,0.8617254495620728,"[870.0055541992188, 364.151123046875, 1458.382080078125, 895.6031494140625]",voie1,0.1401
732,1,0.8044329881668091,"[868.3744506835938, 365.3890075683594, 1453.3680419921875, 882.6612548828125]",voie1,0.137
732,3,0.8454143404960632,"[870.1110229492188, 368.3851318359375, 1443.8411865234375, 732.4193725585938]",,0.0
733,3,0.8361464738845825,"[869.7400512695312, 367.8670349121094, 1447.296875, 734.2247314453125]",,0.0
734,1,0.8610811829566956,"[869.2534790039062, 366.892578125, 1445.6187744140625, 886.232177734375]",voie1,0.1442
735,3,0.8357741236686707,"[868.4628295898438, 365.387939453125, 1460.4322509765625, 763.36669921875]",voie1,0.0164
736,3,0.8646345138549805,"[868.9833984375, 368.0731201171875, 1463.8017578125, 740.292236328125]",,0.0
736,1,0.8397346138954163,"[866.1378173828125, 368.7493896484375, 1456.295654296875, 875.5394287109375]",voie1,0.1454
737,3,0.8788973689079285,"[868.421630859375, 369.8244934082031, 1464.2655029296875, 740.8822021484375]",,0.0
737,1,0.8372262716293335,"[865.4135131835938, 367.5344543457031, 1462.7779541015625, 892.528076171875]",voie1,0.1584
738,3,0.8595367670059204,"[867.4547729492188, 372.3231506347656, 1457.0767822265625, 748.3369750976562]",,0.0
739,1,0.8506343364715576,"[866.8305053710938, 372.98968505859375, 1456.00244140625, 874.7667846679688]",voie1,0.1575
740,1,0.8748884201049805,"[865.126953125, 373.71881103515625, 1457.24853515625, 879.5929565429688]",voie1,0.1622
741,1,0.8702306151390076,"[864.9449462890625, 378.1177673339844, 1457.0994873046875, 877.140869140625]",voie1,0.1646
742,1,0.868777871131897,"[865.471923828125, 378.43988037109375, 1459.798828125, 877.3540649414062]",voie1,0.1641
743,1,0.8562759757041931,"[866.6397705078125, 379.12347412109375, 1457.9283447265625, 874.2291259765625]",voie1,0.164
744,1,0.8463971018791199,"[865.7422485351562, 382.5683898925781, 1452.688232421875, 867.5087890625]",voie1,0.1785
745,1,0.8526430130004883,"[866.5530395507812, 384.25439453125, 1452.2340087890625, 854.8087158203125]",voie1,0.1585
746,1,0.8519482612609863,"[866.6085205078125, 383.8172912597656, 1455.2615966796875, 849.4324951171875]",voie1,0.1512
747,3,0.8503028154373169,"[867.2954711914062, 382.5257263183594, 1449.1405029296875, 744.4204711914062]",,0.0
748,1,0.8616712093353271,"[869.9363403320312, 381.3386535644531, 1451.8133544921875, 857.4844360351562]",voie1,0.1792
749,1,0.8610057234764099,"[869.0009765625, 382.51995849609375, 1451.611328125, 862.1464233398438]",voie1,0.1877
750,1,0.794097900390625,"[866.2127075195312, 380.0079345703125, 1446.65380859375, 875.9609985351562]",voie1,0.2294
751,1,0.7919609546661377,"[865.8324584960938, 378.2860412597656, 1447.58837890625, 882.5278930664062]",voie1,0.2363
752,3,0.5790444016456604,"[867.231201171875, 378.9140930175781, 1437.713134765625, 766.9613647460938]",voie1,0.0828
753,1,0.8807054162025452,"[872.7881469726562, 378.6650390625, 1440.758056640625, 869.705078125]",voie1,0.2406
754,1,0.7851391434669495,"[874.6746826171875, 379.7440490722656, 1402.78271484375, 865.65625]",voie1,0.2596
755,1,0.7813586592674255,"[875.9756469726562, 379.1452941894531, 1390.7952880859375, 865.4033813476562]",voie1,0.2659
756,1,0.8419772386550903,"[876.2806396484375, 379.61328125, 1354.1536865234375, 862.2420654296875]",voie1,0.2994
757,1,0.8687049746513367,"[875.8536987304688, 379.94696044921875, 1345.345458984375, 860.9812622070312]",voie1,0.3126
758,1,0.7000852227210999,"[875.3894653320312, 378.8111877441406, 1368.87939453125, 849.5244140625]",voie1,0.2879
759,1,0.7061476707458496,"[875.791259765625, 377.6639099121094, 1390.1754150390625, 846.8309936523438]",voie1,0.2719
760,3,0.6942958831787109,"[874.899658203125, 383.7099914550781, 1366.611083984375, 691.9161987304688]",,0.0
761,3,0.8389208912849426,"[874.3898315429688, 382.73956298828125, 1401.01953125, 688.8497924804688]",,0.0
762,3,0.8506844639778137,"[872.3338623046875, 382.643310546875, 1419.3480224609375, 688.7010498046875]",,0.0
763,3,0.8226295113563538,"[868.55126953125, 381.86981201171875, 1405.9287109375, 687.3359375]",,0.0
764,3,0.8217045068740845,"[867.761474609375, 381.12890625, 1403.9345703125, 687.9730224609375]",,0.0
765,3,0.8355501294136047,"[866.4056396484375, 383.5080871582031, 1413.138427734375, 689.2865600585938]",,0.0
766,3,0.8184434771537781,"[865.303955078125, 385.0671081542969, 1409.688232421875, 689.3134765625]",,0.0
767,3,0.8404954075813293,"[867.2607421875, 385.18768310546875, 1409.8353271484375, 689.4961547851562]",,0.0
768,3,0.8404542803764343,"[868.074951171875, 384.30767822265625, 1412.2830810546875, 690.024658203125]",,0.0
769,3,0.8276925683021545,"[866.4904174804688, 386.0325927734375, 1406.1046142578125, 689.8389892578125]",,0.0
770,3,0.8132144808769226,"[864.1357421875, 388.4516906738281, 1408.9781494140625, 690.3528442382812]",,0.0
771,3,0.8108816742897034,"[862.3421630859375, 389.8446960449219, 1408.9864501953125, 690.3005981445312]",,0.0
772,3,0.8148446679115295,"[862.519287109375, 388.7558288574219, 1413.1162109375, 689.9872436523438]",,0.0
773,3,0.7712435722351074,"[862.4275512695312, 388.826904296875, 1410.6263427734375, 718.84423828125]",voie1,0.0533
774,3,0.840247392654419,"[864.6195068359375, 388.4850769042969, 1414.8641357421875, 700.5171508789062]",,0.0
775,3,0.8431882858276367,"[867.2926025390625, 387.3600769042969, 1416.8233642578125, 756.1138305664062]",voie1,0.1539
776,3,0.8472935557365417,"[866.51611328125, 386.1581726074219, 1418.385009765625, 814.0589599609375]",voie1,0.2696
777,3,0.854580819606781,"[868.556396484375, 384.43902587890625, 1421.0498046875, 835.2537841796875]",voie1,0.3028
778,3,0.8396878242492676,"[864.9961547851562, 386.1824951171875, 1418.424072265625, 849.7597045898438]",voie1,0.3236
779,3,0.8493374586105347,"[867.4768676757812, 386.65557861328125, 1421.12158203125, 847.8868408203125]",voie1,0.3222
780,3,0.8808223009109497,"[869.3809204101562, 385.4682922363281, 1426.79150390625, 840.7694702148438]",voie1,0.3171
781,3,0.8807712197303772,"[869.1511840820312, 384.91864013671875, 1429.8980712890625, 838.6190795898438]",voie1,0.3135
782,3,0.8391256332397461,"[867.2673950195312, 386.4778747558594, 1423.4486083984375, 836.1585083007812]",voie1,0.3134
783,3,0.8502340316772461,"[865.85986328125, 386.98553466796875, 1419.5037841796875, 838.6680297851562]",voie1,0.3178
784,3,0.83529132604599,"[864.5059814453125, 386.86773681640625, 1413.4405517578125, 843.7650756835938]",voie1,0.3257
785,3,0.8345493674278259,"[864.7122802734375, 385.28924560546875, 1413.9110107421875, 846.0653076171875]",voie1,0.328
786,3,0.7894598841667175,"[866.954345703125, 386.8269958496094, 1419.9185791015625, 822.8319091796875]",voie1,0.2946
787,3,0.824955940246582,"[866.653564453125, 387.8819580078125, 1401.296142578125, 817.6220703125]",voie1,0.2888
788,3,0.7629328370094299,"[868.1490478515625, 390.3984069824219, 1387.0718994140625, 808.9148559570312]",voie1,0.2774
789,3,0.7244216203689575,"[862.6401977539062, 390.3378601074219, 1376.615234375, 754.310302734375]",voie1,0.168
790,3,0.7319145202636719,"[861.576904296875, 389.509765625, 1376.152587890625, 732.19189453125]",voie1,0.1139
791,3,0.753121554851532,"[861.991455078125, 389.5269470214844, 1379.07421875, 772.824951171875]",voie1,0.2104
792,3,0.7458333969116211,"[862.0423583984375, 390.9498291015625, 1365.0166015625, 776.4564208984375]",voie1,0.2186
793,3,0.7313598990440369,"[862.86474609375, 391.7965087890625, 1358.590576171875, 775.6404418945312]",voie1,0.2178
794,3,0.7298003435134888,"[864.8671264648438, 390.618896484375, 1360.4031982421875, 771.80419921875]",voie1,0.2092
795,3,0.7860636711120605,"[862.0325317382812, 390.5711669921875, 1353.9688720703125, 793.2366333007812]",voie1,0.251
796,3,0.8105300068855286,"[855.38427734375, 389.0248718261719, 1348.0723876953125, 813.0728759765625]",voie1,0.2874
797,3,0.8256301879882812,"[850.99658203125, 389.7034912109375, 1343.5694580078125, 821.7716064453125]",voie1,0.3029
798,3,0.8213340044021606,"[851.654541015625, 388.3663635253906, 1347.827880859375, 820.1312866210938]",voie1,0.2995
799,3,0.7330096364021301,"[846.5668334960938, 391.3818359375, 1337.565185546875, 804.6368408203125]",voie1,0.2763
800,3,0.8062150478363037,"[848.781005859375, 392.1959228515625, 1333.072509765625, 814.1569213867188]",voie1,0.2932
801,3,0.7542346119880676,"[845.7456665039062, 392.79779052734375, 1327.7835693359375, 814.3672485351562]",voie1,0.2948
804,3,0.5807787775993347,"[831.6923217773438, 391.4325866699219, 1362.8629150390625, 677.6737060546875]",voie1,0.0062
805,3,0.6052552461624146,"[840.2041015625, 390.84405517578125, 1370.7467041015625, 668.22314453125]",,0.0
806,3,0.6640463471412659,"[841.7338256835938, 390.00567626953125, 1367.5626220703125, 672.3789672851562]",,0.0
807,3,0.6599854826927185,"[844.0230102539062, 389.52716064453125, 1369.40234375, 674.5902099609375]",,0.0
808,3,0.7675243020057678,"[830.90966796875, 391.8222351074219, 1367.6116943359375, 652.8543090820312]",,0.0
809,3,0.6949126720428467,"[822.4136962890625, 388.06781005859375, 1368.665283203125, 660.954833984375]",,0.0
810,3,0.7173771858215332,"[816.5758666992188, 387.1141662597656, 1370.73974609375, 667.454833984375]",,0.0
811,3,0.7196540832519531,"[816.8642578125, 385.11920166015625, 1376.0748291015625, 668.5381469726562]",,0.0
812,3,0.6627413034439087,"[814.0568237304688, 384.3902587890625, 1366.9854736328125, 650.85009765625]",,0.0
813,3,0.8580067753791809,"[812.1253051757812, 383.06011962890625, 1359.5303955078125, 761.6832275390625]",voie1,0.1916
814,3,0.8533296585083008,"[814.8201904296875, 380.37847900390625, 1359.2183837890625, 793.4129638671875]",voie1,0.2577
815,3,0.8536513447761536,"[813.7392578125, 379.3224792480469, 1361.403564453125, 806.0383911132812]",voie1,0.2847
816,3,0.8538819551467896,"[813.5784912109375, 379.20843505859375, 1362.3150634765625, 810.44189453125]",voie1,0.2921
817,3,0.8573211431503296,"[798.328857421875, 380.0344543457031, 1363.97607421875, 807.9766235351562]",voie1,0.2842
818,3,0.8663668036460876,"[791.771728515625, 380.57177734375, 1358.720947265625, 808.720458984375]",voie1,0.2806
819,3,0.8692467212677002,"[785.540283203125, 380.68109130859375, 1359.87890625, 807.6735229492188]",voie1,0.2816
820,3,0.8690939545631409,"[785.4068603515625, 380.4268798828125, 1363.369873046875, 807.1121826171875]",voie1,0.2802
821,3,0.8172325491905212,"[788.5726928710938, 380.4280090332031, 1363.487548828125, 786.9099731445312]",voie1,0.2351
822,3,0.8556931614875793,"[787.6405029296875, 380.2109375, 1380.765625, 803.3059692382812]",voie1,0.2689
823,3,0.8131192326545715,"[789.652587890625, 381.7167053222656, 1380.08349609375, 760.3767700195312]",voie1,0.1807
824,3,0.8132101893424988,"[792.1270751953125, 382.2811584472656, 1380.898193359375, 741.525146484375]",voie1,0.138
825,3,0.8089810013771057,"[786.0069580078125, 382.43212890625, 1381.7164306640625, 740.6655883789062]",voie1,0.1344
826,3,0.7735726833343506,"[780.6146850585938, 379.4344482421875, 1385.5533447265625, 740.571533203125]",voie1,0.1348
827,3,0.8146469593048096,"[777.2192993164062, 378.70050048828125, 1383.790771484375, 750.8770751953125]",voie1,0.1566
828,3,0.806351900100708,"[777.7816772460938, 380.19097900390625, 1385.6075439453125, 756.13134765625]",voie1,0.1659
829,3,0.8071661591529846,"[778.8366088867188, 380.7720947265625, 1386.1658935546875, 750.2925415039062]",voie1,0.153
830,3,0.8029549717903137,"[775.600341796875, 377.96527099609375, 1386.6593017578125, 761.481201171875]",voie1,0.1772
831,3,0.8096445202827454,"[776.1307373046875, 378.8442077636719, 1396.0384521484375, 722.4417114257812]",voie1,0.0807
832,3,0.8119690418243408,"[774.5574340820312, 377.39923095703125, 1407.477294921875, 715.5997314453125]",voie1,0.062
833,3,0.8163524866104126,"[775.6915283203125, 376.74041748046875, 1413.575927734375, 712.8660888671875]",voie1,0.054
834,3,0.8070749640464783,"[773.1072387695312, 372.9200134277344, 1423.5091552734375, 779.3350219726562]",voie1,0.204
835,3,0.7763324975967407,"[771.64501953125, 372.104248046875, 1426.984619140625, 744.5294799804688]",voie1,0.1399
836,3,0.8028380870819092,"[768.5798950195312, 371.7178649902344, 1423.1895751953125, 742.85400390625]",voie1,0.135
837,3,0.8047615885734558,"[768.8931274414062, 371.55316162109375, 1423.39013671875, 746.3970947265625]",voie1,0.143
838,3,0.8228296041488647,"[765.32080078125, 366.9927978515625, 1433.6512451171875, 710.3939208984375]",voie1,0.0481
839,3,0.8223425149917603,"[763.0800170898438, 360.4768981933594, 1438.9852294921875, 781.8421020507812]",voie1,0.2091
840,3,0.6866574883460999,"[765.3087158203125, 358.3647766113281, 1434.7823486328125, 736.7362670898438]",voie1,0.1108
841,3,0.7337608337402344,"[765.800048828125, 352.78790283203125, 1432.9111328125, 786.3060302734375]",voie1,0.2086
842,3,0.7244159579277039,"[789.055419921875, 353.2605895996094, 1431.5916748046875, 734.6635131835938]",voie1,0.1023
843,3,0.7396508455276489,"[773.1192626953125, 350.3494567871094, 1457.386474609375, 720.9664306640625]",voie1,0.0646
844,3,0.7583701014518738,"[764.613525390625, 345.1477966308594, 1486.63720703125, 719.5243530273438]",voie1,0.0586
845,3,0.8005697131156921,"[761.5204467773438, 341.0820617675781, 1505.137451171875, 797.2012329101562]",voie1,0.1999
846,3,0.8015682101249695,"[760.6754150390625, 339.84478759765625, 1512.352294921875, 824.7073364257812]",voie1,0.2363
847,3,0.7740204930305481,"[762.1544799804688, 336.11920166015625, 1524.6422119140625, 832.172119140625]",voie1,0.2376
848,3,0.7691994905471802,"[772.3099365234375, 326.28851318359375, 1543.5277099609375, 822.6541748046875]",voie1,0.2147
849,3,0.7777400016784668,"[766.4752197265625, 317.7048034667969, 1556.211181640625, 836.6171875]",voie1,0.2265
850,3,0.7121056318283081,"[765.431396484375, 313.1672058105469, 1572.0345458984375, 827.4332885742188]",voie1,0.2096
851,3,0.7142776846885681,"[765.612060546875, 311.87628173828125, 1578.1019287109375, 823.905517578125]",voie1,0.2033
851,4,0.4900476336479187,"[903.8450317382812, 315.7319641113281, 1570.2626953125, 714.3973999023438]",voie1,0.0382
852,3,0.8012874722480774,"[767.1238403320312, 309.1548767089844, 1591.64404296875, 830.8621826171875]",voie1,0.2064
853,3,0.8104695081710815,"[768.0575561523438, 304.7905578613281, 1610.3995361328125, 839.591064453125]",voie1,0.2097
854,3,0.811104953289032,"[771.8486328125, 298.84088134765625, 1619.7412109375, 844.7357788085938]",voie1,0.211
855,3,0.8120196461677551,"[772.86962890625, 296.8095397949219, 1622.56689453125, 846.51123046875]",voie1,0.2113
856,3,0.6707847714424133,"[772.490234375, 293.13690185546875, 1640.4674072265625, 847.8585815429688]",voie1,0.2063
857,3,0.6137523055076599,"[764.4568481445312, 289.4440612792969, 1662.8314208984375, 852.00830078125]",voie1,0.2045
858,3,0.8060919642448425,"[773.5447998046875, 288.4920349121094, 1685.4022216796875, 852.407470703125]",voie1,0.1951
859,3,0.8061284422874451,"[777.2044067382812, 287.4694519042969, 1693.5177001953125, 852.1087036132812]",voie1,0.1925
860,3,0.66156005859375,"[777.5738525390625, 282.3760986328125, 1712.4217529296875, 861.6527099609375]",voie1,0.1962
861,3,0.6333215832710266,"[732.1636962890625, 277.9706726074219, 1732.4052734375, 864.7548217773438]",voie1,0.1961
862,3,0.8021668195724487,"[767.7882080078125, 271.4246520996094, 1755.5946044921875, 864.5238037109375]",voie1,0.1857
863,3,0.7010547518730164,"[761.0293579101562, 264.43756103515625, 1780.693603515625, 872.2672119140625]",voie1,0.1875
864,3,0.6983417272567749,"[756.1741943359375, 262.1833801269531, 1789.2161865234375, 875.1126708984375]",voie1,0.1879
865,3,0.7820873856544495,"[740.3478393554688, 257.4776916503906, 1809.7713623046875, 878.4150390625]",voie1,0.1866
866,3,0.8038234710693359,"[722.9449462890625, 252.28709411621094, 1827.7432861328125, 881.3055419921875]",voie1,0.1863
867,3,0.8145813941955566,"[741.7014770507812, 243.13754272460938, 1854.6514892578125, 885.6984252929688]",voie1,0.1811
868,3,0.8133609294891357,"[748.7113037109375, 239.9686737060547, 1863.881103515625, 887.1829223632812]",voie1,0.1789
869,3,0.810840368270874,"[728.5828857421875, 231.81227111816406, 1880.663330078125, 892.2236938476562]",voie1,0.1787
870,3,0.8454857468605042,"[755.7314453125, 217.34791564941406, 1906.1917724609375, 897.2159423828125]",voie1,0.1742
871,3,0.7472503185272217,"[759.7435302734375, 209.9287109375, 1920.0, 896.6206665039062]",voie1,0.1692
872,3,0.7444400191307068,"[760.27001953125, 207.15676879882812, 1920.0, 896.0409545898438]",voie1,0.1681
873,3,0.8250264525413513,"[769.8763427734375, 202.21653747558594, 1920.0, 894.140869140625]",voie1,0.1666
874,3,0.7970154881477356,"[743.1765747070312, 196.30343627929688, 1920.0, 901.7198486328125]",voie1,0.1707
875,3,0.827739953994751,"[785.8197631835938, 190.22303771972656, 1920.0, 905.4574584960938]",voie1,0.1679
876,3,0.8128102421760559,"[753.1575317382812, 182.95785522460938, 1920.0, 908.8787231445312]",voie1,0.1702
876,5,0.6775937676429749,"[1294.6763916015625, 180.50711059570312, 1919.8665771484375, 918.3798828125]",voie1,0.0636
877,3,0.8125983476638794,"[737.6903076171875, 179.96920776367188, 1920.0, 909.6463623046875]",voie1,0.1716
877,5,0.6918885111808777,"[1309.20849609375, 179.03262329101562, 1919.976806640625, 918.7638549804688]",voie1,0.0581
878,3,0.8315166234970093,"[723.0496826171875, 170.85250854492188, 1920.0, 914.4827880859375]",voie1,0.173
878,5,0.5858190655708313,"[1307.157958984375, 170.1382293701172, 1920.0, 922.2108764648438]",voie1,0.0583
879,3,0.7924866676330566,"[711.2590942382812, 160.79129028320312, 1920.0, 915.8475952148438]",voie1,0.1729
879,5,0.5971369743347168,"[1331.2965087890625, 159.97015380859375, 1920.0, 923.4690551757812]",voie1,0.0484
880,3,0.8211038708686829,"[694.3479614257812, 152.1235809326172, 1920.0, 916.3707885742188]",voie1,0.1712
880,5,0.6855047345161438,"[1361.7698974609375, 153.2122039794922, 1919.8458251953125, 924.9683227539062]",voie1,0.0323
881,3,0.8208155035972595,"[688.11279296875, 148.6688995361328, 1920.0, 915.9959716796875]",voie1,0.1707
881,5,0.6843066811561584,"[1369.67138671875, 150.7164306640625, 1919.908203125, 925.0380859375]",voie1,0.0284
882,3,0.8180027008056641,"[718.0679321289062, 141.30357360839844, 1920.0, 921.0590209960938]",voie1,0.1692
882,5,0.7319777607917786,"[1398.6529541015625, 144.7096405029297, 1920.0, 927.9879760742188]",voie1,0.0145
883,3,0.8481475710868835,"[764.1747436523438, 132.50335693359375, 1920.0, 923.2764282226562]",voie1,0.1634
883,5,0.7488186359405518,"[1386.7000732421875, 138.1896514892578, 1920.0, 929.1465454101562]",voie1,0.02
884,3,0.8685081005096436,"[779.0967407226562, 126.54492950439453, 1920.0, 922.3052978515625]",voie1,0.158
884,5,0.7770200371742249,"[1225.6055908203125, 127.50728607177734, 1920.0, 928.79833984375]",voie1,0.0807
885,3,0.8683844804763794,"[784.2977905273438, 123.88749694824219, 1920.0, 921.8076171875]",voie1,0.1567
885,5,0.7796490788459778,"[1169.6510009765625, 123.46769714355469, 1919.973388671875, 928.5828247070312]",voie1,0.0956
886,3,0.8771723508834839,"[786.9974975585938, 119.60111999511719, 1920.0, 922.39599609375]",voie1,0.1555
887,3,0.8773154616355896,"[786.89892578125, 115.1627426147461, 1920.0, 920.7853393554688]",voie1,0.1537
888,3,0.8807740211486816,"[787.6212768554688, 115.69256591796875, 1920.0, 920.1513061523438]",voie1,0.152
889,3,0.8318324685096741,"[788.1336669921875, 113.52936553955078, 1920.0, 921.8790893554688]",voie1,0.1516
889,5,0.43863892555236816,"[1148.2247314453125, 84.66606903076172, 1915.8702392578125, 918.0275268554688]",voie1,0.0903
890,3,0.8291420936584473,"[786.339111328125, 113.22268676757812, 1920.0, 922.1452026367188]",voie1,0.1519
890,5,0.43180063366889954,"[1154.70556640625, 80.8309326171875, 1915.8719482421875, 916.5573120117188]",voie1,0.0881
891,3,0.8419519662857056,"[789.8587646484375, 115.22673797607422, 1920.0, 922.7592163085938]",voie1,0.1526
892,3,0.834933876991272,"[784.7996826171875, 115.54013061523438, 1920.0, 923.4852294921875]",voie1,0.1529
893,3,0.8790979981422424,"[793.7081298828125, 123.31434631347656, 1920.0, 920.4061279296875]",voie1,0.1538
894,3,0.8793978691101074,"[797.1396484375, 126.83130645751953, 1920.0, 919.8447875976562]",voie1,0.1539
895,3,0.7903800010681152,"[741.5543212890625, 129.39491271972656, 1917.3284912109375, 912.1982421875]",voie1,0.1559
896,3,0.8689666986465454,"[777.188232421875, 138.5480194091797, 1919.1822509765625, 918.7503662109375]",voie1,0.1588
897,3,0.8191999197006226,"[787.4786987304688, 139.13418579101562, 1920.0, 922.1885375976562]",voie1,0.1593
898,3,0.8182759284973145,"[789.5420532226562, 139.2310333251953, 1920.0, 923.3969116210938]",voie1,0.1596
898,6,0.6035297513008118,"[835.7669067382812, 191.90121459960938, 1415.87939453125, 848.2522583007812]",voie1,0.2254
899,3,0.8635421991348267,"[799.781005859375, 147.73643493652344, 1915.275146484375, 920.5931396484375]",voie1,0.1606
899,6,0.4107283055782318,"[835.7044677734375, 190.3838348388672, 1418.470703125, 849.885986328125]",voie1,0.2267
900,3,0.8358169794082642,"[807.914794921875, 133.79684448242188, 1918.13671875, 920.6622924804688]",voie1,0.1556
900,6,0.712062656879425,"[840.268310546875, 189.34707641601562, 1419.40478515625, 849.2969970703125]",voie1,0.2259
901,3,0.8575572371482849,"[829.46337890625, 126.89170837402344, 1918.48095703125, 919.3671264648438]",voie1,0.151
901,6,0.500781238079071,"[847.652099609375, 191.54937744140625, 1415.9896240234375, 849.0436401367188]",voie1,0.2254
902,3,0.8631579279899597,"[844.6883544921875, 121.39616394042969, 1918.9869384765625, 917.3343505859375]",voie1,0.1477
902,6,0.5480986833572388,"[852.093017578125, 191.8592529296875, 1415.5889892578125, 849.7244873046875]",voie1,0.2265
902,5,0.6872906684875488,"[1385.947021484375, 95.06362915039062, 1917.8447265625, 924.17578125]",voie1,0.0212
903,3,0.8637197613716125,"[849.8126831054688, 119.2458267211914, 1918.903076171875, 916.4033203125]",voie1,0.1463
903,6,0.5636497139930725,"[853.2186279296875, 191.90945434570312, 1415.244140625, 849.8086547851562]",voie1,0.2267
903,5,0.6935893297195435,"[1396.0899658203125, 96.4856185913086, 1919.1490478515625, 925.0403442382812]",voie1,0.0164
904,3,0.8546373844146729,"[857.6119384765625, 118.30880737304688, 1919.4136962890625, 914.5924072265625]",voie1,0.1443
904,6,0.6695771217346191,"[859.673095703125, 196.4641876220703, 1414.144287109375, 850.0296020507812]",voie1,0.2294
904,5,0.6191393136978149,"[1406.8834228515625, 90.77338409423828, 1919.368896484375, 925.3176879882812]",voie1,0.0102
905,3,0.8812244534492493,"[876.5448608398438, 108.23715209960938, 1919.869140625, 922.6842651367188]",voie1,0.144
905,6,0.5213006138801575,"[857.8441772460938, 204.37232971191406, 1415.522216796875, 849.6636352539062]",voie1,0.2313
905,5,0.8427312970161438,"[1325.4747314453125, 88.0734634399414, 1919.4940185546875, 924.3598022460938]",voie1,0.0458
906,3,0.8893417119979858,"[873.331298828125, 120.28284454345703, 1919.193359375, 923.5450439453125]",voie1,0.146
907,3,0.8892854452133179,"[871.68408203125, 124.77388000488281, 1918.8192138671875, 923.6760864257812]",voie1,0.1473
908,3,0.8806410431861877,"[868.3883666992188, 137.62112426757812, 1918.761474609375, 914.1271362304688]",voie1,0.1448
908,6,0.44001486897468567,"[862.3579711914062, 208.158447265625, 1418.9844970703125, 851.9168090820312]",voie1,0.2347
909,3,0.9052481651306152,"[878.2592163085938, 137.37393188476562, 1919.83837890625, 920.7330322265625]",voie1,0.1473
910,3,0.9118754863739014,"[887.7312622070312, 143.09649658203125, 1920.0, 922.70166015625]",voie1,0.1478
911,3,0.912052571773529,"[890.7345581054688, 145.1396942138672, 1920.0, 923.2803344726562]",voie1,0.1481
912,3,0.9105449318885803,"[902.3536987304688, 126.48388671875, 1920.0, 926.398681640625]",voie1,0.1429
912,5,0.8913835287094116,"[1313.1051025390625, 101.18975067138672, 1919.2559814453125, 924.4839477539062]",voie1,0.0493
913,3,0.8992711305618286,"[909.2534790039062, 118.86515808105469, 1920.0, 926.607421875]",voie1,0.1403
913,5,0.8743144273757935,"[1356.60107421875, 101.06683349609375, 1919.6563720703125, 923.9302368164062]",voie1,0.032
914,3,0.903102457523346,"[902.2816162109375, 112.78302001953125, 1919.892578125, 925.850830078125]",voie1,0.14
915,3,0.9014807343482971,"[902.5048828125, 111.92918395996094, 1919.895751953125, 920.1224365234375]",voie1,0.1348
916,3,0.9011566042900085,"[902.1514892578125, 111.318115234375, 1919.8763427734375, 917.7554321289062]",voie1,0.1337
917,3,0.902525007724762,"[903.4389038085938, 113.83353424072266, 1919.9290771484375, 920.2156982421875]",voie1,0.1349
918,3,0.9030619263648987,"[904.6258544921875, 135.78211975097656, 1919.7589111328125, 918.4628295898438]",voie1,0.1367
919,3,0.8958447575569153,"[910.3848876953125, 127.51643371582031, 1919.884033203125, 915.4022216796875]",voie1,0.1322
920,3,0.8956469893455505,"[912.1254272460938, 124.1442642211914, 1919.913818359375, 914.0880737304688]",voie1,0.1308
921,3,0.8949799537658691,"[916.154296875, 120.9922866821289, 1919.6473388671875, 910.2426147460938]",voie1,0.127
921,5,0.6880444884300232,"[1358.0810546875, 90.77378845214844, 1920.0, 913.2496337890625]",voie1,0.0241
922,3,0.8964405059814453,"[927.272705078125, 124.10704040527344, 1919.665283203125, 909.9415893554688]",voie1,0.126
923,3,0.8964446187019348,"[931.2176513671875, 125.33512115478516, 1919.66064453125, 909.0735473632812]",voie1,0.1253
924,3,0.8650082945823669,"[926.65576171875, 129.765380859375, 1919.125, 906.8785400390625]",voie1,0.1243
925,3,0.9023310542106628,"[932.0634155273438, 125.61715698242188, 1919.6444091796875, 906.5252685546875]",voie1,0.1223
926,3,0.8999890685081482,"[936.8179321289062, 124.71268463134766, 1917.5750732421875, 904.3275146484375]",voie1,0.12
927,3,0.8998367190361023,"[938.6656494140625, 124.67314910888672, 1916.582763671875, 903.6146850585938]",voie1,0.1196
928,3,0.9018274545669556,"[941.7623901367188, 131.5137481689453, 1918.5592041015625, 904.2466430664062]",voie1,0.1187
929,3,0.901750385761261,"[942.4471435546875, 133.30931091308594, 1919.43310546875, 903.7737426757812]",voie1,0.1186
930,3,0.8854539394378662,"[954.4375, 130.34579467773438, 1919.9644775390625, 904.0048217773438]",voie1,0.1155
931,3,0.8843440413475037,"[958.6859741210938, 128.9586944580078, 1919.9967041015625, 903.9601440429688]",voie1,0.1146
932,3,0.9037623405456543,"[958.431396484375, 126.02847290039062, 1920.0, 909.3447875976562]",voie1,0.1152
933,3,0.9037940502166748,"[958.1618041992188, 124.45258331298828, 1920.0, 911.7014770507812]",voie1,0.1159
934,3,0.8922348022460938,"[978.7763671875, 124.54439544677734, 1920.0, 913.2869262695312]",voie1,0.1137
934,5,0.8507810831069946,"[1261.282470703125, 100.97018432617188, 1918.8868408203125, 916.7052612304688]",voie1,0.0535
935,3,0.891928493976593,"[986.27734375, 124.37358093261719, 1920.0, 913.593505859375]",voie1,0.1127
935,5,0.8507874608039856,"[1258.75732421875, 101.41091918945312, 1918.7242431640625, 916.7481689453125]",voie1,0.0542
936,3,0.8944394588470459,"[998.3939819335938, 123.8572769165039, 1919.9705810546875, 917.847900390625]",voie1,0.1107
936,5,0.843749463558197,"[1342.297119140625, 98.09822845458984, 1918.5936279296875, 919.928466796875]",voie1,0.0245
937,3,0.8942140936851501,"[1002.7313232421875, 122.85372924804688, 1919.9642333984375, 918.8035278320312]",voie1,0.1103
937,5,0.8420342803001404,"[1376.7325439453125, 96.15008544921875, 1918.540771484375, 920.4948120117188]",voie1,0.0103
938,3,0.8962749242782593,"[1013.849609375, 125.27488708496094, 1920.0, 920.9895629882812]",voie1,0.1093
938,5,0.8073541522026062,"[1392.8055419921875, 103.43441772460938, 1919.457275390625, 921.9801025390625]",voie1,0.0029
939,3,0.9102135300636292,"[1022.639892578125, 122.24955749511719, 1920.0, 922.8495483398438]",voie1,0.1095
939,5,0.8703376650810242,"[1343.3973388671875, 103.23970794677734, 1920.0, 922.0819702148438]",voie1,0.0255
940,3,0.8432183861732483,"[1029.452880859375, 128.6947784423828, 1920.0, 927.6994018554688]",voie1,0.1085
940,5,0.6971293687820435,"[1380.9383544921875, 106.57532501220703, 1920.0, 923.4157104492188]",voie1,0.0087
941,3,0.8440125584602356,"[1031.61376953125, 130.6223907470703, 1919.954345703125, 929.404296875]",voie1,0.109
941,5,0.7041168212890625,"[1396.332763671875, 107.24463653564453, 1919.963623046875, 923.81298828125]",voie1,0.0015
942,3,0.9104674458503723,"[1048.8724365234375, 127.84044647216797, 1920.0, 928.1807861328125]",voie1,0.1061
942,5,0.8332172632217407,"[1402.8868408203125, 110.80235290527344, 1920.0, 925.2622680664062]",,0.0
943,3,0.902474582195282,"[1058.7862548828125, 123.56695556640625, 1919.782958984375, 929.3699340820312]",voie1,0.1009
943,5,0.777337372303009,"[1387.44970703125, 98.79603576660156, 1919.814208984375, 926.090087890625]",voie1,0.0043
944,3,0.8882853388786316,"[1066.3116455078125, 125.39984893798828, 1919.83447265625, 930.7886962890625]",voie1,0.098
944,5,0.8386208415031433,"[1367.59912109375, 98.36235046386719, 1919.1444091796875, 927.5054931640625]",voie1,0.0108
945,3,0.8867234587669373,"[1069.059814453125, 125.7774887084961, 1919.88525390625, 931.0518188476562]",voie1,0.0979
945,5,0.8386088609695435,"[1360.872802734375, 97.84083557128906, 1918.9090576171875, 927.8084106445312]",voie1,0.0137
946,3,0.871526300907135,"[1070.7880859375, 132.109375, 1919.7684326171875, 932.6069946289062]",voie1,0.0983
946,5,0.831489622592926,"[1348.5601806640625, 102.92008972167969, 1918.97607421875, 929.0593872070312]",voie1,0.0185
947,3,0.8687934875488281,"[1071.946533203125, 136.1942138671875, 1919.396484375, 938.305908203125]",voie1,0.0937
947,5,0.7990057468414307,"[1347.328125, 119.67200469970703, 1919.088623046875, 932.6937255859375]",voie1,0.0102
948,3,0.8986122012138367,"[1085.6148681640625, 144.79931640625, 1919.1981201171875, 942.9739990234375]",voie1,0.0873
948,5,0.8922832012176514,"[1341.7913818359375, 136.3739776611328, 1919.0765380859375, 937.4475708007812]",voie1,0.0034
949,3,0.8987421989440918,"[1090.65966796875, 147.9620361328125, 1919.793701171875, 943.62548828125]",voie1,0.0867
949,5,0.8927363753318787,"[1340.2578125, 142.2271728515625, 1919.7442626953125, 938.1248779296875]",voie1,0.0041
950,3,0.8980040550231934,"[1096.2479248046875, 148.26220703125, 1919.5789794921875, 946.1103515625]",voie1,0.0804
950,5,0.8965187072753906,"[1342.1427001953125, 145.19406127929688, 1919.5552978515625, 938.8096923828125]",,0.0
951,3,0.8692818284034729,"[1104.822265625, 148.32293701171875, 1919.3980712890625, 952.2685546875]",voie1,0.0772
951,5,0.9065821170806885,"[1341.30322265625, 147.9649658203125, 1919.3817138671875, 941.4127807617188]",,0.0
952,5,0.9147558808326721,"[1340.6280517578125, 151.63470458984375, 1919.307373046875, 944.99853515625]",,0.0
953,5,0.9146862030029297,"[1340.809814453125, 151.99024963378906, 1919.979736328125, 945.1077270507812]",,0.0
954,5,0.9105263948440552,"[1313.77783203125, 156.05780029296875, 1919.057373046875, 947.831298828125]",voie1,0.0014
955,5,0.9111130833625793,"[1252.6929931640625, 157.3609161376953, 1918.07470703125, 949.2013549804688]",voie1,0.022
956,3,0.9057945013046265,"[1149.305419921875, 161.5621795654297, 1918.4400634765625, 950.3232421875]",voie1,0.0513
957,3,0.9058594107627869,"[1153.45166015625, 161.8470916748047, 1918.854248046875, 949.1689453125]",voie1,0.05
958,3,0.9052908420562744,"[1246.8553466796875, 157.9732666015625, 1917.2469482421875, 952.4994506835938]",voie1,0.0154
959,3,0.8536630868911743,"[1260.5162353515625, 147.67161560058594, 1915.695556640625, 952.8270874023438]",voie1,0.0048
